no,shop,name,rating,date,review_text,cleaned_review
1,Kao Beauty & Personal Care,จ***.,5,2024-08-25,ร้านค้าจัดส่งสินค้าได้รวดเร็วมาก การแพ็คสินค้าก็เรียบร้อยดีมีการใส่บับเบิ้ลแล้วใส่กล่องมาอีกชั้นนึง,ร้านค้าจัดส่งสินค้าได้รวดเร็วมากการแพ็คสินค้าก็เรียบร้อยดีมีการใส่แล้วใส่กล่องมาอีกชั้นนึง
2,Kao Beauty & Personal Care,P***i,5,2024-06-23,สะใจมากกันแดดขวดนี้ปริมาณ   กดมาได้ในราคา  บาท ราคาเต็ม  บาท เบาสบายและไม่มัน เหมาะสำหรับใช้ในชีวิตประจำวัน,สะใจมากกันแดดขวดนี้ปริมาณกดมาได้ในราคาบาทราคาเต็มบาทเบาสบายและไม่มันเหมาะสำหรับใช้ในชีวิตประจำวัน
3,Kao Beauty & Personal Care,นิตยา เ.,5,2024-08-15,สูตรที่ยาวนาน อ่อนโยนต่อผิวแพ้ง่าย รู้สึกสดชื่นบนผิว ทิ้งความเปล่งปลั่งตามธรรมชาติและสุขภาพดี ดีมากส่งไวใช้ประจำมีส่วนลดให้ด้วยต่ะเีงามมม,สูตรที่ยาวนานอ่อนโยนต่อผิวแพ้ง่ายรู้สึกสดชื่นบนผิวทิ้งความเปล่งปลั่งตามธรรมชาติและสุขภาพดีดีมากส่งไวใช้ประจำมีส่วนลดให้ด้วยงาม
4,Kao Beauty & Personal Care,g***t,5,2024-07-18,สินค้า คุณภาพดีสมราคาดีเลย การจัดส่ง ไม่ช้ามาก การแพ็คสินค้า แพ็คมาดี บริการจากบริษัทขนส่ง พอใช้ได้บริการดี โดยรวมโอเคเลยย,สินค้าคุณภาพดีสมราคาดีเลยการจัดส่งไม่ช้ามากการแพ็คสินค้าแพ็คมาดีบริการจากบริษัทขนส่งพอใช้ได้บริการดีโดยรวมโอเคเลย
5,Kao Beauty & Personal Care,พิณพินัช บ.,5,2024-06-04,อ่อนโยนต่อผิวที่แพ้ง่าย ซึมเข้าสู่ผิวได้อย่างรวดเร็ว สูตรที่อยู่ได้นาน ทำให้ผิวดูสุขภาพดีและเป็นธรรมชาติ,อ่อนโยนต่อผิวที่แพ้ง่ายซึมเข้าสู่ผิวได้อย่างรวดเร็วสูตรที่อยู่ได้นานทำให้ผิวดูสุขภาพดีและเป็นธรรมชาติ
6,Kao Beauty & Personal Care,9***1,5,2024-04-03,คุณภาพของสินค้าดีมาก ความคุ้มค่าดีมาก ความรวดเร็วในการจัดส่งดีมาก การให้บริการจากร้านค้าดีมาก การให้บริการจากบริษัทขนส่งดีมาก แพคสินค้าดี,คุณภาพของสินค้าดีมากความคุ้มค่าดีมากความรวดเร็วในการจัดส่งดีมากการให้บริการจากร้านค้าดีมากการให้บริการจากบริษัทขนส่งดีมากแพสินค้าดี
7,Kao Beauty & Personal Care,Kaew,5,2024-06-11,ส่งไว แพคมาอย่างดี ไม่มีเสียหาย ลองใช้ดูแล้วซึมเร็ว ไม่เหนียวเหมาะสำหรับใช้ในชีวิตประจำวัน,ส่งไวแพมาอย่างดีไม่มีเสียหายลองใช้ดูแล้วซึมเร็วไม่เหนียวเหมาะสำหรับใช้ในชีวิตประจำวัน
8,Kao Beauty & Personal Care,L***.,5,2024-05-08,ทำให้ผิวชุ่มชื้น สูตรที่อยู่ได้นาน ปกป้องผิวจากมลภาวะ ซึมเข้าสู่ผิวได้อย่างรวดเร็ว,ทำให้ผิวชุ่มชื้นสูตรที่อยู่ได้นานปกป้องผิวจากมลภาวะซึมเข้าสู่ผิวได้อย่างรวดเร็ว
9,Kao Beauty & Personal Care,S***.,5,2024-07-03,ใช้ประจำป้องกันแดดได้ดร เนื้อสัมผัสดีมากๆ ราคาไม่แพงได้ส่วนลดเยอะ แพ็คสินค้ามาอย่างดี,ใช้ประจำป้องกันแดดได้ดรเนื้อสัมผัสดีมากราคาไม่แพงได้ส่วนลดเยอะแพ็คสินค้ามาอย่างดี
10,Kao Beauty & Personal Care,P***.,5,2024-05-10,ทำให้ผิวดูสุขภาพดีและเป็นธรรมชาติ ปกป้องผิวจากมลภาวะ ทำให้ผิวเรียบเนียนและไม่มัน,ทำให้ผิวดูสุขภาพดีและเป็นธรรมชาติปกป้องผิวจากมลภาวะทำให้ผิวเรียบเนียนและไม่มัน
11,Kao Beauty & Personal Care,ว***.,5,2024-03-24,เหมาะสำหรับใช้ในชีวิตประจำวัน ไม่ทำให้เกิดสิว ซึมเข้าสู่ผิวได้อย่างรวดเร็ว ปกป้องผิวจากมลภาวะ เบาสบายและไม่มัน ไม่ทำให้ผิวขาวและหมองคล้ำ ทำให้ผิวชุ่มชื้น,เหมาะสำหรับใช้ในชีวิตประจำวันไม่ทำให้เกิดสิวซึมเข้าสู่ผิวได้อย่างรวดเร็วปกป้องผิวจากมลภาวะเบาสบายและไม่มันไม่ทำให้ผิวขาวและหมองคล้ำทำให้ผิวชุ่มชื้น
12,Kao Beauty & Personal Care,D***.,5,2022-02-24,ของแท้นะครับ เช็คเทียบกับที่ซื้อในวัตสันแล้ว หาหลายที่มากของถูกหลักสิบปลอมทั้งนั้น สั่งอะไรต้องมีสตินะครับ ส่งเร็วดีแต่สถานะการส่งไม่อัพเดท,ของแท้นะครับเช็คเทียบกับที่ซื้อในวัตสันแล้วหาหลายที่มากของถูกหลักสิบปลอมทั้งนั้นสั่งอะไรต้องมีสตินะครับส่งเร็วดีแต่สถานะการส่งไม่อัพเดท
13,Kao Beauty & Personal Care,P***a,5,2022-02-17,ใช้งานดีมากค่ะ กันแดดเนื้อเจล ปาดปุ๊ปซึมปั๊ปปปปปปป,ใช้งานดีมากค่ะกันแดดเนื้อเจลปาดปุ๊ซึมปั๊ป
14,Kao Beauty & Personal Care,ศิโรรัตน์,5,2024-03-04,ป้องกันแดดสูง ไม่ทำให้ผิวขาวและหมองคล้ำ ซึมเข้าสู่ผิวได้อย่างรวดเร็ว ใช้ง่ายและผสมเข้ากับผิวได้ดี ไม่อุดตันรูขุมขน อ่อนโยนต่อผิวที่แพ้ง่าย รู้สึกสดชื่นกับผิว ป้องกันแดดสูง,ป้องกันแดดสูงไม่ทำให้ผิวขาวและหมองคล้ำซึมเข้าสู่ผิวได้อย่างรวดเร็วใช้ง่ายและผสมเข้ากับผิวได้ดีไม่อุดตันรูขุมขนอ่อนโยนต่อผิวที่แพ้ง่ายรู้สึกสดชื่นกับผิวป้องกันแดดสูง
15,Kao Beauty & Personal Care,P***A,5,2024-09-01,รู้สึกสดชื่นบนผิว ไม่ทำให้เกิดสิว ทิ้งผิวสัมผัสเรียบและด้าน ซึมเข้าสู่ผิวได้อย่างรวดเร็ว อ่อนโยนต่อผิวแพ้ง่าย,รู้สึกสดชื่นบนผิวไม่ทำให้เกิดสิวทิ้งผิวสัมผัสเรียบและด้านซึมเข้าสู่ผิวได้อย่างรวดเร็วอ่อนโยนต่อผิวแพ้ง่าย
16,Kao Beauty & Personal Care,วิศรุต เ.,5,2024-08-25,อ่อนโยนต่อผิวแพ้ง่าย ซึมเข้าสู่ผิวอย่างรวดเร็ว รู้สึกสดชื่นบนผิว รู้สึกสดชื่นบนผิว,อ่อนโยนต่อผิวแพ้ง่ายซึมเข้าสู่ผิวอย่างรวดเร็วรู้สึกสดชื่นบนผิวรู้สึกสดชื่นบนผิว
17,Kao Beauty & Personal Care,N***.,5,2024-08-11,จัดส่งรวดเร็ว แพ็คสินค้าดี ไม่มีตำหนิ พนักงานขนส่งบริการดี ซื้อมาตอนโปร  ราคาไม่แรงมาก,จัดส่งรวดเร็วแพ็คสินค้าดีไม่มีตำหนิพนักงานขนส่งบริการดีซื้อมาตอนโปรราคาไม่แรงมาก
18,Kao Beauty & Personal Care,T***N,5,2023-11-20,ได้รับสินค้าถูกต้อง ตรงตามที่สั่ง ส่งสินค้าให้รวดเร็วทันใจมากริไม่นานสินค้าดีมีคุณภาพซื้อซ้ำหลายครั้งแล้ว ราคาถูก,ได้รับสินค้าถูกต้องตรงตามที่สั่งส่งสินค้าให้รวดเร็วทันใจมากริไม่นานสินค้าดีมีคุณภาพซื้อซ้ำหลายครั้งแล้วราคาถูก
19,Kao Beauty & Personal Care,วาสนา ว.,5,2024-07-15,สั่งรอบสองแล้ว ใช้ดี เนื้อเจล ทาแล้วแห้งไวไม่ทำให้เหนียว หน้าไม่มัน ไม่ทำให้สิวขึ้น ช่วยกันแดดในสภาพปกติได้ดี แต่ถ้าออกไปเจอแดดจัด ต้องทาซ้ำบ่อยนิดนึง,สั่งรอบสองแล้วใช้ดีเนื้อเจลทาแล้วแห้งไวไม่ทำให้เหนียวหน้าไม่มันไม่ทำให้สิวขึ้นช่วยกันแดดในสภาพปกติได้ดีแต่ถ้าออกไปเจอแดดจัดต้องทาซ้ำบ่อยนิดนึง
20,Kao Beauty & Personal Care,Isa S.,5,2024-07-14,สินค้าดี มีคุณภาพ จัดส่งสินค้าได้รวดเร็วมากกกกก แพ็คสินค้ามาดีมาก ให้เต็ม  เลยค่ะ คงต้องใช้บริการร้านนี้ประจำแล้ว สุดยอดดูดดดดดดดดด,สินค้าดีมีคุณภาพจัดส่งสินค้าได้รวดเร็วมากแพ็คสินค้ามาดีมากให้เต็มเลยค่ะคงต้องใช้บริการร้านนี้ประจำแล้วสุดยอดดูด
21,Kao Beauty & Personal Care,~***9,5,2024-03-07,ดี  แพคมาดี ส่งมากล่องเรียบร้อยไม่บุบ ลองใช้ดูน่าตะดีเหมือนสูตรเอสเซ้น ราคาตอนโปรถูก จัดส่งไง,ดีแพมาดีส่งมากล่องเรียบร้อยไม่บุบลองใช้ดูน่าตะดีเหมือนสูตรเอสราคาตอนโปรถูกจัดส่งไง
22,Kao Beauty & Personal Care,น***.,5,2024-07-07,สูตรที่อยู่ได้นาน เบาสบายและไม่มัน ซึมเข้าสู่ผิวได้อย่างรวดเร็ว ไม่ทำให้ผิวขาวและหมองคล้ำ ทำให้ผิวดูสุขภาพดีและเป็นธรรมชาติ ทำให้ผิวดูสุขภาพดีและเป็นธรรมชาติ ไม่ทำให้ผิวขาวและหมองคล้ำ ไม่ทำให้ผิวขาวและหมองคล้ำ ไม่ทำให้ผิวขาวและหมองคล้ำ,สูตรที่อยู่ได้นานเบาสบายและไม่มันซึมเข้าสู่ผิวได้อย่างรวดเร็วไม่ทำให้ผิวขาวและหมองคล้ำทำให้ผิวดูสุขภาพดีและเป็นธรรมชาติทำให้ผิวดูสุขภาพดีและเป็นธรรมชาติไม่ทำให้ผิวขาวและหมองคล้ำไม่ทำให้ผิวขาวและหมองคล้ำไม่ทำให้ผิวขาวและหมองคล้ำ
23,Kao Beauty & Personal Care,น***ิ,5,2024-06-30,ร้านแพ็กของมาดีมาก เราใช้ยี่ห้อนี้ สูตรนี้หมดไปหลายขวดแล้ว ชอบมาก ผิวเข้มก็ใช้รอดนะ ทาแล้วรอมันเซตตัวนาที แล้วค่อยลงรองพื้น มันจะไม่เป็นคราบเลย,ร้านของมาดีมากเราใช้ยี่ห้อนี้สูตรนี้หมดไปหลายขวดแล้วชอบมากผิวเข้มก็ใช้รอดนะทาแล้วรอมันเซตตัวนาทีแล้วค่อยลงรองพื้นมันจะไม่เป็นคราบเลย
24,Kao Beauty & Personal Care,ศ***.,5,2024-07-07,ทำให้ผิวดูสุขภาพดีและเป็นธรรมชาติ ไม่ทำให้ผิวขาวและหมองคล้ำ เหมาะสำหรับใช้ในชีวิตประจำวัน,ทำให้ผิวดูสุขภาพดีและเป็นธรรมชาติไม่ทำให้ผิวขาวและหมองคล้ำเหมาะสำหรับใช้ในชีวิตประจำวัน
25,Kao Beauty & Personal Care,Jenkij,5,2024-06-24,ทำให้ผิวดูสุขภาพดีและเป็นธรรมชาติ ทำให้ผิวชุ่มชื้น เบาสบายและไม่มัน ไม่ทำให้เกิดสิว เหมาะสำหรับใช้ในชีวิตประจำวัน สูตรที่อยู่ได้นาน รู้สึกสดชื่นกับผิว ไม่อุดตันรูขุมขน,ทำให้ผิวดูสุขภาพดีและเป็นธรรมชาติทำให้ผิวชุ่มชื้นเบาสบายและไม่มันไม่ทำให้เกิดสิวเหมาะสำหรับใช้ในชีวิตประจำวันสูตรที่อยู่ได้นานรู้สึกสดชื่นกับผิวไม่อุดตันรูขุมขน
26,Kao Beauty & Personal Care,9***2,5,2024-01-31,ป้องกันแดดสูง ทำให้ผิวเรียบเนียนและไม่มัน เหมาะสำหรับใช้ในชีวิตประจำวัน ใช้ง่ายและผสมเข้ากับผิวได้ดี,ป้องกันแดดสูงทำให้ผิวเรียบเนียนและไม่มันเหมาะสำหรับใช้ในชีวิตประจำวันใช้ง่ายและผสมเข้ากับผิวได้ดี
27,Kao Beauty & Personal Care,*******111,5,2024-06-23,ส่งเร็ว ยังไม่ได้ลองใช้ ราคาดี,ส่งเร็วยังไม่ได้ลองใช้ราคาดี
28,Kao Beauty & Personal Care,I***Y,5,2024-06-09,สูตรที่อยู่ได้นาน ทำให้ผิวชุ่มชื้น เหมาะสำหรับใช้ในชีวิตประจำวัน ทำให้ผิวดูสุขภาพดีและเป็นธรรมชาติ,สูตรที่อยู่ได้นานทำให้ผิวชุ่มชื้นเหมาะสำหรับใช้ในชีวิตประจำวันทำให้ผิวดูสุขภาพดีและเป็นธรรมชาติ
29,Kao Beauty & Personal Care,w***n,5,2023-09-17,ทางร้านจัดส่งสินค้าเร็ว ได้รับสินค้าตรงตามที่สั่ง ซื้อวันแคมเปญได้ส่วนลดเยอะมาก เพิ่งผลิต เก็บได้นานๆเลยค่ะ,ทางร้านจัดส่งสินค้าเร็วได้รับสินค้าตรงตามที่สั่งซื้อวันแคมเปญได้ส่วนลดเยอะมากเพิ่งผลิตเก็บได้นานๆเลยค่ะ
30,Kao Beauty & Personal Care,Phongsakorn Y.,5,2024-06-30,ดีมากๆๆๆๆๆๆๆๆๆๆๆๆๆๆๆๆๆๆๆๆๆๆๆๆๆๆๆๆๆๆๆๆๆๆๆๆๆๆๆๆๆๆๆๆๆๆๆๆๆๆๆๆๆๆๆๆๆๆๆๆๆๆๆๆๆๆๆๆๆๆๆๆๆๆๆๆ,ดีมาก
31,Kao Beauty & Personal Care,ป***ช,5,2024-06-03,สูตรที่อยู่ได้นาน ปกป้องผิวจากมลภาวะ อ่อนโยนต่อผิวที่แพ้ง่าย ไม่อุดตันรูขุมขน ทำให้ผิวเรียบเนียนและไม่มัน,สูตรที่อยู่ได้นานปกป้องผิวจากมลภาวะอ่อนโยนต่อผิวที่แพ้ง่ายไม่อุดตันรูขุมขนทำให้ผิวเรียบเนียนและไม่มัน
32,Kao Beauty & Personal Care,�***.,5,2023-09-24,สินค้าดีตรงปกน่าใช้,สินค้าดีตรงปกน่าใช้
33,Kao Beauty & Personal Care,A***n,5,2024-01-13,คุณภาพดี  เนื้อสัมผัสบางเบา  ประสิทธิภาพดี เป็นกันแดดที่ราคาดีคุ้มค่ามากๆ ซื้อหลายครั้งแล้ว ใช้ดีซึมไวไม่หนักหน้า ไม่ทำให้หน้าเยิ้ม,คุณภาพดีเนื้อสัมผัสบางเบาประสิทธิภาพดีเป็นกันแดดที่ราคาดีคุ้มค่ามากซื้อหลายครั้งแล้วใช้ดีซึมไวไม่หนักหน้าไม่ทำให้หน้าเยิ้ม
34,Kao Beauty & Personal Care,แคคนธรรมดา ท.,5,2024-01-10,ซื้อแบบซองมาลองใช้ดีไม่ได้แพ้ก็เลยซื้อเป็นขวดใหญ่ใช้ได้นานเนื้อรู้สึกชอบแบบขวดมากกว่าเพราะมันเขย่าได้ แต่สภาพกล่องถูกเจาะรู้เพื่อดูของข้างในว่าเป็นอะไร,ซื้อแบบซองมาลองใช้ดีไม่ได้แพ้ก็เลยซื้อเป็นขวดใหญ่ใช้ได้นานเนื้อรู้สึกชอบแบบขวดมากกว่าเพราะมันเขย่าได้แต่สภาพกล่องถูกเจาะรู้เพื่อดูของข้างในว่าเป็นอะไร
35,Kao Beauty & Personal Care,Juthamanee I.,5,2022-11-27,ปกติใช้อะควาริชของบิโอเรอยู่แล้ว ถูกและดี ไม่หนักหน้าค่ะ ได้ตอนลดราคาด้วยคุ้มค่ามาก ขอบคุณสำหรับของแถมด้วยนะคะ หมดแล้วสั่งใหม่แน่นอน,ปกติใช้อะวาริชของบิโอเรอยู่แล้วถูกและดีไม่หนักหน้าค่ะได้ตอนลดราคาด้วยคุ้มค่ามากขอบคุณสำหรับของแถมด้วยนะคะหมดแล้วสั่งใหม่แน่นอน
36,Kao Beauty & Personal Care,S***.,5,2021-11-13,ั  ชอบมาก ถูกมาก ดีมาก คุ้มค่า คุ้มราคาสุดๆ,ชอบมากถูกมากดีมากคุ้มค่าคุ้มราคาสุด
37,Kao Beauty & Personal Care,u***.,5,2021-10-27,ได้รับสินค้าเรียบร้อยแล้วค่ะ แพ็คสินค้าดี จัดส่งไว ราคาไม่แพงมาก,ได้รับสินค้าเรียบร้อยแล้วค่ะแพ็คสินค้าดีจัดส่งไวราคาไม่แพงมาก
38,Kao Beauty & Personal Care,J***.,5,20240922,ร้านส่งไวมากกกกก   ให้การปกป้องจากแสงแดดสูง ทำให้ผิวรู้สึกชุ่มชื้น รู้สึกสดชื่นบนผิว อ่อนโยนต่อผิวแพ้ง่าย,ร้านส่งไวมากให้การปกป้องจากแสงแดดสูงทำให้ผิวรู้สึกชุ่มชื้นรู้สึกสดชื่นบนผิวอ่อนโยนต่อผิวแพ้ง่าย
39,Kao Beauty & Personal Care,แสนดี,5,2024-09-19,กันน้ำ  ดี  ความเข้ากันได้ของผิว  ดี  ระดับ   ดีง่ายต่อการทาและผสม ให้การปกป้องจากแสงแดดสูง ไม่ทิ้งคราบขาว สูตรที่ยาวนาน น้ำหนักเบาและไม่มันเยิ้ม,กันน้ำดีความเข้ากันได้ของผิวดีระดับดีง่ายต่อการทาและผสมให้การปกป้องจากแสงแดดสูงไม่ทิ้งคราบขาวสูตรที่ยาวนานน้ำหนักเบาและไม่มันเยิ้ม
40,Kao Beauty & Personal Care,วีรนุช ร.,5,2024-09-18,รู้สึกสดชื่นบนผิว ง่ายต่อการทาและผสม ทำให้ผิวรู้สึกชุ่มชื้น ทิ้งผิวสัมผัสเรียบและด้าน ไม่ทิ้งคราบขาว สูตรที่ยาวนาน,รู้สึกสดชื่นบนผิวง่ายต่อการทาและผสมทำให้ผิวรู้สึกชุ่มชื้นทิ้งผิวสัมผัสเรียบและด้านไม่ทิ้งคราบขาวสูตรที่ยาวนาน
41,Kao Beauty & Personal Care,nuroma,5,2024-09-15,เลิศ มากกว่านี้อีกแล้วครับขอบคุณครับผมไม่ได้มีการจัดการเรียนรู้ที่จะทำให้เกิดความรู้สึกแล้วพักไว้ให้ดีที่สุดในโลกนี้มีแต่คนที่มีความสุขมากที่สุดในโลกนี้มีแต่คนที่,เลิศมากกว่านี้อีกแล้วครับขอบคุณครับผมไม่ได้มีการจัดการเรียนรู้ที่จะทำให้เกิดความรู้สึกแล้วพักไว้ให้ดีที่สุดในโลกนี้มีแต่คนที่มีความสุขมากที่สุดในโลกนี้มีแต่คนที่
42,Kao Beauty & Personal Care,N***n,5,2024-09-15,กันน้ำ  ง่ายต่อการทาและผสม ซึมเข้าสู่ผิวอย่างรวดเร็ว เหมาะสำหรับการใช้งานทุกวัน น้ำหนักเบาและไม่มันเยิ้ม,กันน้ำง่ายต่อการทาและผสมซึมเข้าสู่ผิวอย่างรวดเร็วเหมาะสำหรับการใช้งานทุกวันน้ำหนักเบาและไม่มันเยิ้ม
43,Kao Beauty & Personal Care,นภัสรพี,5,2024-09-08,ทำให้ผิวรู้สึกชุ่มชื้น ทิ้งผิวสัมผัสเรียบและด้าน เหมาะสำหรับการใช้งานทุกวัน ทำให้ผิวรู้สึกชุ่มชื้น ทำให้ผิวรู้สึกชุ่มชื้น เหมาะสำหรับการใช้งานทุกวัน ป้องกันมลพิษ,ทำให้ผิวรู้สึกชุ่มชื้นทิ้งผิวสัมผัสเรียบและด้านเหมาะสำหรับการใช้งานทุกวันทำให้ผิวรู้สึกชุ่มชื้นทำให้ผิวรู้สึกชุ่มชื้นเหมาะสำหรับการใช้งานทุกวันป้องกันมลพิษ
44,Kao Beauty & Personal Care,S***.,5,2024-09-08,ง่ายต่อการทาและผสม ซึมเข้าสู่ผิวอย่างรวดเร็ว ให้การปกป้องจากแสงแดดสูง น้ำหนักเบาและไม่มันเยิ้ม ทิ้งความเปล่งปลั่งตามธรรมชาติและสุขภาพดี,ง่ายต่อการทาและผสมซึมเข้าสู่ผิวอย่างรวดเร็วให้การปกป้องจากแสงแดดสูงน้ำหนักเบาและไม่มันเยิ้มทิ้งความเปล่งปลั่งตามธรรมชาติและสุขภาพดี
45,Kao Beauty & Personal Care,ส***.,5,2024-09-08,อ่อนโยนต่อผิวแพ้ง่าย ทำให้ผิวรู้สึกชุ่มชื้น ไม่ทิ้งคราบขาว เหมาะสำหรับการใช้งานทุกวัน ไม่ทำให้เกิดสิว ป้องกันมลพิษ,อ่อนโยนต่อผิวแพ้ง่ายทำให้ผิวรู้สึกชุ่มชื้นไม่ทิ้งคราบขาวเหมาะสำหรับการใช้งานทุกวันไม่ทำให้เกิดสิวป้องกันมลพิษ
46,Kao Beauty & Personal Care,น***ิ,5,2024-09-08,ส่งขิงไว แพ็กของดี ส่วนตัวใช้มาหลายปี หมดไปหลายขวดมากๆ เราว่าคุณภาพโอเค ฟิลเตอร์กันแดดที่ใส่มาโอเคเลย ราคาถูกนะถ้าเทียบกับปริมาณ ส่วนตัวใช้แล้วโอเคกับผลลัพธ์มากค่ะ,ส่งขิงไวของดีส่วนตัวใช้มาหลายปีหมดไปหลายขวดมากเราว่าคุณภาพโอเคฟิลเตอร์กันแดดที่ใส่มาโอเคเลยราคาถูกนะถ้าเทียบกับปริมาณส่วนตัวใช้แล้วโอเคกับผลลัพธ์มากค่ะ
47,Kao Beauty & Personal Care,t***n,5,2024-09-01,ทิ้งความเปล่งปลั่งตามธรรมชาติและสุขภาพดี อ่อนโยนต่อผิวแพ้ง่าย รู้สึกสดชื่นบนผิว ป้องกันมลพิษ ให้การปกป้องจากแสงแดดสูง,ทิ้งความเปล่งปลั่งตามธรรมชาติและสุขภาพดีอ่อนโยนต่อผิวแพ้ง่ายรู้สึกสดชื่นบนผิวป้องกันมลพิษให้การปกป้องจากแสงแดดสูง
48,Kao Beauty & Personal Care,みご,5,2024-09-01,น้ำหนักเบาและไม่มันเยิ้ม เหมาะสำหรับการใช้งานทุกวัน ป้องกันมลพิษ ไม่ทิ้งคราบขาว ให้การปกป้องจากแสงแดดสูง,น้ำหนักเบาและไม่มันเยิ้มเหมาะสำหรับการใช้งานทุกวันป้องกันมลพิษไม่ทิ้งคราบขาวให้การปกป้องจากแสงแดดสูง
49,Kao Beauty & Personal Care,คุณเจี๊ยบ,5,2024-09-01,แพ็คมาดีๆๆๆๆๆๆ ของไม่เสียหาย    ระดับ   ความเข้ากันได้ของผิวซิมไวๆๆๆๆๆๆๆ ใช้มาตลอด  กันน้ำระดับนึงนะคะ,แพ็คมาดีของไม่เสียหายระดับความเข้ากันได้ของผิวซิมไวใช้มาตลอดกันน้ำระดับนึงนะคะ
50,Kao Beauty & Personal Care,M***.,5,2024-09-01,รุ่นยังไม่เคยใช้ เลยสั่งมาลองทั้งแบบ สินค้ามีกลิ่นหอมอ่อนๆ ตัวซ้ายสุดเนื้อบางเบา ตัวกลางเหมือนน้ำนม ตัวขวาเหมือนครีมแต่ไม่ข้นหนักกว่าตัวแรกหน่อย ทั้งแบบ เกลี่ยง่าย ซึมไว ไม่มัน ทดสอบบนหลังมือ,รุ่นยังไม่เคยใช้เลยสั่งมาลองทั้งแบบสินค้ามีกลิ่นหอมอ่อนตัวซ้ายสุดเนื้อบางเบาตัวกลางเหมือนน้ำนมตัวขวาเหมือนครีมแต่ไม่ข้นหนักกว่าตัวแรกหน่อยทั้งแบบเกลี่ยง่ายซึมไวไม่มันทดสอบบนหลังมือ
51,Kao Beauty & Personal Care,Sirikun.B K.,5,2024-09-01,สูตรที่ยาวนาน ไม่ทำให้เกิดสิว ให้การปกป้องจากแสงแดดสูง ทิ้งผิวสัมผัสเรียบและด้าน เหมาะสำหรับการใช้งานทุกวัน,สูตรที่ยาวนานไม่ทำให้เกิดสิวให้การปกป้องจากแสงแดดสูงทิ้งผิวสัมผัสเรียบและด้านเหมาะสำหรับการใช้งานทุกวัน
52,Kao Beauty & Personal Care,n***n,5,2024-09-01,ง่ายต่อการทาและผสม เหมาะสำหรับการใช้งานทุกวัน ทำให้ผิวรู้สึกชุ่มชื้น ทิ้งความเปล่งปลั่งตามธรรมชาติและสุขภาพดี,ง่ายต่อการทาและผสมเหมาะสำหรับการใช้งานทุกวันทำให้ผิวรู้สึกชุ่มชื้นทิ้งความเปล่งปลั่งตามธรรมชาติและสุขภาพดี
53,Kao Beauty & Personal Care,T***a,5,2024-09-01,ได้รับสินค้าเรียบร้อยแล้ว สินค้าปกติดี ไม่มีอะไรเสียหาย ของตรงปก ได้รับสินค้าเรียบร้อยแล้ว ได้รับสินค้าเรียบร้อยแล้ว ได้รับสินค้าเรียบร้อยแล้ว,ได้รับสินค้าเรียบร้อยแล้วสินค้าปกติดีไม่มีอะไรเสียหายของตรงปกได้รับสินค้าเรียบร้อยแล้วได้รับสินค้าเรียบร้อยแล้วได้รับสินค้าเรียบร้อยแล้ว
54,Kao Beauty & Personal Care,tery,5,2024-08-22,ทิ้งผิวสัมผัสเรียบและด้าน เหมาะสำหรับการใช้งานทุกวัน ทิ้งผิวสัมผัสเรียบและด้าน ให้การปกป้องจากแสงแดดสูง ให้การปกป้องจากแสงแดดสูง ทำให้ผิวรู้สึกชุ่มชื้น ให้การปกป้องจากแสงแดดสูง ทำให้ผิวรู้สึกชุ่มชื้น ทำให้ผิวรู้สึกชุ่มชื้น,ทิ้งผิวสัมผัสเรียบและด้านเหมาะสำหรับการใช้งานทุกวันทิ้งผิวสัมผัสเรียบและด้านให้การปกป้องจากแสงแดดสูงให้การปกป้องจากแสงแดดสูงทำให้ผิวรู้สึกชุ่มชื้นให้การปกป้องจากแสงแดดสูงทำให้ผิวรู้สึกชุ่มชื้นทำให้ผิวรู้สึกชุ่มชื้น
55,Kao Beauty & Personal Care,l***a,5,2024-08-17,ไม่ทิ้งคราบขาว รู้สึกสดชื่นบนผิว อ่อนโยนต่อผิวแพ้ง่าย น้ำหนักเบาและไม่มันเยิ้ม ไม่อุดตันรูขุมขน ซึมเข้าสู่ผิวได้อย่างรวดเร็ว,ไม่ทิ้งคราบขาวรู้สึกสดชื่นบนผิวอ่อนโยนต่อผิวแพ้ง่ายน้ำหนักเบาและไม่มันเยิ้มไม่อุดตันรูขุมขนซึมเข้าสู่ผิวได้อย่างรวดเร็ว
56,Kao Beauty & Personal Care,P***.,5,2024-08-10,ส่งไวดี ราคาย่อมเยาว์ แบนด์ชั้นนำไว้ใจได้ หอมอ่อน ๆ ชอบๆ ส่งไวดี ราคาย่อมเยาว์ แบนด์ชั้นนำไว้ใจได้ หอมอ่อน ๆ ชอบๆ,ส่งไวดีราคาย่อมเยาว์แบนด์ชั้นนำไว้ใจได้หอมอ่อนชอบส่งไวดีราคาย่อมเยาว์แบนด์ชั้นนำไว้ใจได้หอมอ่อนชอบ
57,Kao Beauty & Personal Care,J***.,5,2024-08-08,ป้องกันแดดสูง ทำให้ผิวดูสุขภาพดีและเป็นธรรมชาติ ใช้ง่ายและผสมเข้ากับผิวได้ดี ไม่ทำให้ผิวขาวและหมองคล้ำ,ป้องกันแดดสูงทำให้ผิวดูสุขภาพดีและเป็นธรรมชาติใช้ง่ายและผสมเข้ากับผิวได้ดีไม่ทำให้ผิวขาวและหมองคล้ำ
58,Kao Beauty & Personal Care,พ***.,5,2024-08-02,ปกป้องผิวจากมลภาวะ ใช้ง่ายและผสมเข้ากับผิวได้ดี ทำให้ผิวชุ่มชื้น ซึมเข้าสู่ผิวได้อย่างรวดเร็ว ไม่ทำให้เกิดสิว,ปกป้องผิวจากมลภาวะใช้ง่ายและผสมเข้ากับผิวได้ดีทำให้ผิวชุ่มชื้นซึมเข้าสู่ผิวได้อย่างรวดเร็วไม่ทำให้เกิดสิว
59,Kao Beauty & Personal Care,S***.,5,2024-08-01,ป้องกันแดดสูง ไม่ทำให้เกิดสิว ป้องกันแดดสูง เบาสบายและไม่มัน ทำให้ผิวชุ่มชื้น อ่อนโยนต่อผิวที่แพ้ง่าย ใช้ง่ายและผสมเข้ากับผิวได้ดี,ป้องกันแดดสูงไม่ทำให้เกิดสิวป้องกันแดดสูงเบาสบายและไม่มันทำให้ผิวชุ่มชื้นอ่อนโยนต่อผิวที่แพ้ง่ายใช้ง่ายและผสมเข้ากับผิวได้ดี
60,Kao Beauty & Personal Care,•***.,5,2024-07-31,ทำให้ผิวเรียบเนียนและไม่มัน อ่อนโยนต่อผิวที่แพ้ง่าย รู้สึกสดชื่นกับผิว ทำให้ผิวชุ่มชื้น เบาสบายและไม่มัน ไม่ทำให้ผิวขาวและหมองคล้ำ,ทำให้ผิวเรียบเนียนและไม่มันอ่อนโยนต่อผิวที่แพ้ง่ายรู้สึกสดชื่นกับผิวทำให้ผิวชุ่มชื้นเบาสบายและไม่มันไม่ทำให้ผิวขาวและหมองคล้ำ
61,Kao Beauty & Personal Care,boomrio,5,2024-07-30,ซึมเข้าสู่ผิวได้อย่างรวดเร็ว เหมาะสำหรับใช้ในชีวิตประจำวัน สูตรที่อยู่ได้นาน อ่อนโยนต่อผิวที่แพ้ง่าย ปกป้องผิวจากมลภาวะ,ซึมเข้าสู่ผิวได้อย่างรวดเร็วเหมาะสำหรับใช้ในชีวิตประจำวันสูตรที่อยู่ได้นานอ่อนโยนต่อผิวที่แพ้ง่ายปกป้องผิวจากมลภาวะ
62,Kao Beauty & Personal Care,T***.,5,2024-07-27,ทำให้ผิวเรียบเนียนและไม่มัน ซึมเข้าสู่ผิวได้อย่างรวดเร็ว ไม่อุดตันรูขุมขน ทำให้ผิวชุ่มชื้น รู้สึกสดชื่นกับผิว,ทำให้ผิวเรียบเนียนและไม่มันซึมเข้าสู่ผิวได้อย่างรวดเร็วไม่อุดตันรูขุมขนทำให้ผิวชุ่มชื้นรู้สึกสดชื่นกับผิว
63,Kao Beauty & Personal Care,K***.,5,2024-07-26,ไม่อุดตันรูขุมขน ทำให้ผิวชุ่มชื้น ทำให้ผิวดูสุขภาพดีและเป็นธรรมชาติ ซึมเข้าสู่ผิวได้อย่างรวดเร็ว,ไม่อุดตันรูขุมขนทำให้ผิวชุ่มชื้นทำให้ผิวดูสุขภาพดีและเป็นธรรมชาติซึมเข้าสู่ผิวได้อย่างรวดเร็ว
64,Kao Beauty & Personal Care,Sorayaaaa,5,2024-07-26,ทำให้ผิวดูสุขภาพดีและเป็นธรรมชาติ ปกป้องผิวจากมลภาวะ เหมาะสำหรับใช้ในชีวิตประจำวัน รู้สึกสดชื่นกับผิว,ทำให้ผิวดูสุขภาพดีและเป็นธรรมชาติปกป้องผิวจากมลภาวะเหมาะสำหรับใช้ในชีวิตประจำวันรู้สึกสดชื่นกับผิว
65,Kao Beauty & Personal Care,H***,5,2024-07-25,ส่งค่อนข้างเร็ว กล่องบุบแต่ข้างในปลอดภัยดีค่ะ ราคาย่อมเยา พนักงานโทรแจ้งก่อนส่ง เกลี่ยง่าย ไม่เหนียว ได้มา ฿,ส่งค่อนข้างเร็วกล่องบุบแต่ข้างในปลอดภัยดีค่ะราคาย่อมเยาพนักงานโทรแจ้งก่อนส่งเกลี่ยง่ายไม่เหนียวได้มา
66,Kao Beauty & Personal Care,ค***ะ,5,2024-07-19,ไม่ทำให้ผิวขาวและหมองคล้ำ ทำให้ผิวดูสุขภาพดีและเป็นธรรมชาติ สูตรที่อยู่ได้นาน ซึมเข้าสู่ผิวได้อย่างรวดเร็ว,ไม่ทำให้ผิวขาวและหมองคล้ำทำให้ผิวดูสุขภาพดีและเป็นธรรมชาติสูตรที่อยู่ได้นานซึมเข้าสู่ผิวได้อย่างรวดเร็ว
67,Kao Beauty & Personal Care,อัจฉรา เ.,5,2024-07-18,คุณภาพยังไม่รู้เพราะยังไม่ได้ลองใช้ เคยใช้แต่รุ่นที่เป็น   หวังว่าจะดีเหมือนกัน แต่จัดส่งเร็ว แพ็คใส่กล่องล้อม  มาอย่างดี,คุณภาพยังไม่รู้เพราะยังไม่ได้ลองใช้เคยใช้แต่รุ่นที่เป็นหวังว่าจะดีเหมือนกันแต่จัดส่งเร็วแพ็คใส่กล่องล้อมมาอย่างดี
68,Kao Beauty & Personal Care,K***r,5,2024-07-17,รู้สึกสดชื่นกับผิว ทำให้ผิวเรียบเนียนและไม่มัน สูตรที่อยู่ได้นาน ไม่ทำให้ผิวขาวและหมองคล้ำ เบาสบายและไม่มัน,รู้สึกสดชื่นกับผิวทำให้ผิวเรียบเนียนและไม่มันสูตรที่อยู่ได้นานไม่ทำให้ผิวขาวและหมองคล้ำเบาสบายและไม่มัน
69,Kao Beauty & Personal Care,ต***้,5,2024-07-16,บิโอเร ยูวี อะควา ริช วอเตอร์รี่ เจล มล          เนื้อเจล จัดส่งรวดเร็วค่ะ,บิโอเรยูวีอะวาริวอเตอร์รี่เจลมลเนื้อเจลจัดส่งรวดเร็วค่ะ
70,Kao Beauty & Personal Care,P***r,5,2024-07-12,ซึมเข้าสู่ผิวได้อย่างรวดเร็ว ไม่ทำให้เกิดสิว อ่อนโยนต่อผิวที่แพ้ง่าย เหมาะสำหรับใช้ในชีวิตประจำวัน,ซึมเข้าสู่ผิวได้อย่างรวดเร็วไม่ทำให้เกิดสิวอ่อนโยนต่อผิวที่แพ้ง่ายเหมาะสำหรับใช้ในชีวิตประจำวัน
71,Kao Beauty & Personal Care,Ploy K.,5,2024-07-03,เหมาะสำหรับใช้ในชีวิตประจำวัน ทำให้ผิวชุ่มชื้น ทำให้ผิวดูสุขภาพดีและเป็นธรรมชาติ อ่อนโยนต่อผิวที่แพ้ง่าย,เหมาะสำหรับใช้ในชีวิตประจำวันทำให้ผิวชุ่มชื้นทำให้ผิวดูสุขภาพดีและเป็นธรรมชาติอ่อนโยนต่อผิวที่แพ้ง่าย
72,Kao Beauty & Personal Care,ภูรินทร์ ต.,5,2024-07-02,ทำให้ผิวชุ่มชื้น ซึมเข้าสู่ผิวได้อย่างรวดเร็ว ทำให้ผิวเรียบเนียนและไม่มัน ไม่ทำให้ผิวขาวและหมองคล้ำ รู้สึกสดชื่นกับผิว ไม่ทำให้เกิดสิว,ทำให้ผิวชุ่มชื้นซึมเข้าสู่ผิวได้อย่างรวดเร็วทำให้ผิวเรียบเนียนและไม่มันไม่ทำให้ผิวขาวและหมองคล้ำรู้สึกสดชื่นกับผิวไม่ทำให้เกิดสิว
73,Kao Beauty & Personal Care,AkuiMalice,5,2024-07-02,ใช้กันแดดของยี่ห้อนี้เพราะตามมาจากพี่อิ้งสรุปชอบมากกกกกกถึงจะแสบตาแต่ชอบตลอดใช้แต่แบบซองเลยมาซื้อแบบหลอดใหญ่กดมาได้  คุ้มสุดๆ,ใช้กันแดดของยี่ห้อนี้เพราะตามมาจากพี่สรุปชอบมากถึงจะแสบตาแต่ชอบตลอดใช้แต่แบบซองเลยมาซื้อแบบหลอดใหญ่กดมาได้คุ้มสุด
74,Kao Beauty & Personal Care,F***.,5,2024-06-22,สูตรที่อยู่ได้นาน ทำให้ผิวเรียบเนียนและไม่มัน ทำให้ผิวเรียบเนียนและไม่มัน ปกป้องผิวจากมลภาวะ เบาสบายและไม่มัน ป้องกันแดดสูง,สูตรที่อยู่ได้นานทำให้ผิวเรียบเนียนและไม่มันทำให้ผิวเรียบเนียนและไม่มันปกป้องผิวจากมลภาวะเบาสบายและไม่มันป้องกันแดดสูง
75,Kao Beauty & Personal Care,N***.,5,2024-06-10,ได้รับสินค้าแล้ว สินค้าถูกต้องครบตามที่สั่ง สามารถใช้งานได้ ไม่มีปัญหา จัดส่งตรงตามเวลา  คอมเม้นเพิ่มเติม  ตกอันละไม่ถึง ดีคาะ,ได้รับสินค้าแล้วสินค้าถูกต้องครบตามที่สั่งสามารถใช้งานได้ไม่มีปัญหาจัดส่งตรงตามเวลาคอมเม้นเพิ่มเติมตกอันละไม่ถึงดีคา
76,Kao Beauty & Personal Care,Minnit 4.,5,2024-06-08,ทำให้ผิวชุ่มชื้น ป้องกันแดดสูง เหมาะสำหรับใช้ในชีวิตประจำวัน ซึมเข้าสู่ผิวได้อย่างรวดเร็ว ทำให้ผิวดูสุขภาพดีและเป็นธรรมชาติ ไม่ทำให้ผิวขาวและหมองคล้ำ ปกป้องผิวจากมลภาวะ ไม่อุดตันรูขุมขน,ทำให้ผิวชุ่มชื้นป้องกันแดดสูงเหมาะสำหรับใช้ในชีวิตประจำวันซึมเข้าสู่ผิวได้อย่างรวดเร็วทำให้ผิวดูสุขภาพดีและเป็นธรรมชาติไม่ทำให้ผิวขาวและหมองคล้ำปกป้องผิวจากมลภาวะไม่อุดตันรูขุมขน
77,Kao Beauty & Personal Care,ธัญชนก ฉ.,5,2024-06-07,จัดส่งเร็วดีมาก สั่ง ได้วันที่  แต่พนักงานขนส่งมาส่งสี่โมงกว่า จะดลับบ้านอยูาแล้ว ยังไม่ได้เริ่มลองใช้นะ เห็นอินฟลูท่านนึงทดลองเรื่องกันน้ำ บอกว่าเอาอยู่ เราเหงืีอเยอะเลยรีบสอย จากการทดลองส่วนตัว พบว่าเกลี่ยง่ายดี ซึมเร็ว,จัดส่งเร็วดีมากสั่งได้วันที่แต่พนักงานขนส่งมาส่งสี่โมงกว่าจะลับบ้านอยูแล้วยังไม่ได้เริ่มลองใช้นะเห็นอินท่านนึงทดลองเรื่องกันน้ำบอกว่าเอาอยู่เราเหเยอะเลยรีบสอยจากการทดลองส่วนตัวพบว่าเกลี่ยง่ายดีซึมเร็ว
78,Kao Beauty & Personal Care,P***.,5,2024-06-06,ไม่อุดตันรูขุมขน รู้สึกสดชื่นกับผิว ปกป้องผิวจากมลภาวะ ทำให้ผิวชุ่มชื้น สูตรที่อยู่ได้นาน ไม่ทำให้เกิดสิว,ไม่อุดตันรูขุมขนรู้สึกสดชื่นกับผิวปกป้องผิวจากมลภาวะทำให้ผิวชุ่มชื้นสูตรที่อยู่ได้นานไม่ทำให้เกิดสิว
79,Kao Beauty & Personal Care,พลลี่่,5,2024-06-06,ไม่ทำให้ผิวขาวและหมองคล้ำ รู้สึกสดชื่นกับผิว ปกป้องผิวจากมลภาวะ ใช้ง่ายและผสมเข้ากับผิวได้ดี เหมาะสำหรับใช้ในชีวิตประจำวัน ไม่ทำให้ผิวขาวและหมองคล้ำ,ไม่ทำให้ผิวขาวและหมองคล้ำรู้สึกสดชื่นกับผิวปกป้องผิวจากมลภาวะใช้ง่ายและผสมเข้ากับผิวได้ดีเหมาะสำหรับใช้ในชีวิตประจำวันไม่ทำให้ผิวขาวและหมองคล้ำ
80,Kao Beauty & Personal Care,สุพรรณี อ.,5,2024-06-05,ส่งเร็วค่ะ สั่งวันจันทร์ ได้รับวันพุธ สินค้าใส่กล่องแพ็คกันกระแทกมาดี แต่กล่องเยินพอควร ซื้อตอนลดราคาเหลือ  บาท เป็นของใหม่ ผลิต  ขวดใหญ่ ปริมาณ  มล เคยใช้แล้วซึมเข้าผิวดีอยู่ ไม่เหนอะหนะ คุ้มค่ามากมายค่ะ,ส่งเร็วค่ะสั่งวันจันทร์ได้รับวันพุธสินค้าใส่กล่องแพ็คกันกระแทกมาดีแต่กล่องเยินพอควรซื้อตอนลดราคาเหลือบาทเป็นของใหม่ผลิตขวดใหญ่ปริมาณมลเคยใช้แล้วซึมเข้าผิวดีอยู่ไม่เหนอะหนะคุ้มค่ามากมายค่ะ
81,Kao Beauty & Personal Care,****7,5,2024-06-05,ใช้ง่ายและผสมเข้ากับผิวได้ดี ใช้ง่ายและผสมเข้ากับผิวได้ดี ใช้ง่ายและผสมเข้ากับผิวได้ดี ใช้ง่ายและผสมเข้ากับผิวได้ดี,ใช้ง่ายและผสมเข้ากับผิวได้ดีใช้ง่ายและผสมเข้ากับผิวได้ดีใช้ง่ายและผสมเข้ากับผิวได้ดีใช้ง่ายและผสมเข้ากับผิวได้ดี
82,Kao Beauty & Personal Care,Mr.Joe,5,2024-06-01,ตอนนี้เพิ่งได้ใช้ครั้งแรกสินค้าตรงปกไม่จบตาวันหมดอายุยาวดีถึง  และมีเนื้อของครีมค่อนข้างใสแต่แห้งต่อผิวทำให้คนหน้ามันใช้ได้ดีและเหมาะกับสภาพผิวในช่วงอากาศร้อน,ตอนนี้เพิ่งได้ใช้ครั้งแรกสินค้าตรงปกไม่จบตาวันหมดอายุยาวดีถึงและมีเนื้อของครีมค่อนข้างใสแต่แห้งต่อผิวทำให้คนหน้ามันใช้ได้ดีและเหมาะกับสภาพผิวในช่วงอากาศร้อน
83,Kao Beauty & Personal Care,ทักษอร พ.,5,2024-05-28,ได้รับเรียบร้อยแล้วค่ะจัดส่งสินค้าไวแพ็คสินค้ามาดีมากค่ะ ได้รับเรียบร้อยแล้วค่ะจัดส่งสินค้าไวแพ็คสินค้ามาดีมากค่ะ,ได้รับเรียบร้อยแล้วค่ะจัดส่งสินค้าไวแพ็คสินค้ามาดีมากค่ะได้รับเรียบร้อยแล้วค่ะจัดส่งสินค้าไวแพ็คสินค้ามาดีมากค่ะ
84,Kao Beauty & Personal Care,L***n,5,2024-05-25,กันแดดนี้ยกให้เป็นเดอะเบสค่ะ เนื้อดี ทาแล้วซึมผิวไว ไม่หนักหน้า ไม่เป็นคราบ ส่งเร็วมากค่ะ มีส่วนลดด้วย ป้องกันแดดสูง สูตรที่อยู่ได้นาน ทำให้ผิวเรียบเนียนและไม่มัน ทำให้ผิวชุ่มชื้น ปกป้องผิวจากมลภาวะ,กันแดดนี้ยกให้เป็นเดอะเบสค่ะเนื้อดีทาแล้วซึมผิวไวไม่หนักหน้าไม่เป็นคราบส่งเร็วมากค่ะมีส่วนลดด้วยป้องกันแดดสูงสูตรที่อยู่ได้นานทำให้ผิวเรียบเนียนและไม่มันทำให้ผิวชุ่มชื้นปกป้องผิวจากมลภาวะ
85,Kao Beauty & Personal Care,Tane S.,5,2024-05-21,ปกป้องผิวจากมลภาวะ ป้องกันแดดสูง ไม่ทำให้ผิวขาวและหมองคล้ำ ใช้ง่ายและผสมเข้ากับผิวได้ดี ซึมเข้าสู่ผิวได้อย่างรวดเร็ว ทำให้ผิวชุ่มชื้น ป้องกันแดดสูง ปกป้องผิวจากมลภาวะ ทำให้ผิวชุ่มชื้น ทำให้ผิวชุ่มชื้น ทำให้ผิวชุ่มชื้น ซึมเข้าสู่ผิวได้อย่างรวดเร็ว,ปกป้องผิวจากมลภาวะป้องกันแดดสูงไม่ทำให้ผิวขาวและหมองคล้ำใช้ง่ายและผสมเข้ากับผิวได้ดีซึมเข้าสู่ผิวได้อย่างรวดเร็วทำให้ผิวชุ่มชื้นป้องกันแดดสูงปกป้องผิวจากมลภาวะทำให้ผิวชุ่มชื้นทำให้ผิวชุ่มชื้นทำให้ผิวชุ่มชื้นซึมเข้าสู่ผิวได้อย่างรวดเร็ว
86,Kao Beauty & Personal Care,Porjai K.,5,2024-05-18,ราคาดีม้ากกกกเมื่อเทีบยบกับปริมาณและประสิทธิภาพในการกันแดด ทาแล้วฟินิชหน้าฉ่ำมาก เหมือนผิว เล่นกับแสงสุดๆ เวลาเหงื่อออกก็จะผิวระยิบระยับ กันน้ำได้จริงค่ะ จากที่ใช้ แต่ติดอย่างเดียว แสบตา,ราคาดีม้าเมื่อเทกับปริมาณและประสิทธิภาพในการกันแดดทาแล้วนิชหน้าฉ่ำมากเหมือนผิวเล่นกับแสงสุดเวลาเหงื่อก็จะผิวระยิบระยับกันน้ำได้จริงค่ะจากที่ใช้แต่ติดอย่างเดียวแสบตา
87,Kao Beauty & Personal Care,suplux C.,5,2024-05-11,ไม่ทำให้ผิวขาวและหมองคล้ำ ทำให้ผิวดูสุขภาพดีและเป็นธรรมชาติ รู้สึกสดชื่นกับผิว อ่อนโยนต่อผิวที่แพ้ง่าย,ไม่ทำให้ผิวขาวและหมองคล้ำทำให้ผิวดูสุขภาพดีและเป็นธรรมชาติรู้สึกสดชื่นกับผิวอ่อนโยนต่อผิวที่แพ้ง่าย
88,Kao Beauty & Personal Care,T***f,5,2024-05-08,ได้รับสินค้าครบถ้วนตามออเดอร์ สินค้าไม่เสียหาย สั่งซื้อวันที่  รับสินค้าวันที่  ทางร้านจัดส่งรวดเร็วมาก  ของแท้แน่นอน         กันแดดไม่เหนียว ไม่มัน ไม่เยิ้ม   เยี่ยมๆ,ได้รับสินค้าครบถ้วนตามออเดอร์สินค้าไม่เสียหายสั่งซื้อวันที่รับสินค้าวันที่ทางร้านจัดส่งรวดเร็วมากของแท้แน่นอนกันแดดไม่เหนียวไม่มันไม่เยิ้มเยี่ยม
89,Kao Beauty & Personal Care,สายจิตร​ ต.,5,2024-05-07,เนื้อกันแบบบางเบาซึมซับ ดีจัดส่งรวดเร็ว ของแท้แน่นอนจากร้านค้า  กลิ่นหอมนมอ่อนๆ สำหรับสีฟ้าจะเย็นๆเวลาทา,เนื้อกันแบเบาซึมซับดีจัดส่งรวดเร็วของแท้แน่นอนจากร้านค้ากลิ่นหอมนมอ่อนสำหรับสีฟ้าจะเย็นเวลาทา
90,Kao Beauty & Personal Care,C***.,5,2024-05-07,ปกป้องผิวจากมลภาวะ ใช้ง่ายและผสมเข้ากับผิวได้ดี ทำให้ผิวชุ่มชื้น เหมาะสำหรับใช้ในชีวิตประจำวัน,ปกป้องผิวจากมลภาวะใช้ง่ายและผสมเข้ากับผิวได้ดีทำให้ผิวชุ่มชื้นเหมาะสำหรับใช้ในชีวิตประจำวัน
91,Kao Beauty & Personal Care,v***.,5,2024-04-20,คุณภาพดี  ป้องกันรังสี  ได้ดี ทำให้หน้าขาวผ่อง    เนื้อสัมผัสนุ่ม  ละเอีบดบางเบา ไม่เหนอะหนะ หนัหน้า แนะนำ ไม่แสบตา     ประสิทธิภาพป้องกันแสงแดดได้ดี      มีส่วนผสมของ,คุณภาพดีป้องกันรังสีได้ดีทำให้หน้าขาวผ่องเนื้อสัมผัสนุ่มละเอบางเบาไม่เหนอะหนะน้าแนะนำไม่แสบตาประสิทธิภาพป้องกันแสงแดดได้ดีมีส่วนผสมของ
92,Kao Beauty & Personal Care,S***.,5,2024-04-18,ใช้ดีไม่แสบหน้า หน้าไม่เป็นขุย มีโทนอัพผิวได้ระดับนึง แต่ไม่วอก ไม่เทา ซ้ำเป็นรอบที่เท่าไหร่แล้วไม่รู้,ใช้ดีไม่แสบหน้าหน้าไม่เป็นขุยมีโทนผิวได้ระดับนึงแต่ไม่วอกไม่เทาซ้ำเป็นรอบที่เท่าไหร่แล้วไม่รู้
93,Kao Beauty & Personal Care,ม***.,5,2024-04-11,ยูวีบีโอกันแดดชนิดเจลซึ่งเป็นคนหน้าแห้งก็ต้องการที่แบบบางเบานิดนึงนี่แหละจะออกไปเที่ยวต่างประเทศพอดีได้ส่วนลดก็เลยสั่งมา,ยูวีบีโอกันแดดชนิดเจลซึ่งเป็นคนหน้าแห้งก็ต้องการที่แบเบานิดนึงนี่แหละจะออกไปเที่ยวต่างประเทศพอดีได้ส่วนลดก็เลยสั่งมา
94,Kao Beauty & Personal Care,0***5,5,2024-04-05,จัดส่งรวดเร็วได้รับครบถูกต้องตามสั่ง ก่อนส่งพนักงานโทรแจ้งก่อน ราคาไม่แพง ได้ราคา คุ้มค่า ใช้กันยาวใช้ของดี หน้าเราจะปลอดภัย  แดดประเทศไทยแรงมาก,จัดส่งรวดเร็วได้รับครบถูกต้องตามสั่งก่อนส่งพนักงานโทรแจ้งก่อนราคาไม่แพงได้ราคาคุ้มค่าใช้กันยาวใช้ของดีหน้าเราจะปลอดภัยแดดประเทศไทยแรงมาก
95,Kao Beauty & Personal Care,S***.,5,2024-04-03,กันแดด  ดีครับถือว่าเป็นแบรนด์ญี่ปุ่นมาตรฐานตามญี่ปุ่นใช้ดีมากครับราคาย่อมเยาทาได้ไม่ต้องกลัวเปลืองครับทาหน้าไม่หมดเอามาทาตัวยังไม่เสียดายครับ,กันแดดดีครับถือว่าเป็นแบรนด์ญี่ปุ่นมาตรฐานตามญี่ปุ่นใช้ดีมากครับราคาย่อมเยาทาได้ไม่ต้องกลัวเปลืองครับทาหน้าไม่หมดเอามาทาตัวยังไม่เสียดายครับ
96,Kao Beauty & Personal Care,ธ***.,5,2024-04-02,ใช้เป็นกันแดดสำหรับทาแขนเวลาไปเที่ยว เพราะจะมีเหงื่ออกมาก ต้องใล้กันแดดที่ทนน้ำทนเหงื่อ และบางเบา แต่การกันแดดยังไม่ถึงกับดี ยังมีรอยคล้ำๆบ้างทั้งที่ทาปริมานเยอะ และออกแดดไม่ถึง  ชม,ใช้เป็นกันแดดสำหรับทาแขนเวลาไปเที่ยวเพราะจะมีเหงื่ออกมากต้องกันแดดที่ทนน้ำทนเหงื่อและบางเบาแต่การกันแดดยังไม่ถึงกับดียังมีรอยคล้ำบ้างทั้งที่ทาปริมานเยอะและออกแดดไม่ถึงชม
97,Kao Beauty & Personal Care,T***a,5,2024-03-30,สูตรที่อยู่ได้นาน ทำให้ผิวเรียบเนียนและไม่มัน เหมาะสำหรับใช้ในชีวิตประจำวัน ไม่ทำให้เกิดสิว เบาสบายและไม่มัน,สูตรที่อยู่ได้นานทำให้ผิวเรียบเนียนและไม่มันเหมาะสำหรับใช้ในชีวิตประจำวันไม่ทำให้เกิดสิวเบาสบายและไม่มัน
98,Kao Beauty & Personal Care,อาลีบาบา`,5,2024-03-27,ดีราคาถูกได้ปริมาณเยอะมาก  คุ้มมากกับราคาแค่นิดๆ ลองทาดูแล้วเนื้อเป็นน้ำๆเหลวๆทาแล้วผิวจะขาวขึ้นแอบวอกนิดๆแต่ก็ได้อยู่มั้ง  ทาแล้วพอแห้งจะติดหน้าไปเลยน่าจะกันน้ำได้ดีเลยแหละ,ดีราคาถูกได้ปริมาณเยอะมากคุ้มมากกับราคาแค่นิดๆลองทาดูแล้วเนื้อเป็นน้ำเหลวทาแล้วผิวจะขาวขึ้นแอบวอกนิดๆแต่ก็ได้อยู่มั้งทาแล้วพอแห้งจะติดหน้าไปเลยน่าจะกันน้ำได้ดีเลยแหละ
99,Kao Beauty & Personal Care,ศิริพร โ.,5,2024-09-08,ชอบครีมกันแดด สูตรน้ำเนื้อเจลแบบนี้ เกลี่ยง่ายไม่เป็นคราบ ใช้เป็นประจำค่ะ ร้านค้าแพ็คสินค้ามาดีมาก,ชอบครีมกันแดดสูตรน้ำเนื้อเจลแบบนี้เกลี่ยง่ายไม่เป็นคราบใช้เป็นประจำค่ะร้านค้าแพ็คสินค้ามาดีมาก
100,Kao Beauty & Personal Care,โสรยา ส.,5,2024-07-24,ซึมเข้าสู่ผิวได้อย่างรวดเร็ว เหมาะสำหรับใช้ในชีวิตประจำวัน ไม่ทำให้เกิดสิว ปกป้องผิวจากมลภาวะ,ซึมเข้าสู่ผิวได้อย่างรวดเร็วเหมาะสำหรับใช้ในชีวิตประจำวันไม่ทำให้เกิดสิวปกป้องผิวจากมลภาวะ
101,Kao Beauty & Personal Care,S***.,5,2024-07-10,เหมาะสำหรับใช้ในชีวิตประจำวัน เบาสบายและไม่มัน ทำให้ผิวเรียบเนียนและไม่มัน ปกป้องผิวจากมลภาวะ,เหมาะสำหรับใช้ในชีวิตประจำวันเบาสบายและไม่มันทำให้ผิวเรียบเนียนและไม่มันปกป้องผิวจากมลภาวะ
102,Kao Beauty & Personal Care,ส***.,5,2024-07-04,สินค้าครบ แพ็คสินค้าเรียบร้อย แข็งแรง รอบนี้ส่งข้านิดหน่อย เคยใช้แล้ว ดี ชอบ ราคาโปร มีส่วนลดเยอะ,สินค้าครบแพ็คสินค้าเรียบร้อยแข็งแรงรอบนี้ส่งข้านิดหน่อยเคยใช้แล้วดีชอบราคาโปรมีส่วนลดเยอะ
103,Kao Beauty & Personal Care,P***.,5,2024-05-17,เหมาะสำหรับใช้ในชีวิตประจำวัน ปกป้องผิวจากมลภาวะ ไม่ทำให้เกิดสิว ซึมเข้าสู่ผิวได้อย่างรวดเร็ว,เหมาะสำหรับใช้ในชีวิตประจำวันปกป้องผิวจากมลภาวะไม่ทำให้เกิดสิวซึมเข้าสู่ผิวได้อย่างรวดเร็ว
104,Kao Beauty & Personal Care,9***9,5,2024-07-10,รู้สึกสดชื่นกับผิว ทำให้ผิวชุ่มชื้น ใช้ง่ายและผสมเข้ากับผิวได้ดี ทำให้ผิวเรียบเนียนและไม่มัน,รู้สึกสดชื่นกับผิวทำให้ผิวชุ่มชื้นใช้ง่ายและผสมเข้ากับผิวได้ดีทำให้ผิวเรียบเนียนและไม่มัน
105,Kao Beauty & Personal Care,จ***.,5,2024-07-03,เบาสบายและไม่มัน ซึมเข้าสู่ผิวได้อย่างรวดเร็ว ไม่ทำให้เกิดสิว เหมาะสำหรับใช้ในชีวิตประจำวัน,เบาสบายและไม่มันซึมเข้าสู่ผิวได้อย่างรวดเร็วไม่ทำให้เกิดสิวเหมาะสำหรับใช้ในชีวิตประจำวัน
106,Kao Beauty & Personal Care,r***9,5,2024-07-18,ยังไม่เคยใช้เห็นหลอดใหญ่ดีขนาดตั้ง  นิ้วได้โค้ดลดก็เลยลดได้เข้าไปอีก ของมียี่ห้ออยู่ก็น่าจะดี,ยังไม่เคยใช้เห็นหลอดใหญ่ดีขนาดตั้งนิ้วได้โค้ดลดก็เลยลดได้เข้าไปอีกของมียี่ห้ออยู่ก็น่าจะดี
107,Kao Beauty & Personal Care,P***.,5,2024-08-03,ซึมเข้าสู่ผิวได้อย่างรวดเร็ว ไม่ทำให้ผิวขาวและหมองคล้ำ ทำให้ผิวชุ่มชื้น สูตรที่อยู่ได้นาน,ซึมเข้าสู่ผิวได้อย่างรวดเร็วไม่ทำให้ผิวขาวและหมองคล้ำทำให้ผิวชุ่มชื้นสูตรที่อยู่ได้นาน
108,Kao Beauty & Personal Care,อ***.,5,2024-05-28,ได้รับของแล้ว แพ็คดี ส่งไว ราคาก็ถูก สั่งจาก  โดยตรง ไม่น่าจะปลอม  กันแดดใช้ดี ใช้มานานแล้ว,ได้รับของแล้วแพ็คดีส่งไวราคาก็ถูกสั่งจากโดยตรงไม่น่าจะปลอมกันแดดใช้ดีใช้มานานแล้ว
109,Kao Beauty & Personal Care,คริสต์ธิคุณ พ.,5,2024-03-27,ไม่ทำให้เกิดสิว ใช้ง่ายและผสมเข้ากับผิวได้ดี ทำให้ผิวเรียบเนียนและไม่มัน เบาสบายและไม่มัน,ไม่ทำให้เกิดสิวใช้ง่ายและผสมเข้ากับผิวได้ดีทำให้ผิวเรียบเนียนและไม่มันเบาสบายและไม่มัน
110,Kao Beauty & Personal Care,วสุ โ.,5,2024-08-04,สินค้าตรงปก ส่งเร็วมาก,สินค้าตรงปกส่งเร็วมาก
111,Kao Beauty & Personal Care,นาง ผ.,5,2024-07-25,ไม่ทำให้ผิวขาวและหมองคล้ำ ไม่ทำให้เกิดสิว ใช้ง่ายและผสมเข้ากับผิวได้ดี สูตรที่อยู่ได้นาน,ไม่ทำให้ผิวขาวและหมองคล้ำไม่ทำให้เกิดสิวใช้ง่ายและผสมเข้ากับผิวได้ดีสูตรที่อยู่ได้นาน
112,Kao Beauty & Personal Care,โ***.,5,2024-07-04,สินค้าคถณภาพดีมากครับ ราคาถูกกว่าในห้าง การแพ้คสินค้าดี การจัดส่งรวดเร็ว เยี่ยมไปเลยครับ,สินค้าภาพดีมากครับราคาถูกกว่าในห้างการแพ้สินค้าดีการจัดส่งรวดเร็วเยี่ยมไปเลยครับ
113,Kao Beauty & Personal Care,T***.,5,2024-04-10,ส่งเร็วมาก สินค้าตรงตามที่สั่ง แต่ยังไม่ได้ลอง ส่งเร็วมาก สินค้าตรงตามที่สั่ง แต่ยังไม่ได้ลอง,ส่งเร็วมากสินค้าตรงตามที่สั่งแต่ยังไม่ได้ลองส่งเร็วมากสินค้าตรงตามที่สั่งแต่ยังไม่ได้ลอง
114,Kao Beauty & Personal Care,sailent,5,2024-07-30,ตามมาตรฐานครับ ใช้มาตั้งแต่อยู่มหาลัย กันได้ดีหน้าไม่ค่อยวอก ไม่ค่อยเหนียวด้วย คุณภาพตามราคา,ตามมาตรฐานครับใช้มาตั้งแต่อยู่มหาลัยกันได้ดีหน้าไม่ค่อยวอกไม่ค่อยเหนียวด้วยคุณภาพตามราคา
115,Kao Beauty & Personal Care,N***K,5,2024-07-25,ส่งไว ส่งเร็ว ของแท้ มั่นใจ ราคาดี ไม่ต้องออกไปหาซื้อเอง คุ้มค่า ราคา คุณภาพ เนื้อเจลเบาสบาย,ส่งไวส่งเร็วของแท้มั่นใจราคาดีไม่ต้องออกไปหาซื้อเองคุ้มค่าราคาคุณภาพเนื้อเจลเบาสบาย
116,Kao Beauty & Personal Care,Jesada S.,5,2024-07-11,คุ้มค่ามากสั่งตอน  ใช้ประจำอยู่แล้ว คุณภาพดีมาก ซื้อบ่อยมากครับ ช่วงนี้ลุยแดดไม่เปนฝ้าเลย,คุ้มค่ามากสั่งตอนใช้ประจำอยู่แล้วคุณภาพดีมากซื้อบ่อยมากครับช่วงนี้ลุยแดดไม่ฝ้าเลย
117,Kao Beauty & Personal Care,Tum,5,2024-08-20,จัดส่งสินค้ารวดเร็วดี ใช้โค้ดส่วนลดและโค้ดส่งฟรีได้ด้วย สินค้ามีคุณภาพดี ไว้จะอุดหนุนอีกค่ะ,จัดส่งสินค้ารวดเร็วดีใช้โค้ดส่วนลดและโค้ดส่งฟรีได้ด้วยสินค้ามีคุณภาพดีไว้จะอุดหนุนอีกค่ะ
118,Kao Beauty & Personal Care,jujumomo,5,2024-08-02,ซึมเข้าสู่ผิวได้อย่างรวดเร็ว เหมาะสำหรับใช้ในชีวิตประจำวัน ใช้ง่ายและผสมเข้ากับผิวได้ดี,ซึมเข้าสู่ผิวได้อย่างรวดเร็วเหมาะสำหรับใช้ในชีวิตประจำวันใช้ง่ายและผสมเข้ากับผิวได้ดี
119,Kao Beauty & Personal Care,a***t,5,2024-07-04,ส่งสินค้ารวดเร็วทันใจ สินค้าตรงตามประกาศ มีคุณภาพน่าใช้ ถูกใจคนซื้อ ร้านค้าร้านนี้แนะนำครับ,ส่งสินค้ารวดเร็วทันใจสินค้าตรงตามประกาศมีคุณภาพน่าใช้ถูกใจคนซื้อร้านค้าร้านนี้แนะนำครับ
120,Kao Beauty & Personal Care,P***.,5,2024-06-08,เบาสบายและไม่มัน ใช้ง่ายและผสมเข้ากับผิวได้ดี ไม่อุดตันรูขุมขน อ่อนโยนต่อผิวที่แพ้ง่าย,เบาสบายและไม่มันใช้ง่ายและผสมเข้ากับผิวได้ดีไม่อุดตันรูขุมขนอ่อนโยนต่อผิวที่แพ้ง่าย
121,Kao Beauty & Personal Care,P***.,5,2024-08-03,ส่งสินค้าไว ไม่ชำรุดเสียหาย ได้มาตอนแฟลชเซลล์ ราคาดีมาก ร้าน ของแท้ไม่ต้องกลัวปลอม,ส่งสินค้าไวไม่ชำรุดเสียหายได้มาตอนแฟลชเซลล์ราคาดีมากร้านของแท้ไม่ต้องกลัวปลอม
122,Kao Beauty & Personal Care,2***U,5,2024-06-25,เบาสบายและไม่มัน รู้สึกสดชื่นกับผิว ไม่ทำให้เกิดสิว ไม่อุดตันรูขุมขน ไม่ทำให้เกิดสิว,เบาสบายและไม่มันรู้สึกสดชื่นกับผิวไม่ทำให้เกิดสิวไม่อุดตันรูขุมขนไม่ทำให้เกิดสิว
123,Kao Beauty & Personal Care,S***.,5,2024-05-17,ทำให้ผิวเรียบเนียนและไม่มัน เหมาะสำหรับใช้ในชีวิตประจำวัน ใช้ง่ายและผสมเข้ากับผิวได้ดี,ทำให้ผิวเรียบเนียนและไม่มันเหมาะสำหรับใช้ในชีวิตประจำวันใช้ง่ายและผสมเข้ากับผิวได้ดี
124,Kao Beauty & Personal Care,อารี ส.,5,2024-07-09,ได้รับสินค้าแล้ว เรียบร้อยดี ใช้ยี่ห้อนี้มาอย่างยาวนาน มีผลิภัณฑ์ใหม่สูตรใหม่ออกมาเรื่อยๆ,ได้รับสินค้าแล้วเรียบร้อยดีใช้ยี่ห้อนี้มาอย่างยาวนานมีผลิภัณฑ์ใหม่สูตรใหม่ออกมาเรื่อยๆ
125,Kao Beauty & Personal Care,เกสรา เ.,5,2024-06-27,ป้องกันแดดสูง เหมาะสำหรับใช้ในชีวิตประจำวัน อ่อนโยนต่อผิวที่แพ้ง่าย เบาสบายและไม่มัน,ป้องกันแดดสูงเหมาะสำหรับใช้ในชีวิตประจำวันอ่อนโยนต่อผิวที่แพ้ง่ายเบาสบายและไม่มัน
126,Kao Beauty & Personal Care,P***a,5,2024-05-08,ดีๆๆรู้สึกสดชื่นกับผิว ใช้ง่ายและผสมเข้ากับผิวได้ดี ไม่ทำให้เกิดสิว เบาสบายและไม่มัน,ดีรู้สึกสดชื่นกับผิวใช้ง่ายและผสมเข้ากับผิวได้ดีไม่ทำให้เกิดสิวเบาสบายและไม่มัน
127,Kao Beauty & Personal Care,N***.,5,2024-06-26,ใช้ง่ายและผสมเข้ากับผิวได้ดี ปกป้องผิวจากมลภาวะ รู้สึกสดชื่นกับผิว เบาสบายและไม่มัน,ใช้ง่ายและผสมเข้ากับผิวได้ดีปกป้องผิวจากมลภาวะรู้สึกสดชื่นกับผิวเบาสบายและไม่มัน
128,Kao Beauty & Personal Care,คุณแมวน้ำ,5,2024-05-08,ใช้ง่ายและผสมเข้ากับผิวได้ดี เนื้อเบา ไม่เหนียวแนะเท่าไร ล้างออกไม่ยากมาก ราคาก็ไม่แรง,ใช้ง่ายและผสมเข้ากับผิวได้ดีเนื้อเบาไม่เหนียวแนะเท่าไรล้างออกไม่ยากมากราคาก็ไม่แรง
129,Kao Beauty & Personal Care,พ***.,5,2024-04-08,ป้องกันแดดสูง ทำให้ผิวชุ่มชื้น ไม่ทำให้ผิวขาวและหมองคล้ำ ทำให้ผิวเรียบเนียนและไม่มัน สูตรที่อยู่ได้นาน ทำให้ผิวดูสุขภาพดีและเป็นธรรมชาติ ปกป้องผิวจากมลภาวะ,ป้องกันแดดสูงทำให้ผิวชุ่มชื้นไม่ทำให้ผิวขาวและหมองคล้ำทำให้ผิวเรียบเนียนและไม่มันสูตรที่อยู่ได้นานทำให้ผิวดูสุขภาพดีและเป็นธรรมชาติปกป้องผิวจากมลภาวะ
130,Kao Beauty & Personal Care,ร***.,5,2024-03-28,ขนส่งรวดเร็ว อยู่ในสภาพดี ซื้อช่วงวันเกิดลาซาด้า ได้ลดแล้วลดอีก มีของแถมด้วยขอบคุณมากค่ะ,ขนส่งรวดเร็วอยู่ในสภาพดีซื้อช่วงวันเกิดลาซาได้ลดแล้วลดอีกมีของแถมด้วยขอบคุณมากค่ะ
131,Kao Beauty & Personal Care,ค***.,5,2023-11-04,แพ็คมาดีตลอด ที่หนึ่งในใจ กันแดดตัวนี้หมดไปหลายหลอดละ ใช้มาจะ  ปีละ คนผิวมันเลิฟเลอ ซึมเร็ว สบายผิวดี กันแดดได้ดี ถูก ดีย์,แพ็คมาดีตลอดที่หนึ่งในใจกันแดดตัวนี้หมดไปหลายหลอดละใช้มาจะปีละคนผิวมันเลิฟเลอซึมเร็วสบายผิวดีกันแดดได้ดีถูก
132,Kao Beauty & Personal Care,Huttaya. R.,1,2021-12-04,หมดอายุ,หมดอายุ
133,Kao Beauty & Personal Care,S***.,1,2022-01-03,หมดอายุ,หมดอายุ
134,Kao Beauty & Personal Care,C***.,1,2022-05-12,เนื้อครีมรู้สึกไม่เหมือนกับที่เคยไช้ กลิ่นก็แรงกว่าที่เคยไช้ ปกติเกลี่ยแล้วครีมจะซึมไวไปกับผิว อันนี้ไม่ได้รู้สึกแบบนั้นเลยค่ะ,เนื้อครีมรู้สึกไม่เหมือนกับที่เคยกลิ่นก็แรงกว่าที่เคยปกติเกลี่ยแล้วครีมจะซึมไวไปกับผิวอันนี้ไม่ได้รู้สึกแบบนั้นเลยค่ะ
135,Kao Beauty & Personal Care,งามเนตร จ.,1,2022-11-17,ขนส่งแย่มาก นัดรับสินค้าไม่มาตามเวลา เรารอ เสียเวลาทำงาน นัดเที่ยง มา เกือบ  โมงเย็น บอกเราว่างานยุ่ง  แล้วจะนัดเราเพื่ออะไร,ขนส่งแย่มากนัดรับสินค้าไม่มาตามเวลาเรารอเสียเวลาทำงานนัดเที่ยงมาเกือบโมงเย็นบอกเราว่างานยุ่งแล้วจะนัดเราเพื่ออะไร
136,Kao Beauty & Personal Care,พัชรา จ.,1,2021-08-17,หมดอายุ,หมดอายุ
137,Kao Beauty & Personal Care,น***.,1,2022-01-26,สินค้าน่าจะเป็นของปลอมเนื้อครีมไม่เหมือนกับที่ซื้อในห้าง,สินค้าน่าจะเป็นของปลอมเนื้อครีมไม่เหมือนกับที่ซื้อในห้าง
138,Kao Beauty & Personal Care,Aon A.,1,2019-02-19,ร้านนี้ขายสินค้าหมดอายุคะ เราถึงว่า ทำไมเนื้อครีมแปลกๆ เราสามารถฟ้องได้นะคะ ถ้าเราจะทำ อยากให้รีบผิดชอบด้วย หลักฐานเวลาซื้อก็มี,ร้านนี้ขายสินค้าหมดอายุคะเราถึงว่าทำไมเนื้อครีมแปลกเราสามารถฟ้องได้นะคะถ้าเราจะทำอยากให้รีบผิดชอบด้วยหลักฐานเวลาซื้อก็มี
139,Kao Beauty & Personal Care,K***.,2,2022-01-19,ของรอนานมากเลยนะคะซื้อไปก็ลืมไปแล้วถ้ารีบใช้ไปที่อื่น,ของรอนานมากเลยนะคะซื้อไปก็ลืมไปแล้วถ้ารีบใช้ไปที่อื่น
140,Kao Beauty & Personal Care,M***h,2,2020-11-19,สินค้าครบถ้วน แต่ไม่ได้เอาบับเบิ้ลห่อสินค้าให้ดี ทำแค่วางของใส่กล่องแล้ววางบับเบิ้ลบนสินค้ามาชั้น งง ทำเพื่ออะไร ขนส่งก็ช้า ช้ามากกกกๆๆ,สินค้าครบถ้วนแต่ไม่ได้เอาห่อสินค้าให้ดีทำแค่วางของใส่กล่องแล้ววางสินค้ามาชั้นงงทำเพื่ออะไรขนส่งก็ช้าช้ามาก
141,Kao Beauty & Personal Care,0***1,2,2022-11-02,สินค้าดีคะแต่ปลอมเยอะ ต้องซื้อกับบริษัท แต่การจัดส่งภายในบริษัท ล่าช้ามากๆๆ ควรปรับปรุงคะ,สินค้าดีคะแต่ปลอมเยอะต้องซื้อกับบริษัทแต่การจัดส่งภายในบริษัทล่าช้ามากควรปรับปรุงคะ
142,Kao Beauty & Personal Care,Kanjana J.,2,2018-11-24,กลิ่นแอลกอฮอล์แรงมากค่ะ ใช้แล้วแพ้ สิวขึ้น,กลิ่นแอลกอฮอล์แรงมากค่ะใช้แล้วแพ้สิวขึ้น
143,Kao Beauty & Personal Care,Salaya J.,2,2018-11-05,ไม่ค่อยซึมค่ะ เหนียว,ไม่ค่อยซึมค่ะเหนียว
144,Kao Beauty & Personal Care,�***�,3,2022-11-01,เป็นประสบการณ์ที่ไม่ค่อยดีถึงไม่ดีมากๆเลยค่ะ ที่ครั้งนี้สั่งครีมกันแดดกับแชมพูและครีมนวดไป แต่ส่งน้ำยาเช็ดกระจกมาให้ แล้วพอติดต่อไปก็ได้แต่บอกว่ารับเรื่องร้องเรียนแล้ว จะติดต่อกลับในวัน แต่ตอนนี้ยังไม่ได้รับการติดต่อเลยค่ะ แถมพอทวงถามความคืบหน้าไปก็ได้แต่จะตรวจสอบให้ ไม่อยากรีวิวแบบนี้เลยค่ะ ครั้งก่อนๆที่สั่งสินค้าก็ไม่เคยมีปัญหาใดๆ แต่นี่คือสุดจริงๆ  ล่าสุดมีการแก้ไขจากทางร้านค้าคือมีการติดต่อให้ขนส่งมารับสินค้าที่ผิดพลาดกลับไป และทำการส่งสินค้าที่ถูกต้องให้มาเรียบร้อยแล้วค่ะ,เป็นประสบการณ์ที่ไม่ค่อยดีถึงไม่ดีมากเลยค่ะที่ครั้งนี้สั่งครีมกันแดดกับแชมพูและครีมนวดไปแต่ส่งน้ำยาเช็ดกระจกมาให้แล้วพอติดต่อไปก็ได้แต่บอกว่ารับเรื่องร้องเรียนแล้วจะติดต่อกลับในวันแต่ตอนนี้ยังไม่ได้รับการติดต่อเลยค่ะแถมพอทวงถามความคืบหน้าไปก็ได้แต่จะตรวจสอบให้ไม่อยากรีวิวแบบนี้เลยค่ะครั้งก่อนที่สั่งสินค้าก็ไม่เคยมีปัญหาใดๆแต่นี่คือสุดจริงๆล่าสุดมีการแก้ไขจากทางร้านค้าคือมีการติดต่อให้ขนส่งมารับสินค้าที่ผิดพลาดกลับไปและทำการส่งสินค้าที่ถูกต้องให้มาเรียบร้อยแล้วค่ะ
145,Kao Beauty & Personal Care,ก***.,3,2023-06-04,ของส่งมาเร็ว แต่ไม่แน่ใจว่าจะเป็นของแท้ เพราะไม่ตรงกับที่ใช้อยู่มีข้อแตกต่าง ส่วนเนื้อสัมผัสเหลวกว่าไม่ค่อยค้น และกลิ่นไม่เหมือนกัน อาจเป็นเพราะมาจากแหล่งผลิตไม่เหมือนกัน ของที่ซื้อในไทย   แต่ชิ้นนี้เขียน,ของส่งมาเร็วแต่ไม่แน่ใจว่าจะเป็นของแท้เพราะไม่ตรงกับที่ใช้อยู่มีข้อแตกต่างส่วนเนื้อสัมผัสเหลวกว่าไม่ค่อยค้นและกลิ่นไม่เหมือนกันอาจเป็นเพราะมาจากแหล่งผลิตไม่เหมือนกันของที่ซื้อในไทยแต่ชิ้นนี้เขียน
146,Kao Beauty & Personal Care,รตนพร ร.,3,2018-11-16,ไม่ใช่ตัวที่เคยใช้  สั่งผิดึะ แต่ตะรองใช้ดูก่อนคะ ว่าดีหรือไม่คะ,ไม่ใช่ตัวที่เคยใช้สั่งผิแต่ตะรองใช้ดูก่อนคะว่าดีหรือไม่คะ
147,Kao Beauty & Personal Care,Chalita S.,3,2022-06-10,ของที่สั่งคุ้มค่าคุ้มราคามากกก แต่เราสั่งไปแล้วลืมเปลี่ยนที่อยู่ เลยเปลี่ยนทันทีหลังกดสั่ง แต่ร้านส่งของไปที่เดิม ดีที่จนทขนส่งบอกว่าเดี๋ยวส่งมาอีกที่ให้ เลยเสียค่าส่งเพิ่มไปอีก แถมรอเพิ่มอีกวัน,ของที่สั่งคุ้มค่าคุ้มราคามากแต่เราสั่งไปแล้วลืมเปลี่ยนที่อยู่เลยเปลี่ยนทันทีหลังกดสั่งแต่ร้านส่งของไปที่เดิมดีที่จนขนส่งบอกว่าเดี๋ยวส่งมาอีกที่ให้เลยเสียค่าส่งเพิ่มไปอีกแถมรอเพิ่มอีกวัน
148,Kao Beauty & Personal Care,Prathumwan S.,3,2023-03-29,พัสดุยับเยินมาก,พัสดุยับเยินมาก
149,Kao Beauty & Personal Care,Y***.,4,2021-04-19,ชอบตรงเกลี่ยง่ายแห้งไวนี่แหละค่ะ,ชอบตรงเกลี่ยง่ายแห้งไวนี่แหละค่ะ
150,Kao Beauty & Personal Care,Intira S.,4,2021-03-29,ร้านให้ของแถมมาเยอะมาก แต่ขอหัก  ดาวเพราะเป็นของที่ผลิตมาแล้ว  ปีค่ะ ซื้อตอนมีโปรก็จริง แต่ก็ยังอยากได้ของใหม่อยู่ดีค่า,ร้านให้ของแถมมาเยอะมากแต่ขอหักดาวเพราะเป็นของที่ผลิตมาแล้วปีค่ะซื้อตอนมีโปรก็จริงแต่ก็ยังอยากได้ของใหม่อยู่ดีค่า
151,Kao Beauty & Personal Care,Slm I.,4,2023-01-20,คุณภาพดี,คุณภาพดี
152,Kao Beauty & Personal Care,เปรียว ป.,4,2023-03-19,จีดส่งช้า,จีส่งช้า
153,Kao Beauty & Personal Care,กฤตชัย ย.,4,2018-09-12,สินค้าใช้ได้ดี มีกลิ่นหอมอ่อนๆ แต่ราคาไม่ได้ต่างจากซื้อในโลตัส,สินค้าใช้ได้ดีมีกลิ่นหอมอ่อนแต่ราคาไม่ได้ต่างจากซื้อในโลตัส
154,Kao Beauty & Personal Care,Waraporn,4,2018-09-23,เนื้อกันแดดซึมไวไม่เเหนอะหน้า แพ็คดีส่งสินค้าไวค่ะ,เนื้อกันแดดซึมไวไม่เหนอะหน้าแพ็คดีส่งสินค้าไวค่ะ
155,Kao Beauty & Personal Care,ก***.,4,2022-01-20,สินค้าไม่ได้รับความเสียหายได้ตรงตามปกค่ะราคาไม่แพงมาก  สินค้าไม่ได้รับความเสียหายได้ตรงตามปกค่ะราคาไม่แพงมาก  สินค้าไม่ได้รับความเสียหายได้ตรงตามปกค่ะราคาไม่แพงมาก,สินค้าไม่ได้รับความเสียหายได้ตรงตามปกค่ะราคาไม่แพงมากสินค้าไม่ได้รับความเสียหายได้ตรงตามปกค่ะราคาไม่แพงมากสินค้าไม่ได้รับความเสียหายได้ตรงตามปกค่ะราคาไม่แพงมาก
156,Kao Beauty & Personal Care,วิภาภรณ์ พ.,4,2020-02-27,สินค้าเก่าไปหน่อยค่ะ,สินค้าเก่าไปหน่อยค่ะ
157,Kao Beauty & Personal Care,ธเนศ ส.,4,2021-02-04,ถูกต้องตรงตามปก แต่ของที่ได้มาผลิตตั้งแต่ต้นปีที่แล้ว,ถูกต้องตรงตามปกแต่ของที่ได้มาผลิตตั้งแต่ต้นปีที่แล้ว
158,Kao Beauty & Personal Care,สุนิสา ต.,4,2022-06-12,ปกติจะผลิตที่ญี่ปุ่น งวดนี้ผลิตเวียดนาม จะลิงใช้ดู,ปกติจะผลิตที่ญี่ปุ่นงวดนี้ผลิตเวียดนามจะลิงใช้ดู
159,Kao Beauty & Personal Care,S***.,4,2021-05-07,บิโอเรครีมกันแดดแบบเจล ขนาด  มล สินค้าคุณภาพดี ราคาคุ้มค่า เสียแต่วันผลิตเก่าไปนิดตั้งแต่ จัดส่งเร็วดี,บิโอเรครีมกันแดดแบบเจลขนาดมลสินค้าคุณภาพดีราคาคุ้มค่าเสียแต่วันผลิตเก่าไปนิดตั้งแต่จัดส่งเร็วดี
160,Kao Beauty & Personal Care,Pimpha C.,4,2023-09-26,กลิ่นแรงกว่า  ขวด ที่เคยใช้ก่อนหน้า แล้วเนื้อครีมก็หนืดกว่าปกติเพราะขวดก่อนๆจะมีความเป็นน้ำมากกว่าเนื้อครีมหนืดๆแบบนี้  ขวดแรกซื้อจากช้อปไทย ขวดที่  ซื้อที่ไต้หวัน เลยไม่ค่อยมั่นใจว่าของแท้รึเปล่า,กลิ่นแรงกว่าขวดที่เคยใช้ก่อนหน้าแล้วเนื้อครีมก็หนืดกว่าปกติเพราะขวดก่อนจะมีความเป็นน้ำมากกว่าเนื้อครีมหนืดแบบนี้ขวดแรกซื้อจากไทยขวดที่ซื้อที่ไต้หวันเลยไม่ค่อยมั่นใจว่าของแท้รึเปล่า
161,Kao Beauty & Personal Care,Apichit S.,4,2023-07-21,ได้รับสินค้าตรงเวลา แพ๊คสินค้าดี สั่งร้านนี้ครั้งที่แล้วคุณภาพสินค้าดีเพราะชื่อผ่านร้านเจ้าของโดยตรง แถวได้ส่วนลดของร้านและของ  เพิ่มอีก โดยรวมคุ้มค่ากับราคา,ได้รับสินค้าตรงเวลาสินค้าดีสั่งร้านนี้ครั้งที่แล้วคุณภาพสินค้าดีเพราะชื่อผ่านร้านเจ้าของโดยตรงแถวได้ส่วนลดของร้านและของเพิ่มอีกโดยรวมคุ้มค่ากับราคา
162,Kao Beauty & Personal Care,จ***.,4,2023-11-24,นใำนฝำนฝพนฝกนฝดสฝดนฝะัตงพนฝะนฝพนพนใำนใพนฝำนวำนฝดรใดรใด่มดรมำรมำรใพรใพนใพนฝพนฝพนฝพนฝดนใพน,ใด
163,Kao Beauty & Personal Care,ฐ***.,4,2023-02-24,จัดส่งรวดเร็วรอไม่นาน ครีมกันแดดเนื้อเจล ใช้ครั้งแรก เนื้อเหมือนกะทิเลย ยังไม่เคยใช้ ลองทดสอบดูก่อนนะครับ,จัดส่งรวดเร็วรอไม่นานครีมกันแดดเนื้อเจลใช้ครั้งแรกเนื้อเหมือนกะทิเลยยังไม่เคยใช้ลองทดสอบดูก่อนนะครับ
164,Kao Beauty & Personal Care,A***.,4,2022-03-14,สินค้าดี ราคาไม่แพง  จัดส่งสินค้าค่อนข้างช้า สั่งซื้อสินค้า ไป ช่วงก่อนเที่นง วันที่  ได้รับสินค้า วันที่  ช่วงก่อนเที่ยง,สินค้าดีราคาไม่แพงจัดส่งสินค้าค่อนข้างช้าสั่งซื้อสินค้าไปช่วงก่อนเทวันที่ได้รับสินค้าวันที่ช่วงก่อนเที่ยง
165,Kao Beauty & Personal Care,แสงรุ้ง น.,4,2024-02-13,ผลิตที่เวียดนาม ไม่รู้จะใช้ดีไหม,ผลิตที่เวียดนามไม่รู้จะใช้ดีไหม
166,Kao Beauty & Personal Care,0***9,4,2021-07-09,เรียบร้อยดี ขนส่งไม่นาน ได้สินค้าครบ,เรียบร้อยดีขนส่งไม่นานได้สินค้าครบ
167,Kao Beauty & Personal Care,J***J,4,2022-10-20,จัดส่งไม่ไว ไม่ช้า แต่คนส่งมาโดยไม่โทรแจ้ง แพ็คสินค้าดีไม่มีบุบสลาย ของเพิ่งผลิตใหม่ปีนี้,จัดส่งไม่ไวไม่ช้าแต่คนส่งมาโดยไม่โทรแจ้งแพ็คสินค้าดีไม่มีบุบสลายของเพิ่งผลิตใหม่ปีนี้
168,Kao Beauty & Personal Care,S***.,4,2023-05-08,คุณภาพปกติดีแพ็คมาค่อนข้างจะไม่เรียบร้อยเท่าไหร่อาจเกิดจากการขนส่งอยากให้แพ๊คมาให้ดีกว่านี้,คุณภาพปกติดีแพ็คมาค่อนข้างจะไม่เรียบร้อยเท่าไหร่อาจเกิดจากการขนส่งอยากให้มาให้ดีกว่านี้
169,Kao Beauty & Personal Care,ส***.,4,2020-09-20,ราคาดีส่งเร็ว,ราคาดีส่งเร็ว
170,Kao Beauty & Personal Care,b***s,4,2022-01-29,ก็ไม่บอกไรมาก แค่ว่า ของหมดอายุแล้วแต่พึ่งหมดได้เดือนถือว่ายังโอเค,ก็ไม่บอกไรมากแค่ว่าของหมดอายุแล้วแต่พึ่งหมดได้เดือนถือว่ายังโอเค
171,Kao Beauty & Personal Care,ธนากร บ.,4,2018-12-14,ซึมผิวไวมาก คุณภาพน่าจะดี,ซึมผิวไวมากคุณภาพน่าจะดี
172,Kao Beauty & Personal Care,ศ***.,4,2022-04-18,รอนานมากค่ะ  กว่าวันได้ ร้านมีเมสเสจแจ้งว่าของไม่พออยู่ระหว่างนำเข้า   พึ่งของใช้ทำไมเหมือนแพ้ หน้าแห้งงง แสบหน้า  ปกติใช้ สูตร   ไม่แพ้ สงสัยคงไม่ถูกกับสูตรนี้,รอนานมากค่ะกว่าวันได้ร้านมีเมเสแจ้งว่าของไม่พออยู่ระหว่างนำเข้าพึ่งของใช้ทำไมเหมือนแพ้หน้าแห้งแสบหน้าปกติใช้สูตรไม่แพ้สงสัยคงไม่ถูกกับสูตรนี้
173,Kao Beauty & Personal Care,W***d,4,2021-10-04,สินค้าที่ส่งมามีสภาพเรียบร้อยดี ราคาช่วงโปรโมชั่นของลาซาด้า ก็คุ้มค่า,สินค้าที่ส่งมามีสภาพเรียบร้อยดีราคาช่วงโปรโมชั่นของลาซาก็คุ้มค่า
174,Kao Beauty & Personal Care,ส***.,4,2023-03-04,จัดส่งไวมาก  วันถึง  ทันได้กันแดด ราคาถูกมาก ซื้อตุนไว้ก่อน  อ่านรีวิวมาว่าร้านนี้เป็น   เลยไว้ใจ  ส่วนคุณภาพไว้ว่ากัน ยังไม่เคยใช้ยี่ห้อนี้,จัดส่งไวมากวันถึงทันได้กันแดดราคาถูกมากซื้อตุนไว้ก่อนอ่านรีวิวมาว่าร้านนี้เป็นเลยไว้ใจส่วนคุณภาพไว้ว่ากันยังไม่เคยใช้ยี่ห้อนี้
175,Kao Beauty & Personal Care,น.ส.อรยา พ.,4,2021-12-08,เร็วมากค่ะ ชอบ นึกว่าของจะส่งช้าแต่ไม่เลยค่ะ มาทันขวดเก่าที่ใกล้จะหมดด้วย เร็วมากจริงๆ จะมาอุดหนุนเรื่อยๆนะคะ,เร็วมากค่ะชอบนึกว่าของจะส่งช้าแต่ไม่เลยค่ะมาทันขวดเก่าที่ใกล้จะหมดด้วยเร็วมากจริงๆจะมาอุดหนุนเรื่อยๆนะคะ
176,Kao Beauty & Personal Care,Ponlasit,4,2022-09-12,ดีครับ,ดีครับ
177,Kao Beauty & Personal Care,M***.,4,2019-01-04,ส่งเร็ว ราคาถูกกว่าร้านตามห้างนิดหน่อย,ส่งเร็วราคาถูกกว่าร้านตามห้างนิดหน่อย
178,Kao Beauty & Personal Care,ว***า,4,2022-03-27,ส่งของช้ามาก ใข้เวลาประมาณวันได้กว่าจะได้ของ ของที่ได้ถือว่าผลิตค่อนข้างนานแล้วแต่ก็โอเคเพราะซื้อมาราคาถูกกว่าที่อื่น,ส่งของช้ามากเวลาประมาณวันได้กว่าจะได้ของของที่ได้ถือว่าผลิตค่อนข้างนานแล้วแต่ก็โอเคเพราะซื้อมาราคาถูกกว่าที่อื่น
179,Kao Beauty & Personal Care,เพียงตา ห.,4,2021-12-26,เคยใช้ยี่ห้ออยู่นี้แล้วค่ะ,เคยใช้ยี่ห้ออยู่นี้แล้วค่ะ
180,Kao Beauty & Personal Care,จ***.,4,2023-04-03,ดี,ดี
181,Kao Beauty & Personal Care,S***.,4,2023-07-29,สั่งออนไลน์ สะดวกดี แต่งง สติ๊กเกอร์นี่คืออะไร ก่อนส่ง แกะออกให้หน่อยก็น่าจะดูดีกว่านี้ โดยรวมดี,สั่งออนไลน์สะดวกดีแต่งงสติ๊กเกอร์นี่คืออะไรก่อนส่งแกะออกให้หน่อยก็น่าจะดูดีกว่านี้โดยรวมดี
182,Kao Beauty & Personal Care,อ***.,4,2021-07-24,สั่งวันที่ วันที่ก็ได้ของแล้ว เร็วดี ถูกด้วย แต่ถุงที่ห่อครีมกันแดดขาดไม่มีผลกับสินค้า มีของแถมให้ด้วยเป็นผ้าอนามัยแต่เป็นของเก่าปีแล้ว,สั่งวันที่วันที่ก็ได้ของแล้วเร็วดีถูกด้วยแต่ถุงที่ห่อครีมกันแดดขาดไม่มีผลกับสินค้ามีของแถมให้ด้วยเป็นผ้าอนามัยแต่เป็นของเก่าปีแล้ว
183,Kao Beauty & Personal Care,น***น,4,2023-07-09,ถือว่าดีกว่าแบรนด์อื่นๆนะซึมไวดี แต่เราเคยซื่อของบีโอเรนี่แหละ คล้ายๆกันแต่เป็นรุ่นที่แพงกว่ามันดีกว่า ความเนอัหนะมันน้อยกว่าทาแล้วเป็นธรรมชาติมากกว่า,ถือว่าดีกว่าแบรนด์อื่นๆนะซึมไวดีแต่เราเคยซื่อของบีโอเรนี่แหละคล้ายๆกันแต่เป็นรุ่นที่แพงกว่ามันดีกว่าความนะมันน้อยกว่าทาแล้วเป็นธรรมชาติมากกว่า
184,Kao Beauty & Personal Care,A***.,4,2020-09-13,แพคสินค้าไม่มีกันกระแทก น่าจะใส่ให้ด้วย,แพสินค้าไม่มีกันกระแทกน่าจะใส่ให้ด้วย
185,Kao Beauty & Personal Care,*******183,4,2022-03-12,เคยใช้แบบซองแล้วติดใจ เลยตัดสินใจซื้อแบบขวด ขวด,เคยใช้แบบซองแล้วติดใจเลยตัดสินใจซื้อแบบขวดขวด
186,Kao Beauty & Personal Care,K***t,4,2022-12-19,ราคาถูกดี หักดาวเพราพส้งช้า,ราคาถูกดีหักดาวเพราช้า
187,Kao Beauty & Personal Care,ส***.,4,2022-08-16,สินค้าขนส่งไว แพคสินค้าเรียบร้อยดี ราคาของทางร้านดีกว่าซื้อในร้าน บิวตี้ชอปทั่วไป  สินค้าหมดน่าจะซื้อจากร้านเดิมอีก สะดวกดีค่ะ,สินค้าขนส่งไวแพสินค้าเรียบร้อยดีราคาของทางร้านดีกว่าซื้อในร้านบิทั่วไปสินค้าหมดน่าจะซื้อจากร้านเดิมอีกสะดวกดีค่ะ
188,Kao Beauty & Personal Care,ส***.,4,2022-09-17,ได้รับสินค้าเรียบร้อยใช้เวลาจัดส่งไม่นานมาก ร้านค้าแพ็คสินค้ามาดี ต้องทดลองใช้ก่อนยังไม่รู้ว่าเป็นยังไง,ได้รับสินค้าเรียบร้อยใช้เวลาจัดส่งไม่นานมากร้านค้าแพ็คสินค้ามาดีต้องทดลองใช้ก่อนยังไม่รู้ว่าเป็นยังไง
189,Kao Beauty & Personal Care,.***.,4,2023-04-17,สินค้าใช้ดี ใช้ขวดที่แล้ว,สินค้าใช้ดีใช้ขวดที่แล้ว
190,Kao Beauty & Personal Care,ธีรพล อ.,4,2020-09-09,ไม่เหนอะกำลังต้องการพอดี,ไม่เหนอะกำลังต้องการพอดี
191,Kao Beauty & Personal Care,Jantana C.,5,2018-12-16,ใช้ดีค่ะ,ใช้ดีค่ะ
192,Kao Beauty & Personal Care,Mamie M.,5,2023-01-28,ส่งไว ใช้ดี ซื้อตอนแฟลชเซลล์ราคาดีงามค่ะ,ส่งไวใช้ดีซื้อตอนแฟลชเซลล์ราคาดีงามค่ะ
193,Kao Beauty & Personal Care,ธนาภรณ์วรกิจโภคาทร,1,2024-08-10,ของแถมบอกได้เป็นโฟมล้างหน้า แต่ส่งมาเป็นสเปรย์แอลกอฮอร์ ผิดหวัง,ของแถมบอกได้เป็นโฟมล้างหน้าแต่ส่งมาเป็นสเปรย์แอลกอผิดหวัง
194,Kao Beauty & Personal Care,S***.,1,2023-06-03,แพคสินค้ามาแย่มาก ของกระจายกระแทกไปมาจนมีของเหลวซึมออกจากซอง ซองนึงเหลือผลิตภัณฑ์แค่ครึ่งเดียว และไหลเปื้อนแพคเกจของสินค้าอื่น แย่มากกกกกกกป,แพสินค้ามาแย่มากของกระจายกระแทกไปมาจนมีของเหลวซึมออกจากซองซองนึงเหลือผลิตภัณฑ์แค่ครึ่งเดียวและไหลเปื้อนแพคเกจของสินค้าอื่นแย่มาก
195,Kao Beauty & Personal Care,สุนทรี,1,2023-04-11,คุณภาพของปลอม เนื้อครีมเหนียวเหนอะหนะมากไม่เคยเจอแบบนี้,คุณภาพของปลอมเนื้อครีมเหนียวเหนอะหนะมากไม่เคยเจอแบบนี้
196,Kao Beauty & Personal Care,ธ***.,2,2023-06-13,แนะนำให้เลิกใช้แฟลชในการขนส่งค่ะ วันแรกกดรับเองรอรวมมาส่งกับของอีกวัน พอมาอีกวันไม่โทรหา ไม่กดกริ่ง เอาของวางไว้ที่พื้นหน้ารั้ว แล้วบอกว่าเราสั่งให้วางๆ ทั้งๆที่ไม่เคยบอกให้วาง แย่มากค่ะ,แนะนำให้เลิกใช้แฟลชในการขนส่งค่ะวันแรกกดรับเองรอรวมมาส่งกับของอีกวันพอมาอีกวันไม่โทรหาไม่กดกริ่งเอาของวางไว้ที่พื้นหน้ารั้วแล้วบอกว่าเราสั่งให้วางทั้งๆที่ไม่เคยบอกให้วางแย่มากค่ะ
197,Kao Beauty & Personal Care,ล***.,3,2023-06-11,เพิ่งซื้อครั้งแรก ขอลองใช้ก่อน,เพิ่งซื้อครั้งแรกขอลองใช้ก่อน
198,Kao Beauty & Personal Care,ป***.,3,2019-04-09,คุณภาพสินค้าดี แต่เสียที่การขนส่งค่ะ                                  สั่งสินค้าตั้งแต่วันที่ แต่จัดส่งให้วันที่  ของมาถึงวันที่,คุณภาพสินค้าดีแต่เสียที่การขนส่งค่ะสั่งสินค้าตั้งแต่วันที่แต่จัดส่งให้วันที่ของมาถึงวันที่
199,Kao Beauty & Personal Care,อภิชิต ส.,3,2024-03-28,ประสิทธิภาพ ยังจะให้ให้เราได้นะน้องไปแล้วว่าเราเป้นจั้งได๋สบายดียายกุลเป้นไงบ้างงแล้วจะไปขายของ,ประสิทธิภาพยังจะให้ให้เราได้นะน้องไปแล้วว่าเราเป้จั้งสบายดียายกุลเป้ไงบ้างงแล้วจะไปขายของ
200,Kao Beauty & Personal Care,w***.,4,2023-06-28,ไม่มีการห่อบับเบิ้มใดๆ ถ้าขนส่งทำชำรุดรุนแรงสินค้าก็คงเสียหายด้วยแน่ๆ ถ้าหากร้านค้าห่อให้สักนิดนึงคงรู้สึกประทับใจมากกว่านี้,ไม่มีการห่อเบิ้มใดๆถ้าขนส่งทำชำรุดรุนแรงสินค้าก็คงเสียหายด้วยแน่ๆถ้าหากร้านค้าห่อให้สักนิดนึงคงรู้สึกประทับใจมากกว่านี้
201,Kao Beauty & Personal Care,โสภณ แ.,4,2019-04-19,สินค้าดี แค่ไม่มีใบเสร็จรับเงินมาคู่กันสินค้า ส่วนใหญ่ บที่ขายทางการและใหญ่ ไม่ใช่ร้านค้าทั่วไปร้านค้าทั่วไปบางร้านมีแนบให้ด้วย จะแนบใบเสร็จที่ชำระค่าสินค้าแล้วให้ลูกค้ามาพร้อมสินค้าเสมอ,สินค้าดีแค่ไม่มีใบเสร็จรับเงินมาคู่กันสินค้าส่วนใหญ่ที่ขายทางการและใหญ่ไม่ใช่ร้านค้าทั่วไปร้านค้าทั่วไปบางร้านมีแนบให้ด้วยจะแนบใบเสร็จที่ชำระค่าสินค้าแล้วให้ลูกค้ามาพร้อมสินค้าเสมอ
202,Kao Beauty & Personal Care,0***0,4,2024-03-03,เหมาะสำหรับทุกสภาพผิว ช่วยปกป้องจากแสงแดดสูง เหมาะสำหรับทุกสภาพผิว ไม่ทำให้รูขุมขนอุดตัน,เหมาะสำหรับทุกสภาพผิวช่วยปกป้องจากแสงแดดสูงเหมาะสำหรับทุกสภาพผิวไม่ทำให้รูขุมขนอุดตัน
203,Kao Beauty & Personal Care,P***a,4,2023-06-21,ส่งช้า แต่โปรคุ้มมาก,ส่งช้าแต่โปรคุ้มมาก
204,Kao Beauty & Personal Care,N***.,4,2023-10-11,เพิ่งผลิตเดือนเจ็ดปีนี้ได้รับสินค้าครบถ้วนสองอันไม่ได้มีของแถมในวันโปรโปรโมชั่น  ของใส่กล่องมาโดยรวมใช้งานได้แพ็คเก็จใหม่,เพิ่งผลิตเดือนเจ็ดปีนี้ได้รับสินค้าครบถ้วนสองอันไม่ได้มีของแถมในวันโปรโปรโมชั่นของใส่กล่องมาโดยรวมใช้งานได้แพ็คเก็จใหม่
205,Kao Beauty & Personal Care,A***.,4,2023-08-02,ใช้ดีใช้มาหลายชิ้นแล้วราคาถูกมากรีบซื้อตุนไว้แต่ใช้นานกว่าจะหมดหลอดแต่ของดีจริงๆ,ใช้ดีใช้มาหลายชิ้นแล้วราคาถูกมากรีบซื้อตุนไว้แต่ใช้นานกว่าจะหมดหลอดแต่ของดีจริงๆ
206,Kao Beauty & Personal Care,น***.,4,2023-04-09,คุณภาพใช้สินค้าเป็นประจำ,คุณภาพใช้สินค้าเป็นประจำ
207,Kao Beauty & Personal Care,****9,4,2024-05-26,ร้านส่งของไวอพ็คสินค้ามาดี แถมกันแดดแบบซองมาด้วยพึ่งรุ้เดียวนี้ครีมกันแบบผลิตที่เวียดนาม,ร้านส่งของไวสินค้ามาดีแถมกันแดดแบบซองมาด้วยพึ่งเดียวนี้ครีมกันแบบผลิตที่เวียดนาม
208,Kao Beauty & Personal Care,อริสรา ว.,4,2019-04-04,เนื้อเจลซึมเร็วดีค่ะ ทาซ้ำหลายๆครั้งก็ไม่รู้สึกเหนียวเหนอะหนะ กันแดดได้ดีทั้งผิวหน้าและผิวกายค่ะ,เนื้อเจลซึมเร็วดีค่ะทาซ้ำหลายครั้งก็ไม่รู้สึกเหนียวเหนอะหนะกันแดดได้ดีทั้งผิวหน้าและผิวกายค่ะ
209,Kao Beauty & Personal Care,Phaqwuan,4,2024-02-07,ส่งช้าไปนิดแต่สินค้าแพ็คดี,ส่งช้าไปนิดแต่สินค้าแพ็คดี
210,Kao Beauty & Personal Care,T***.,4,2023-09-07,สินค้าคุณภาพเคยใช้งาน กล่องส่งมาแบบปรกติ ส่งของได้ไว สั่งเมื่อวาน อีกวันหนึ่งมาส่ง โทรติดต่อก่อนมาส่ง ไม่เหมือนอีกขนส่งที่โทรมาแบบไม่ให้รับแล้วมาส่งเลย คล,สินค้าคุณภาพเคยใช้งานกล่องส่งมาแบบปรกติส่งของได้ไวสั่งเมื่อวานอีกวันหนึ่งมาส่งโทรติดต่อก่อนมาส่งไม่เหมือนอีกขนส่งที่โทรมาแบบไม่ให้รับแล้วมาส่งเลยคล
211,Kao Beauty & Personal Care,K***k,4,2024-03-26,คุณภาพสินค้าโดยรวมถือว่าราคา ช่วงโปรโมชั่น ถือว่าถูกมาก ใช้ประจำ รอการขนส่งสินค้า ไม่นาน,คุณภาพสินค้าโดยรวมถือว่าราคาช่วงโปรโมชั่นถือว่าถูกมากใช้ประจำรอการขนส่งสินค้าไม่นาน
212,Kao Beauty & Personal Care,ต๋อง ค.,4,2023-10-10,ใช้แล้วไม่เหนียวเหนอะ เย็น สินค้าส่งเร็ว สั่งตอนลดราคาพอดี ดูเดียวทดลองใช้ก่อนครับถ้าดีแล้วจะซื้ออีก,ใช้แล้วไม่เหนียวเหนอะเย็นสินค้าส่งเร็วสั่งตอนลดราคาพอดีดูเดียวทดลองใช้ก่อนครับถ้าดีแล้วจะซื้ออีก
213,Kao Beauty & Personal Care,Chuthathan S.,4,2020-07-19,สินค้า ส่งเร็วมากกกก,สินค้าส่งเร็วมาก
214,Kao Beauty & Personal Care,Jiraporn W.,4,2023-06-10,สั่งสินค้าครบตามที่กำหนดจะได้กระเป๋าเป็นของแถม ซึ่งตอนกดสั่ง ไม่ได้แจ้งในรับบว่าของแถมหมด ได้รับของแล้วรู้สึกเฟลมากๆๆ กดสั่งไปเยอะเพราะอยากได้กระเป๋าผ้า แต่ให้กระเป๋าอะไรมา ไม่โอเคเลย,สั่งสินค้าครบตามที่กำหนดจะได้กระเป๋าเป็นของแถมซึ่งตอนกดสั่งไม่ได้แจ้งในรับว่าของแถมหมดได้รับของแล้วรู้สึกมากกดสั่งไปเยอะเพราะอยากได้กระเป๋าผ้าแต่ให้กระเป๋าอะไรมาไม่โอเคเลย
215,Kao Beauty & Personal Care,Pat T.,4,2019-04-10,ส่งเร็ว ถูกกว่าห้าง,ส่งเร็วถูกกว่าห้าง
216,Kao Beauty & Personal Care,K***k,4,2023-11-21,เปรียบเทียบอันใหม่กับอันเก่าให้ดูค่ะโดยรวมถือว่าโอเคจัดส่งรวดเร็วราคาไม่แพงทดลองใช้ไม่อุดตันล้างหน้าสองครั้งก็ถือว่าโอเคแล้วค่ะออกหมด,เปรียบเทียบอันใหม่กับอันเก่าให้ดูค่ะโดยรวมถือว่าโอเคจัดส่งรวดเร็วราคาไม่แพงทดลองใช้ไม่อุดตันล้างหน้าสองครั้งก็ถือว่าโอเคแล้วค่ะออกหมด
217,Kao Beauty & Personal Care,V***.,4,2019-12-15,สั่งซื้อสินค้าตอน  ได้  ที่ผลิต   นึกว่ทจะได้ของที่ผลิตในปีนี้สะอีก,สั่งซื้อสินค้าตอนได้ที่ผลิตนึกจะได้ของที่ผลิตในปีนี้สะอีก
218,Kao Beauty & Personal Care,พรศรี ป.,4,2023-07-08,สินค้าของแท้ ราคาถูกมาก ชนิดนี้จะเป็นของเหลวไม่ใช่ครีม แต่ก็ใช้ได้ดี มีของแถมให้ด้วย จัดว่งเร็วมาก,สินค้าของแท้ราคาถูกมากชนิดนี้จะเป็นของเหลวไม่ใช่ครีมแต่ก็ใช้ได้ดีมีของแถมให้ด้วยจัดเร็วมาก
219,Kao Beauty & Personal Care,Tea A.,4,2024-01-01,เหมาะสำหรับทุกสภาพผิว เหมาะสำหรับกิจกรรมกลางแจ้ง,เหมาะสำหรับทุกสภาพผิวเหมาะสำหรับกิจกรรมกลางแจ้ง
220,Konvy,รุจิราลัย พ.,5,2024-09-01,ได้รับรวดเร็ว  ใช้เวลาเพียงสองวัน เคยใช้อีกสูตรนึง สีชมพู สูตรนี้จะลองใช้เป็นครั้งแรก คิดว่าน่าจะโอเค เพราะต่างกันแค่สี คิดว่าเนื้อน่าจะเหมือนกัน,ได้รับรวดเร็วใช้เวลาเพียงสองวันเคยใช้อีกสูตรนึงสีชมพูสูตรนี้จะลองใช้เป็นครั้งแรกคิดว่าน่าจะโอเคเพราะต่างกันแค่สีคิดว่าเนื้อน่าจะเหมือนกัน
221,Konvy,ตรีทิพ จ.,5,2024-08-25,เคยใช้แต่สีฟ้า เพิ่งลองสั่งมาเป็นครั้งแรก ที่เคยใช้สำหรับสีฟ้า ทาแล้วหน้าไม่มันเนื่องจากเป็นเบสน้ำ แพ็คมาเรียบร้อย ส่งไว รุ่นนี้ผลิตในเวียดนาม,เคยใช้แต่สีฟ้าเพิ่งลองสั่งมาเป็นครั้งแรกที่เคยใช้สำหรับสีฟ้าทาแล้วหน้าไม่มันเนื่องจากเป็นเบสน้ำแพ็คมาเรียบร้อยส่งไวรุ่นนี้ผลิตในเวียดนาม
222,Konvy,ป***.,5,2024-08-05,คุณภาพดี รูปลักษณ์ภายนอกดี การใช้งานดี  คุ้มค่ากับเงินที่จ่าย สินค้าดี  จัดส่งรวดเร็ว พนักงานนำส่งสุภาพ  คุ้มค่ากับเงินที่จ่าย สินค้าดี  จัดส่งรวดเร็ว พนักงานนำส่งสุภาพ,คุณภาพดีรูปลักษณ์ภายนอกดีการใช้งานดีคุ้มค่ากับเงินที่จ่ายสินค้าดีจัดส่งรวดเร็วพนักงานนำส่งสุภาพคุ้มค่ากับเงินที่จ่ายสินค้าดีจัดส่งรวดเร็วพนักงานนำส่งสุภาพ
223,Konvy,0***4,5,2024-08-12,สินค้าห่อหุ้มมาแย่างดี มั่นใจในคุณภาพทั้งของสินค้าและร้านค้า ราคาดี,สินค้าห่อหุ้มมาแย่ดีมั่นใจในคุณภาพทั้งของสินค้าและร้านค้าราคาดี
224,Konvy,P***.,5,2024-05-26,รู้สึกเบาบนผิว ป้องกันรังสีแสงอาทิตย์ในระดับสูง ไม่ทำให้เกิดหน้าขาว ป้องกันรังสีแสงอาทิตย์ในระดับสูง ไม่ทำให้เกิดสิว รู้สึกเบาบนผิว เหมาะสำหรับใช้ทุกวัน ป้องกันรังสีแสงอาทิตย์ในระดับสูง ไม่ทำให้เกิดหน้าขาว เบาและไม่มัน เหมาะสำหรับใช้ทุกวัน,รู้สึกเบาบนผิวป้องกันรังสีแสงอาทิตย์ในระดับสูงไม่ทำให้เกิดหน้าขาวป้องกันรังสีแสงอาทิตย์ในระดับสูงไม่ทำให้เกิดสิวรู้สึกเบาบนผิวเหมาะสำหรับใช้ทุกวันป้องกันรังสีแสงอาทิตย์ในระดับสูงไม่ทำให้เกิดหน้าขาวเบาและไม่มันเหมาะสำหรับใช้ทุกวัน
225,Konvy,บฟ🌿,5,2024-06-02,ไม่ทำให้เกิดสิว ทำให้ผิวดูธรรมชาติ ปกป้องจากรังสีแสงอาทิตย์ที่ยาวนาน สูตรที่ไม่เหนียวเหนอะหนะ,ไม่ทำให้เกิดสิวทำให้ผิวดูธรรมชาติปกป้องจากรังสีแสงอาทิตย์ที่ยาวนานสูตรที่ไม่เหนียวเหนอะหนะ
226,Konvy,ร***.,5,2024-09-15,ซื้อช่วง  ได้ราคาดีมาก ๆ ร้านส่งไว ใช้ยี่ห้อเป็นประจำอยู่แล้ว เนื้อไม่หนัก เกลี่ยง่าย ไม่เป็นคราบ รู้สึกสบายผิว,ซื้อช่วงได้ราคาดีมากร้านส่งไวใช้ยี่ห้อเป็นประจำอยู่แล้วเนื้อไม่หนักเกลี่ยง่ายไม่เป็นคราบรู้สึกสบายผิว
227,Konvy,E***.,5,2024-09-15,เนื้อเจลซึมซาบเร็ว เหมาะสำหรับการใช้งานประจำวัน ให้ผลลัพธ์ที่เป็นธรรมชาติสูตรไม่เหนียวเหนอะหนะ,เนื้อเจลซึมซาบเร็วเหมาะสำหรับการใช้งานประจำวันให้ผลลัพธ์ที่เป็นธรรมชาติสูตรไม่เหนียวเหนอะหนะ
228,Konvy,0***7,5,2024-08-14,เนื้อสัมผัสเบา เกลี่ยง่าย ไม่ทิ้งคราบระหว่างวัน สบายผิว ไมาแสบตา ใช้แล้วไม่เป็นสิว รุ่นนี้ฉลากไทยแต่,เนื้อสัมผัสเบาเกลี่ยง่ายไม่ทิ้งคราบระหว่างวันสบายผิวแสบตาใช้แล้วไม่เป็นสิวรุ่นนี้ฉลากไทยแต่
229,Konvy,Sweetiepie,5,2024-08-08,รู้สึกเบาบนผิว ป้องกันรังสีแสงอาทิตย์ในระดับสูง ไม่อุดตันรูขุมขน ทำให้ผิวรู้สึกชุ่มชื้น ปกป้องจากรังสีแสงอาทิตย์ที่ยาวนาน,รู้สึกเบาบนผิวป้องกันรังสีแสงอาทิตย์ในระดับสูงไม่อุดตันรูขุมขนทำให้ผิวรู้สึกชุ่มชื้นปกป้องจากรังสีแสงอาทิตย์ที่ยาวนาน
230,Konvy,อ***า,5,2024-07-31,ทำให้ผิวรู้สึกชุ่มชื้น รู้สึกเบาบนผิว สูตรเจลซึมซาบเร็ว ทำให้ผิวดูธรรมชาติ เหมาะสำหรับทุกสภาพผิว ใช้ง่ายและผสมสีได้ดี,ทำให้ผิวรู้สึกชุ่มชื้นรู้สึกเบาบนผิวสูตรเจลซึมซาบเร็วทำให้ผิวดูธรรมชาติเหมาะสำหรับทุกสภาพผิวใช้ง่ายและผสมสีได้ดี
231,Konvy,Noy S.,5,2024-07-31,ได้รับสินค้าแล้ว หลอดใหญ่เด้อ   นี้เป็นการสั่งครั้งแรกยังไม่ได้ลองใช้ แต่มีความคาดหวังว่ามันจะโอเคกับเรา ครั้งแรกก็จัดหลอดใหญ่ดันเลย,ได้รับสินค้าแล้วหลอดใหญ่เด้อนี้เป็นการสั่งครั้งแรกยังไม่ได้ลองใช้แต่มีความคาดหวังว่ามันจะโอเคกับเราครั้งแรกก็จัดหลอดใหญ่ดันเลย
232,Konvy,J***.,5,2024-07-17,ทำให้ผิวรู้สึกชุ่มชื้น สูตรเจลซึมซาบเร็ว ทำให้ผิวดูธรรมชาติ เบาและไม่มัน เหมาะสำหรับผิวที่แพ้ง่าย ไม่ทำให้เกิดสิว ทำให้ผิวรู้สึกชุ่มชื้น,ทำให้ผิวรู้สึกชุ่มชื้นสูตรเจลซึมซาบเร็วทำให้ผิวดูธรรมชาติเบาและไม่มันเหมาะสำหรับผิวที่แพ้ง่ายไม่ทำให้เกิดสิวทำให้ผิวรู้สึกชุ่มชื้น
233,Konvy,wiparat B.,5,2024-07-16,ได้รับสินค้าตรวตามที่สั่ง เคยใช้ครีมกันแดดสูตรนี้แบบซองมาแล้วเลยสั่งแบบขนาดใหญ่ขึ้น ครีมกันแดดซึมเร็วเหมาะสำหรับทุกสภาพผิว เบาและไม่มัน ทำให้ผิวดูธรรมชาติ เหมาะสำหรับใช้ทุกวัน ทำให้ผิวรู้สึกชุ่มชื้น,ได้รับสินค้าตามที่สั่งเคยใช้ครีมกันแดดสูตรนี้แบบซองมาแล้วเลยสั่งแบบขนาดใหญ่ขึ้นครีมกันแดดซึมเร็วเหมาะสำหรับทุกสภาพผิวเบาและไม่มันทำให้ผิวดูธรรมชาติเหมาะสำหรับใช้ทุกวันทำให้ผิวรู้สึกชุ่มชื้น
234,Konvy,Jin J.,5,2024-07-03,ป้องกันรังสีแสงอาทิตย์ในระดับสูง ป้องกันรังสีแสงอาทิตย์ในระดับสูง ป้องกันรังสีแสงอาทิตย์ในระดับสูง ป้องกันรังสีแสงอาทิตย์ในระดับสูง ป้องกันรังสีแสงอาทิตย์ในระดับสูง,ป้องกันรังสีแสงอาทิตย์ในระดับสูงป้องกันรังสีแสงอาทิตย์ในระดับสูงป้องกันรังสีแสงอาทิตย์ในระดับสูงป้องกันรังสีแสงอาทิตย์ในระดับสูงป้องกันรังสีแสงอาทิตย์ในระดับสูง
235,Konvy,อนุรักษ์ ส.,5,2024-06-12,ซื้อมาใช้หลายครั้ง ดีจริง ราคาประหยัดกับึนงบน้อย ทา  ช้อนชาตามคำแนะนำ กันดำได้จริงหน้าใสขึ้น ทาแล้วหน้าจะสว่างขึ้นหนึ่งระดับ,ซื้อมาใช้หลายครั้งดีจริงราคาประหยัดกับน้อยทาช้อนชาตามคำแนะนำกันดำได้จริงหน้าใสขึ้นทาแล้วหน้าจะสว่างขึ้นหนึ่งระดับ
236,Konvy,Maneesika P.,5,2024-05-11,เป็นกันแดดที่ใช้ดีมาก ราคาถูกมาก ชอบมาก ของดีมีคุณภาพ จัดส่งค่อนข้างเร็ว แพคของดีมาก ร้านนี้ของแท้แน่นอน,เป็นกันแดดที่ใช้ดีมากราคาถูกมากชอบมากของดีมีคุณภาพจัดส่งค่อนข้างเร็วแพของดีมากร้านนี้ของแท้แน่นอน
237,Konvy,ก***.,5,2024-05-02,คุณภาพ  ดี  เนื้อสัมผัส  ครีมเหลว  ประสิทธิภาพ  ดี  ได้รับสินค้ารวดเร็ววัน แพ็คสินค้ามาไม่มีเสียหาย สินค้าครบถ้วน สั่งของ รับประกันได้ว่าเป็นแท้แน่นอน,คุณภาพดีเนื้อสัมผัสครีมเหลวประสิทธิภาพดีได้รับสินค้ารวดเร็ววันแพ็คสินค้ามาไม่มีเสียหายสินค้าครบถ้วนสั่งของรับประกันได้ว่าเป็นแท้แน่นอน
238,Konvy,b***1,5,2024-04-24,ได้รับสินค้าแล้ว คุ้มค่าคุ้มราคาการใช้งาน ราคาโดนใจมาก ร้านจัดส่งรวดเร็ว ขนส่งส่งรวดเร็ว ราคาดี ครบถ้วน ถูกต้องตามสั่งดีมาก สินค้าใช้งานได้ แพ็คสินค้าได้แน่นหนาดี,ได้รับสินค้าแล้วคุ้มค่าคุ้มราคาการใช้งานราคาโดนใจมากร้านจัดส่งรวดเร็วขนส่งส่งรวดเร็วราคาดีครบถ้วนถูกต้องตามสั่งดีมากสินค้าใช้งานได้แพ็คสินค้าได้แน่นหนาดี
239,Konvy,ณัฏฐ์ชาภา ศ.,5,2024-04-20,ไม่ทำให้เกิดสิว ทำให้ผิวดูธรรมชาติ เบาและไม่มัน ป้องกันรังสีแสงอาทิตย์ในระดับสูง สูตรที่ไม่เหนียวเหนอะหนะ ช่วยให้เมคอัพเนื้อเนียน เหมาะสำหรับใช้ทุกวัน ป้องกันรังสีแสงอาทิตย์ในระดับสูง ทำให้ผิวรู้สึกชุ่มชื้น,ไม่ทำให้เกิดสิวทำให้ผิวดูธรรมชาติเบาและไม่มันป้องกันรังสีแสงอาทิตย์ในระดับสูงสูตรที่ไม่เหนียวเหนอะหนะช่วยให้เมคอัพเนื้อเนียนเหมาะสำหรับใช้ทุกวันป้องกันรังสีแสงอาทิตย์ในระดับสูงทำให้ผิวรู้สึกชุ่มชื้น
240,Konvy,Wanida Y.,5,2024-08-20,รู้สึกเบาบนผิว เหมาะสำหรับการใช้งานประจำวัน การป้องกันแสงแดดที่ยาวนาน เนื้อเจลซึมซาบเร็ว,รู้สึกเบาบนผิวเหมาะสำหรับการใช้งานประจำวันการป้องกันแสงแดดที่ยาวนานเนื้อเจลซึมซาบเร็ว
241,Konvy,Ming C.,5,2024-07-27,สูตรที่ไม่เหนียวเหนอะหนะ ไม่ทำให้เกิดหน้าขาว ใช้ง่ายและผสมสีได้ดี ทำให้ผิวรู้สึกชุ่มชื้น,สูตรที่ไม่เหนียวเหนอะหนะไม่ทำให้เกิดหน้าขาวใช้ง่ายและผสมสีได้ดีทำให้ผิวรู้สึกชุ่มชื้น
242,Konvy,T***s,5,2024-05-06,สูตรเจลซึมซาบเร็ว เหมาะสำหรับผิวที่แพ้ง่าย ไม่ทำให้เกิดสิว เหมาะสำหรับใช้ทุกวัน ไม่อุดตันรูขุมขน ใช้ง่ายและผสมสีได้ดี,สูตรเจลซึมซาบเร็วเหมาะสำหรับผิวที่แพ้ง่ายไม่ทำให้เกิดสิวเหมาะสำหรับใช้ทุกวันไม่อุดตันรูขุมขนใช้ง่ายและผสมสีได้ดี
243,Konvy,T***s,5,2024-05-06,สูตรที่ไม่เหนียวเหนอะหนะ รู้สึกเบาบนผิว ใช้ง่ายและผสมสีได้ดี ไม่ทำให้เกิดหน้าขาว ปกป้องจากรังสีแสงอาทิตย์ที่ยาวนาน,สูตรที่ไม่เหนียวเหนอะหนะรู้สึกเบาบนผิวใช้ง่ายและผสมสีได้ดีไม่ทำให้เกิดหน้าขาวปกป้องจากรังสีแสงอาทิตย์ที่ยาวนาน
244,Konvy,yaowares,5,2024-04-15,ส่งเร็วมากกกก สินค้าคุณภาพดีมากเลย ส่งเร็วมากกกก สินค้าคุณภาพดีมาก ส่งเร็วมากกกก สินค้าคุณภาพดี ซึมเร็ว คุ้มค่ามากที่สุด ถูกและดีมาก แพ็คมาดีมาก,ส่งเร็วมากสินค้าคุณภาพดีมากเลยส่งเร็วมากสินค้าคุณภาพดีมากส่งเร็วมากสินค้าคุณภาพดีซึมเร็วคุ้มค่ามากที่สุดถูกและดีมากแพ็คมาดีมาก
245,Konvy,*******552,5,2024-04-07,ใช้ดีมาก ซื้อประจำ ทางร้านส่งไว แพคดีมากค่ะ มีบับเบิ้ล สินค้าถูกต้องตามที่สั่ง ขนาดใหญ่ คุ้มค่ะ ใช้ได้นาน,ใช้ดีมากซื้อประจำทางร้านส่งไวแพคดีมากค่ะมีสินค้าถูกต้องตามที่สั่งขนาดใหญ่คุ้มค่ะใช้ได้นาน
246,Konvy,เฉลิมชัย ว.,5,2024-03-06,ไม่ทำให้เกิดหน้าขาว ทำให้ผิวดูธรรมชาติ เหมาะสำหรับผิวที่แพ้ง่าย ป้องกันรังสีแสงอาทิตย์ในระดับสูง เหมาะสำหรับทุกสภาพผิว ปกป้องจากรังสีแสงอาทิตย์ที่ยาวนาน สินค้าเป็นของแท้,ไม่ทำให้เกิดหน้าขาวทำให้ผิวดูธรรมชาติเหมาะสำหรับผิวที่แพ้ง่ายป้องกันรังสีแสงอาทิตย์ในระดับสูงเหมาะสำหรับทุกสภาพผิวปกป้องจากรังสีแสงอาทิตย์ที่ยาวนานสินค้าเป็นของแท้
247,Konvy,เฉลิมชัย ว.,5,2024-03-06,ไม่ทำให้เกิดหน้าขาว ไม่อุดตันรูขุมขน ป้องกันรังสีแสงอาทิตย์ในระดับสูง รู้สึกเบาบนผิว เหมาะสำหรับใช้ทุกวัน สินค้าของแท้,ไม่ทำให้เกิดหน้าขาวไม่อุดตันรูขุมขนป้องกันรังสีแสงอาทิตย์ในระดับสูงรู้สึกเบาบนผิวเหมาะสำหรับใช้ทุกวันสินค้าของแท้
248,Konvy,อ***.,5,2024-03-08,เหมาะสำหรับใช้ทุกวัน เหมาะสำหรับทุกสภาพผิว ปกป้องจากรังสีแสงอาทิตย์ที่ยาวนาน ป้องกันรังสีแสงอาทิตย์ในระดับสูง รู้สึกเบาบนผิว สูตรที่ไม่เหนียวเหนอะหนะ เหมาะสำหรับผิวที่แพ้ง่าย ทำให้ผิวดูธรรมชาติ เหมาะสำหรับผิวที่แพ้ง่าย รู้สึกเบาบนผิว เหมาะสำหรับผิวที่แพ้ง่าย รู้สึกเบาบนผิว ปกป้องจากรังสีแสงอาทิตย์ที่ยาวนาน ป้องกันรังสีแสงอาทิตย์ในระดับสูง สูตรที่ไม่เหนียวเหนอะหนะ รู้สึกเบาบนผิว สูตรที่ไม่เหนียวเหนอะหนะ ปกป้องจากรังสีแสงอาทิตย์ที่ยาวนาน ป้องกันรังสีแสงอาทิตย์ในระดับสูง เหมาะสำหรับทุกสภาพผิว ปกป้องจากรังสีแสงอาทิตย์ที่ยาวนาน เหมาะสำหรับใช้ทุกวัน เหมาะสำหรับทุกสภาพผิว ป้องกันรังสีแสงอาทิตย์ในระดับสูง ปกป้องจากรังสีแสงอาทิตย์ที่ยาวนาน,เหมาะสำหรับใช้ทุกวันเหมาะสำหรับทุกสภาพผิวปกป้องจากรังสีแสงอาทิตย์ที่ยาวนานป้องกันรังสีแสงอาทิตย์ในระดับสูงรู้สึกเบาบนผิวสูตรที่ไม่เหนียวเหนอะหนะเหมาะสำหรับผิวที่แพ้ง่ายทำให้ผิวดูธรรมชาติเหมาะสำหรับผิวที่แพ้ง่ายรู้สึกเบาบนผิวเหมาะสำหรับผิวที่แพ้ง่ายรู้สึกเบาบนผิวปกป้องจากรังสีแสงอาทิตย์ที่ยาวนานป้องกันรังสีแสงอาทิตย์ในระดับสูงสูตรที่ไม่เหนียวเหนอะหนะรู้สึกเบาบนผิวสูตรที่ไม่เหนียวเหนอะหนะปกป้องจากรังสีแสงอาทิตย์ที่ยาวนานป้องกันรังสีแสงอาทิตย์ในระดับสูงเหมาะสำหรับทุกสภาพผิวปกป้องจากรังสีแสงอาทิตย์ที่ยาวนานเหมาะสำหรับใช้ทุกวันเหมาะสำหรับทุกสภาพผิวป้องกันรังสีแสงอาทิตย์ในระดับสูงปกป้องจากรังสีแสงอาทิตย์ที่ยาวนาน
249,Konvy,G***�,5,2024-03-08,คุณภาพ  ดี  เนื้อสัมผัส  เบา  ประสิทธิภาพ  ดี ใช้ดีอยู่แล้ว ยี่ห้อนี้ ใช้มานานหลายปีดีดัก อิอิ ใช้ได้นานนะ ขวดเท่านี้ ดีเลยยย,คุณภาพดีเนื้อสัมผัสเบาประสิทธิภาพดีใช้ดีอยู่แล้วยี่ห้อนี้ใช้มานานหลายปีดีดักอิอิใช้ได้นานนะขวดเท่านี้ดีเลย
250,Konvy,Paweena M.,5,2024-03-09,คุณภาพ  ไม่เหนียว  เนื้อสัมผัส  ละเอียดอ่อน ซึมเร็ว  ประสิทธิภาพ  ป้องกัน แสงแดดได้ดี ได้รับสินค้าเรียบร้อยแล้วค่ะ สินค้าตรงปก จัดส่งไวมากๆค่ะ,คุณภาพไม่เหนียวเนื้อสัมผัสละเอียดอ่อนซึมเร็วประสิทธิภาพป้องกันแสงแดดได้ดีได้รับสินค้าเรียบร้อยแล้วค่ะสินค้าตรงปกจัดส่งไวมากค่ะ
251,Konvy,T***t,5,2024-02-24,ป้องกันรังสีแสงอาทิตย์ในระดับสูง ประเทศไทย ใช้เครื่องหมาย มอกเป็นตัวแทนของเครื่องหมายมาตรฐาน ที่ติดอยู่บนผลิตภัณฑ์ที่ผ่านการตรวจสอบแล้วว่ามีคุณภาพ ได้มาตรฐานตามข้อกำหนดซึ่งมีอยู่  ประเภท คือ,ป้องกันรังสีแสงอาทิตย์ในระดับสูงประเทศไทยใช้เครื่องหมายมอเป็นตัวแทนของเครื่องหมายมาตรฐานที่ติดอยู่บนผลิตภัณฑ์ที่ผ่านการตรวจสอบแล้วว่ามีคุณภาพได้มาตรฐานตามข้อกำหนดซึ่งมีอยู่ประเภทคือ
252,Konvy,Kanya N.,5,2024-02-15,สูตรเจลซึมซาบเร็ว ทำให้ผิวรู้สึกชุ่มชื้น รู้สึกเบาบนผิว ป้องกันรังสีแสงอาทิตย์ในระดับสูง ไม่อุดตันรูขุมขน เหมาะสำหรับใช้ทุกวัน เหมาะสำหรับทุกสภาพผิว ใช้ประจำต่อเนื่องรอบนี้หน้าตาขวดเปลี่ยนไปแต่รายละเอียดเหมือนเดิม,สูตรเจลซึมซาบเร็วทำให้ผิวรู้สึกชุ่มชื้นรู้สึกเบาบนผิวป้องกันรังสีแสงอาทิตย์ในระดับสูงไม่อุดตันรูขุมขนเหมาะสำหรับใช้ทุกวันเหมาะสำหรับทุกสภาพผิวใช้ประจำต่อเนื่องรอบนี้หน้าตาขวดเปลี่ยนไปแต่รายละเอียดเหมือนเดิม
253,Konvy,N***.,5,2024-09-01,ไม่ทิ้งคราบขาว การป้องกันแสงแดดที่ยาวนาน ให้ฐานที่เรียบเนียนสำหรับการแต่งหน้า สูตรไม่เหนียวเหนอะหนะ ไม่อุดตันรูขุมขน ให้การปกป้องแสงแดดในระดับสูง เนื้อเจลซึมซาบเร็ว,ไม่ทิ้งคราบขาวการป้องกันแสงแดดที่ยาวนานให้ฐานที่เรียบเนียนสำหรับการแต่งหน้าสูตรไม่เหนียวเหนอะหนะไม่อุดตันรูขุมขนให้การปกป้องแสงแดดในระดับสูงเนื้อเจลซึมซาบเร็ว
254,Konvy,O***y,5,2024-09-01,กันน้ำไม่ทิ้งคราบขาว ให้การปกป้องแสงแดดในระดับสูง เหมาะสำหรับการใช้งานประจำวัน น้ำหนักเบาและไม่มันเยิ้ม ง่ายต่อการทาและผสม,กันน้ำไม่ทิ้งคราบขาวให้การปกป้องแสงแดดในระดับสูงเหมาะสำหรับการใช้งานประจำวันน้ำหนักเบาและไม่มันเยิ้มง่ายต่อการทาและผสม
255,Konvy,*******556,5,2024-08-25,ทำให้ผิวรู้สึกชุ่มชื้น ง่ายต่อการทาและผสม เหมาะสำหรับผิวแพ้ง่าย ไม่ทิ้งคราบขาว เหมาะสำหรับทุกสภาพผิว เนื้อเจลซึมซาบเร็ว,ทำให้ผิวรู้สึกชุ่มชื้นง่ายต่อการทาและผสมเหมาะสำหรับผิวแพ้ง่ายไม่ทิ้งคราบขาวเหมาะสำหรับทุกสภาพผิวเนื้อเจลซึมซาบเร็ว
256,Konvy,Sasina T.,5,2024-08-18,น้ำหนักเบาและไม่มันเยิ้ม การป้องกันแสงแดดที่ยาวนาน น้ำหนักเบาและไม่มันเยิ้ม ให้ฐานที่เรียบเนียนสำหรับการแต่งหน้า,น้ำหนักเบาและไม่มันเยิ้มการป้องกันแสงแดดที่ยาวนานน้ำหนักเบาและไม่มันเยิ้มให้ฐานที่เรียบเนียนสำหรับการแต่งหน้า
257,Konvy,น***.,5,2024-08-18,การป้องกันแสงแดดที่ยาวนาน เหมาะสำหรับทุกสภาพผิว เหมาะสำหรับผิวแพ้ง่าย เหมาะสำหรับการใช้งานประจำวัน การป้องกันแสงแดดที่ยาวนาน,การป้องกันแสงแดดที่ยาวนานเหมาะสำหรับทุกสภาพผิวเหมาะสำหรับผิวแพ้ง่ายเหมาะสำหรับการใช้งานประจำวันการป้องกันแสงแดดที่ยาวนาน
258,Konvy,ปารณีย์ พ.,5,2024-08-12,สินค้าจัดส่งครบถ้วนตรงตามที่สั่งแพ็คสินค้ามาได้ดีมากไม่มีเสียหายใช้เวลาในการจัดส่งไม่นานตรงตามที่นัหมาย,สินค้าจัดส่งครบถ้วนตรงตามที่สั่งแพ็คสินค้ามาได้ดีมากไม่มีเสียหายใช้เวลาในการจัดส่งไม่นานตรงตามที่มาย
259,Konvy,A***.,5,2024-08-11,เหมาะสำหรับทุกสภาพผิว การป้องกันแสงแดดที่ยาวนาน ให้การปกป้องแสงแดดในระดับสูง ให้ฐานที่เรียบเนียนสำหรับการแต่งหน้า,เหมาะสำหรับทุกสภาพผิวการป้องกันแสงแดดที่ยาวนานให้การปกป้องแสงแดดในระดับสูงให้ฐานที่เรียบเนียนสำหรับการแต่งหน้า
260,Konvy,samattachai S.,5,2024-08-11,คุณภาพทำให้ผิวรู้สึกชุ่มชื้น เหมาะสำหรับทุกสภาพผิว ไม่ทำให้เกิดสิว สูตรไม่เหนียวเหนอะหนะ ไม่อุดตันรูขุมขน,คุณภาพทำให้ผิวรู้สึกชุ่มชื้นเหมาะสำหรับทุกสภาพผิวไม่ทำให้เกิดสิวสูตรไม่เหนียวเหนอะหนะไม่อุดตันรูขุมขน
261,Konvy,ภัทรนันท์ ค.,5,2024-08-11,คุณภาพ  ดี  เนื้อสัมผัส  บางเบาใช้งานง่สยเหมาะสำหรับผิวแพ้ง่าย รู้สึกเบาบนผิว การป้องกันแสงแดดที่ยาวนาน ให้ฐานที่เรียบเนียนสำหรับการแต่งหน้า,คุณภาพดีเนื้อสัมผัสบางเบาใช้งานเหมาะสำหรับผิวแพ้ง่ายรู้สึกเบาบนผิวการป้องกันแสงแดดที่ยาวนานให้ฐานที่เรียบเนียนสำหรับการแต่งหน้า
262,Konvy,Airry T.,5,2024-08-11,ประสิทธิภาพ  ให้การปกป้องแสงแดดในระดับสูง เหมาะสำหรับผิวแพ้ง่าย เนื้อเจลซึมซาบเร็ว ง่ายต่อการทาและผสม ให้ฐานที่เรียบเนียนสำหรับการแต่งหน้า,ประสิทธิภาพให้การปกป้องแสงแดดในระดับสูงเหมาะสำหรับผิวแพ้ง่ายเนื้อเจลซึมซาบเร็วง่ายต่อการทาและผสมให้ฐานที่เรียบเนียนสำหรับการแต่งหน้า
263,Konvy,ม***า,5,2024-08-11,ให้การปกป้องแสงแดดในระดับสูง ให้การปกป้องแสงแดดในระดับสูง ให้การปกป้องแสงแดดในระดับสูง ให้การปกป้องแสงแดดในระดับสูง ให้การปกป้องแสงแดดในระดับสูง ให้การปกป้องแสงแดดในระดับสูง,ให้การปกป้องแสงแดดในระดับสูงให้การปกป้องแสงแดดในระดับสูงให้การปกป้องแสงแดดในระดับสูงให้การปกป้องแสงแดดในระดับสูงให้การปกป้องแสงแดดในระดับสูงให้การปกป้องแสงแดดในระดับสูง
264,Konvy,0***5,5,2024-08-11,น้ำหนักเบาและไม่มันเยิ้ม สูตรไม่เหนียวเหนอะหนะ ไม่ทำให้เกิดสิว ไม่ทำให้เกิดสิว ไม่ทำให้เกิดสิว สูตรไม่เหนียวเหนอะหนะ,น้ำหนักเบาและไม่มันเยิ้มสูตรไม่เหนียวเหนอะหนะไม่ทำให้เกิดสิวไม่ทำให้เกิดสิวไม่ทำให้เกิดสิวสูตรไม่เหนียวเหนอะหนะ
265,Konvy,Chanasid I.,5,2024-08-11,ทำให้ผิวรู้สึกชุ่มชื้น ให้การปกป้องแสงแดดในระดับสูง สูตรไม่เหนียวเหนอะหนะ ให้การปกป้องแสงแดดในระดับสูง,ทำให้ผิวรู้สึกชุ่มชื้นให้การปกป้องแสงแดดในระดับสูงสูตรไม่เหนียวเหนอะหนะให้การปกป้องแสงแดดในระดับสูง
266,Konvy,k***u,5,2024-08-18,ให้การปกป้องแสงแดดในระดับสูง ให้ผลลัพธ์ที่เป็นธรรมชาติ สูตรไม่เหนียวเหนอะหนะ ไม่ทำให้เกิดสิว,ให้การปกป้องแสงแดดในระดับสูงให้ผลลัพธ์ที่เป็นธรรมชาติสูตรไม่เหนียวเหนอะหนะไม่ทำให้เกิดสิว
267,Konvy,6***8,5,2024-08-05,คุณภาพ  ทำให้ผิวรู้สึกชุ่มชื้น   เนื้อสัมผัส  สูตรที่ไม่เหนียวเหนอะหนะ   ประสิทธิภาพ  เหมาะสำหรับใช้ทุกวัน ปกป้องจากรังสีแสงอาทิตย์ที่ยาวนาน,คุณภาพทำให้ผิวรู้สึกชุ่มชื้นเนื้อสัมผัสสูตรที่ไม่เหนียวเหนอะหนะประสิทธิภาพเหมาะสำหรับใช้ทุกวันปกป้องจากรังสีแสงอาทิตย์ที่ยาวนาน
268,Konvy,T***.,5,2024-08-05,ได้รับสินค้าในสภาพครบถ้วนสมบูรณ์ไม่มีความเสียหายแต่อย่างใดๆเลยค่ะ จัดส่งได้อย่างรวดเร็ว สินค้าตรงปกค่ะ,ได้รับสินค้าในสภาพครบถ้วนสมบูรณ์ไม่มีความเสียหายแต่อย่างใดๆเลยค่ะจัดส่งได้อย่างรวดเร็วสินค้าตรงปกค่ะ
269,Konvy,Aom S.,5,2024-08-05,ป้องกันรังสีแสงอาทิตย์ในระดับสูง ไม่อุดตันรูขุมขน ไม่ทำให้เกิดสิว เหมาะสำหรับทุกสภาพผิว รู้สึกเบาบนผิว ใช้ง่ายและผสมสีได้ดี,ป้องกันรังสีแสงอาทิตย์ในระดับสูงไม่อุดตันรูขุมขนไม่ทำให้เกิดสิวเหมาะสำหรับทุกสภาพผิวรู้สึกเบาบนผิวใช้ง่ายและผสมสีได้ดี
270,Boots,ธีรภัทร บ.,3,2022-09-05,ไม่ค่อยชอบเท่าไหร,ไม่ค่อยชอบเท่าไห
271,Boots,saowaluck B.,4,2023-06-26,โอเคดีค่ะ แต่กลิ่นแอลกอฮอล์แรงไปหน่อยสำหรับเรา แล้วก็เกลี่ยยากนิดนึง แต่พอเซตตัวก็ให้ผิวที่สวยค่ะ แล้วก็ไม่แสบตาด้วย,โอเคดีค่ะแต่กลิ่นแอลกอฮอล์แรงไปหน่อยสำหรับเราแล้วก็เกลี่ยยากนิดนึงแต่พอเซตตัวก็ให้ผิวที่สวยค่ะแล้วก็ไม่แสบตาด้วย
272,Boots,M***.,4,2020-07-03,โอเคอยู่นะคะ แต่รู้สึกส่าจะเป็รคราบเวลาใส่แมส,โอเคอยู่นะคะแต่รู้สึกส่าจะคราบเวลาใส่แมส
273,Boots,F***.,5,2022-09-14,บิโอเร่กันแดดสีฟ้าเจลยังไม่เคยราคาคุ้มได้ปริมาณเยอะถ้าดีซื้อต่อแน่นอนต้องลองก่อน,บิโอเร่กันแดดสีฟ้าเจลยังไม่เคยราคาคุ้มได้ปริมาณเยอะถ้าดีซื้อต่อแน่นอนต้องลองก่อน
274,Boots,น้องแหวน ช.,5,2023-11-01,คุณภาพแพ็คของดีสินค้าคุณภาพดีมากค่ะ,คุณภาพแพ็คของดีสินค้าคุณภาพดีมากค่ะ
275,Lotus’s,Kook,3,2016-08-25,กันแดดได้ดี ซึบซาบเร็ว ไม่เหนียว แต่กลิ่นแอลกอฮอล์ชัดไปหน่อย ใช้ส่วนลดมาส่งฟรีถึงที่ ราคาคุ้มค่ากว่าไปซื้อที่ห้าง,กันแดดได้ดีซาเร็วไม่เหนียวแต่กลิ่นแอลกอฮอล์ชัดไปหน่อยใช้ส่วนลดมาส่งฟรีถึงที่ราคาคุ้มค่ากว่าไปซื้อที่ห้าง
276,Lotus’s,ภคมน เ.,4,2015-09-08,คุณภาพเหมาะดีมาก ราคาไม่แพงเกินผู้ใช้ระดับกลาง ไม่เหนียวเหนอะหนะ ผิวชุ้มชื้น,คุณภาพเหมาะดีมากราคาไม่แพงเกินผู้ใช้ระดับกลางไม่เหนียวเหนอะหนะผิวชื้น
277,Lotus’s,จิรัชญา ส.,4,2019-10-16,กันแดดเนื้อเป็นน้ำเจล ทาตอนแรกจะออกวอกๆ ขาวๆ ต้องรอสักพักถึงจะซึมลงผิว ระหว่างวันรู้สึกเหนียวหน้าและมันค่ะ,กันแดดเนื้อเป็นน้ำเจลทาตอนแรกจะออกวอกขาวต้องรอสักพักถึงจะซึมลงผิวระหว่างวันรู้สึกเหนียวหน้าและมันค่ะ
278,Lotus’s,K***k,4,2023-10-03,คุณภาพ  โดยรวมถือว่าโอเคค่ะใช้ได้ดีอยากให้มีโปรโมชั่นลดราคาพิเศษหรือลดราคาค่าส่งจะดีมากเลยค่ะอยากให้ราคาถูกกว่านี้หน่อย,คุณภาพโดยรวมถือว่าโอเคค่ะใช้ได้ดีอยากให้มีโปรโมชั่นลดราคาพิเศษหรือลดราคาค่าส่งจะดีมากเลยค่ะอยากให้ราคาถูกกว่านี้หน่อย
279,Lotus’s,Kawduan N.,4,2021-04-27,สภาพสินค้าดีมากค่ะไม่มีที่ติ แต่ของรอนานมากค่ะ,สภาพสินค้าดีมากค่ะไม่มีที่ติแต่ของรอนานมากค่ะ
280,Lotus’s,สุรวุฒิ แ.,4,2017-03-25,ใช้ดี ราคาไม่แพงครับ ถูกกว่าซื้อเองตามร้าน ตินิดนึงเรื่องรูปผลิตภัณฑ์ที่ไม่ตรงกับของที่ได้ เข้าใจว่าบริษัทปรับสูตรกับบรรจุภัณฑ์ พอเปิดกล่องแล้วนึกว่าส่งมาผิด ต้องมาอ่านฉลากดีๆ ถึงรู้,ใช้ดีราคาไม่แพงครับถูกกว่าซื้อเองตามร้านตินิดนึงเรื่องรูปผลิตภัณฑ์ที่ไม่ตรงกับของที่ได้เข้าใจว่าบริษัทปรับสูตรกับบรรจุภัณฑ์พอเปิดกล่องแล้วนึกว่าส่งมาผิดต้องมาอ่านฉลากดีถึงรู้
281,Lotus’s,มนัสชนก ก.,4,2019-05-29,เพิ่งรุ้ว่าซื้อผิดสูตร  แต่ก็ใช้ดีนะ ซึมเร็ว ยังใข้อยู่เลย,เพิ่งว่าซื้อผิดสูตรแต่ก็ใช้ดีนะซึมเร็วยังอยู่เลย
