no,shop,name,rating,date,review_text
1,BEAUTRIUM,р╕к***.,5,2021-11-25,р╕Др╕╕р╕Ур╕ар╕▓р╕Юр╕Вр╕нр╕Зр╕кр╕┤р╕Щр╕Др╣Йр╕▓р╕Фр╕╡р╕бр╕▓р╕Бр╕Бр╕Б
2,BEAUTRIUM,р╕Щ***.,5,2021-12-11,р╣Др╕Фр╣Йр╕гр╕▒р╕Ър╕кр╕┤р╕Щр╕Др╣Йр╕▓р╕Др╕гр╕Ър╣Бр╕ер╣Йр╕зр╕Щр╕░р╕Др╕░ р╕Хр╕гр╕Зр╕Хр╕▓р╕бр╕Чр╕╡р╣Ир╕кр╕▒р╣Ир╕Зр╣Др╕Ыр╕Др╣Ир╕░ р╕Др╕╕р╕Ур╕ар╕▓р╕Юр╕кр╕┤р╕Щр╕Др╣Йр╕▓р╕Фр╕╡р╕бр╕▓р╕Бр╕Др╣Ир╕░ р╣Бр╕Юр╕Др╕кр╕┤р╕Щр╕Др╣Йр╕▓р╕бр╕▓р╕нр╕вр╣Ир╕▓р╕Зр╕Фр╕╡р╣Ар╕ер╕в р╕Вр╕Щр╕кр╣Ир╕Зр╕гр╕зр╕Фр╣Ар╕гр╣Зр╕зр╕Фр╕╡р╕бр╕▓р╕Бр╕Др╣Ир╕░
3,BEAUTRIUM,р╕вр╕╕р╕Юр╕▓р╕зр╕гр╕гр╕У р╕Ю.,5,2019-07-15,р╕кр╕┤р╕Щр╕Др╣Йр╕▓р╣Гр╕Кр╣Йр╕Фр╕╡р╕нр╕вр╕╣р╣Ир╣Бр╕ер╣Йр╕з р╕гр╕нр╕Ър╕Щр╕╡р╣Йр╣Др╕Фр╣Йр╕гр╕▓р╕Др╕▓р╕Цр╕╣р╕Бр╕нр╕╡р╕Б р╕кр╕┤р╕Щр╕Др╣Йр╕▓р╣Бр╕Юр╕Др╕бр╕▓р╕Фр╕╡р╕Ир╕▒р╕Фр╕кр╣Ир╕Зр╣Др╕зр╕бр╕▓р╕Бр╕Др╣Ир╕░
4,BEAUTRIUM,Roh C.,5,2020-03-03,р╕кр╕┤р╕Щр╕Др╣Йр╕▓р╕Фр╕╡ р╕Ър╕гр╕гр╕Ир╕╕р╕ар╕▒р╕Ур╕Ср╣Мр╣Ар╕гр╕╡р╕вр╕Ър╕гр╣Йр╕нр╕вр╕кр╣Ир╕Зр╣Др╕з
5,BEAUTRIUM,р╕Щр╕зр╕ер╕Ир╕▒р╕Щр╕Чр╕гр╣М р╣А.,5,2019-12-16,р╣Др╕Фр╣Йр╕Вр╕нр╕Зр╣Ар╕гр╣Зр╕зр╕Др╕░ р╣Бр╕Юр╣Зр╕Др╕нр╕вр╣Ир╕▓р╕Зр╕Фр╕╡
6,BEAUTRIUM,*******288,5,2023-02-08,р╣Гр╕Кр╣Йр╣Бр╕ер╣Йр╕зр╣Бр╕Юр╣Йр╕Др╕░ р╕бр╕╡р╕Ьр╕╖р╣Ир╕Щ
7,BEAUTRIUM,T***i,5,2022-06-09,р╣Гр╕Кр╣Йр╕Фр╕╡ р╣Ар╕гр╣Зр╕з р╣Др╕бр╣Ир╣Ар╕лр╕Щр╕╡р╕вр╕з
8,BEAUTRIUM,M***.,5,2021-07-09,р╕Бр╕▓р╕гр╕Ир╕▒р╕Фр╕кр╣Ир╕З р╕гр╕зр╕Фр╣Ар╕гр╣Зр╕зр╕Фр╕╡р╕бр╕▓р╕Б
9,BEAUTRIUM,р╕Б***.,5,2019-10-22,р╣Гр╕Кр╣Йр╕Фр╕╡ р╕кр╣Ир╕Зр╣Ар╕гр╣Зр╕зр╕Др╣Ир╕░
10,BEAUTRIUM,Junejune,5,2020-02-22,р╕Ир╕▒р╕Фр╕кр╣Ир╕Зр╣Ар╕гр╣Зр╕зр╕бр╕▓р╕Б
11,BEAUTRIUM,S***.,5,2019-11-29,р╕кр╣Ир╕Зр╣Ар╕гр╣Зр╕з р╕Вр╕нр╕Зр╣Гр╕лр╕бр╣И р╕гр╕▓р╕Др╕▓р╕Фр╕╡р╕Бр╕зр╣Ир╕▓
12,Konvy,р╕Ш***.,5,2024-08-11,р╕кр╕╣р╕Хр╕гр╕нр╣Ир╕нр╕Щр╣Вр╕вр╕Щр╕кр╕│р╕лр╕гр╕▒р╕Ър╕Ьр╕┤р╕зр╣Бр╕Юр╣Йр╕Зр╣Ир╕▓р╕в р╕кр╕╣р╕Хр╕гр╕Щр╣Йр╕│р╕лр╕Щр╕▒р╕Бр╣Ар╕Ър╕▓ р╣Ар╕Щр╕╖р╣Йр╕нр╕кр╕▒р╕бр╕Ьр╕▒р╕кр╣Др╕бр╣Ир╕бр╕▒р╕Щ р╣Ар╕лр╕бр╕▓р╕░р╕кр╕│р╕лр╕гр╕▒р╕Ър╕Бр╕▓р╕гр╣Гр╕Кр╣Йр╕Зр╕▓р╕Щр╕Ыр╕гр╕░р╕Ир╕│р╕зр╕▒р╕Щ р╣Ар╕Фр╕┤р╕б р╕кр╕╡р╣Ар╕Вр╕╡р╕вр╕з р╕ер╕нр╕Зр╕кр╕╡р╕Кр╕бр╕Юр╕╣р╕Щр╣Ир╕▓р╕Ир╕░р╕Фр╕╡р╣Др╕бр╣Ир╣Бр╕Юр╣Йр╕Бр╕▒р╕Щ
13,Konvy,р╕Б***.,5,2024-07-03,р╕кр╕╣р╕Хр╕гр╕Ър╕▓р╕Зр╣Ар╕Ър╕▓ р╕кр╕╣р╕Хр╕гр╕нр╣Ир╕нр╕Щр╣Вр╕вр╕Щр╕кр╕│р╕лр╕гр╕▒р╕Ър╕Ьр╕┤р╕зр╕Ър╕нр╕Ър╕Ър╕▓р╕З р╣Ар╕лр╕бр╕▓р╕░р╕кр╕│р╕лр╕гр╕▒р╕Ър╣Гр╕Кр╣Йр╕Ыр╕гр╕░р╕Ир╕│р╕зр╕▒р╕Щ р╕гр╕╣р╣Йр╕кр╕╢р╕Бр╕кр╕Ър╕▓р╕вр╕Ър╕Щр╕Ьр╕┤р╕з р╣Гр╕лр╣Йр╕Ьр╕ер╕ер╕▒р╕Юр╕Шр╣Мр╣Ар╕Щр╕╖р╣Йр╕н р╣Др╕бр╣Ир╕Чр╕│р╣Гр╕лр╣Йр╕гр╕╣р╕Вр╕╕р╕бр╕Вр╕Щр╕нр╕╕р╕Фр╕Хр╕▒р╕Щ
14,Konvy,р╕Ир╕▒р╕Щр╕Чр╕┤р╕Хр╕▓,5,2024-09-22,р╕Др╕гр╕╡р╕бр╕Чр╕▓р╕Ьр╕┤р╕зр╕Фр╕╡р╕бр╕▓р╕Бр╕Бр╕Бр╕Фр╕Фр╕Фр╕Ф р╕гр╕кр╕Фр╕╡р╕бр╕▓р╕Бр╕Бр╕Бр╕Бр╕Бр╕Бр╕Бр╕Бр╕Бр╕Бр╕Бр╕Бр╕Бр╕Бр╕Бр╕Бр╕Бр╕Бр╕Бр╕Бр╕Бр╕Бр╕Бр╕Бр╕Бр╕Ыр╕Бр╕Бр╕Бр╕Бр╕Бр╕Бр╕Бр╕Бр╕Бр╕Бр╕Бр╕Бр╕Бр╕Фр╕Фр╕Фр╣Бр╕Фр╕Фр╕Фр╣Бр╕Фр╕Фр╕Фр╕Фр╕Фр╕кр╕╣р╕Хр╕гр╕нр╣Ир╕нр╕Щр╣Вр╕вр╕Щр╕кр╕│р╕лр╕гр╕▒р╕Ър╕Ьр╕┤р╕зр╣Бр╕Юр╣Йр╕Зр╣Ир╕▓р╕в р╕Бр╕▓р╕гр╕Ыр╣Йр╕нр╕Зр╕Бр╕▒р╕Щр╣Бр╕кр╕Зр╣Бр╕Фр╕Фр╕Чр╕╡р╣Ир╕вр╕▓р╕зр╕Щр╕▓р╕Щ р╕Чр╕▓р╣Др╕Фр╣Йр╕Зр╣Ир╕▓р╕в р╣Др╕бр╣Ир╕Чр╕┤р╣Йр╕Зр╕Др╕гр╕▓р╕Ър╕Вр╕▓р╕з
15,Konvy,Porntip A.,5,2024-09-15,р╣Ар╕лр╕бр╕▓р╕░р╕кр╕│р╕лр╕гр╕▒р╕Ър╣Ар╕Ыр╣Зр╕Щр╣Ар╕Ър╕кр╣Бр╕Хр╣Ир╕Зр╕лр╕Щр╣Йр╕▓ р╕кр╕╣р╕Хр╕гр╕Щр╣Йр╕│р╕лр╕Щр╕▒р╕Бр╣Ар╕Ър╕▓ р╕Ыр╕Бр╕Ыр╕┤р╕Фр╕Ир╕╕р╕Фр╕Фр╣Ир╕▓р╕Зр╕Фр╕│р╣Бр╕ер╕░р╕гр╕нр╕вр╕Хр╕│р╕лр╕Щр╕┤ р╕Чр╕▓р╣Др╕Фр╣Йр╕Зр╣Ир╕▓р╕в р╣Ар╕лр╕бр╕▓р╕░р╕кр╕│р╕лр╕гр╕▒р╕Ър╕Бр╕▓р╕гр╣Гр╕Кр╣Йр╕Зр╕▓р╕Щр╕Ыр╕гр╕░р╕Ир╕│р╕зр╕▒р╕Щ
16,Konvy,p***y,5,2024-08-19,р╕Чр╕│р╣Гр╕лр╣Йр╕Ьр╕┤р╕зр╕кр╕зр╣Ир╕▓р╕Зр╣Бр╕ер╕░р╣Гр╕к р╕Ыр╕Бр╕Ыр╕┤р╕Фр╕Ир╕╕р╕Фр╕Фр╣Ир╕▓р╕Зр╕Фр╕│р╣Бр╕ер╕░р╕гр╕нр╕вр╕Хр╕│р╕лр╕Щр╕┤ р╕Бр╕▓р╕гр╕Ыр╣Йр╕нр╕Зр╕Бр╕▒р╕Щр╣Бр╕кр╕Зр╣Бр╕Фр╕Фр╕Чр╕╡р╣Ир╕Фр╕╡р╣Ар╕вр╕╡р╣Ир╕вр╕б р╣Ар╕лр╕бр╕▓р╕░р╕кр╕│р╕лр╕гр╕▒р╕Ър╣Ар╕Ыр╣Зр╕Щр╣Ар╕Ър╕кр╣Бр╕Хр╣Ир╕Зр╕лр╕Щр╣Йр╕▓
17,Konvy,P***.,5,2024-07-29,р╣Гр╕Кр╣Йр╕Фр╕╡р╕бр╕▓р╕Бр╕Др╕░ р╣Др╕бр╣Ир╣Бр╕Юр╣Й р╣Бр╕Щр╕░р╕Др╕╕р╕Ур╣Бр╕бр╣Ир╣Гр╕Кр╣Йр╕Хр╕┤р╕Фр╣Гр╕И р╣Гр╕Кр╣Йр╕лр╕бр╕Фр╣Гр╕лр╣Йр╕кр╕▒р╣Ир╕Зр╣Гр╕лр╕бр╣Ир╣Бр╕Ър╕Ър╣Ар╕Фр╕┤р╕бр╕Хр╕ер╕нр╕Фр╕Др╣Ир╕░ р╣Гр╕Кр╣Йр╣Бр╕ер╣Йр╕зр╕Ыр╕гр╕▒р╕Ър╕гр╕░р╕Фр╕▒р╕Ър╕Ьр╕┤р╕зр╣Гр╕лр╣Йр╕Вр╕▓р╕зр╣Ар╕Щр╕╡р╕вр╕Щр╕Шр╕гр╕гр╕бр╕Кр╕▓р╕Хр╕┤ р╕кр╣Ир╕Зр╕кр╕┤р╕Щр╕Др╣Йр╕▓р╣Ар╕гр╣Зр╕зр╕Хр╕гр╕Зр╕Ыр╕Бр╕Др╣Ир╕░
18,Konvy,р╕з***.,5,2023-10-12,р╕Др╕╕р╕Ур╕ар╕▓р╕Ю р╕Фр╕╡р╕бр╕▓р╕Б р╣Ар╕Щр╕╖р╣Йр╕нр╕кр╕▒р╕бр╕Ьр╕▒р╕к р╣Ар╕Ър╕▓р╕кр╕Ър╕▓р╕вр╣Ар╕Ыр╣Зр╕Щр╕Щр╣Йр╕│р╕Щр╕б р╕Ыр╕гр╕░р╕кр╕┤р╕Чр╕Шр╕┤р╕ар╕▓р╕Ю р╕Бр╕▒р╕Щ р╣Ар╕Фр╕Фр╣Др╕Фр╣Йр╕Фр╕╡р╣Гр╕Кр╣Йр╕бр╕▓р╕лр╕ер╕▓р╕вр╕Ыр╕╡р╕бр╕▓р╕Бр╕Др╣Ир╕░р╕Хр╕▒р╣Йр╕З р╕нр╕▓р╕вр╕╕25р╕Ыр╕▒р╕Ир╕Ир╕╕р╕Ър╕▒р╕Щ33р╕ер╣Ир╕░р╕Др╣Йр╕▓р╕ер╕нр╕Зр╕бр╕▓р╕лр╕ер╕▓р╕вр╕нр╕▒р╕Щр╕Хр╕▒р╕зр╕Щр╕╡р╣Йр╕Хр╕нр╕Ър╣Вр╕Ир╕Чр╕вр╣Мр╣Др╕бр╣Ир╣Ар╕Ыр╕ер╕╡р╣Ир╕вр╕Щр╣Гр╕И
19,Konvy,S***.,5,2022-11-08,р╣Гр╕Кр╣Йр╣Бр╕ер╣Йр╕зр╕Фр╕╡р╕бр╕▓р╕Бр╕бр╕▓р╕Бр╕Бр╕Бр╕Бр╕Б р╕Др╕╕р╕бр╕бр╕▒р╕Щр╕Фр╕╡ р╕Лр╕╢р╕бр╣Ар╕гр╣Зр╕з р╕лр╕Щр╣Йр╕▓р╣Др╕бр╣Ир╕зр╕нр╕Б р╕гр╣Йр╕▓р╕Щр╕Др╣Йр╕▓р╕Ир╕▒р╕Фр╕кр╣Ир╕Зр╣Ар╕гр╣Зр╕зр╣Ар╕зр╕нр╕гр╣М р╣Гр╕Кр╣Йр╣Бр╕ер╣Йр╕зр╕Фр╕╡р╕бр╕▓р╕Бр╕бр╕▓р╕Бр╕Бр╕Бр╕Бр╕Б р╕Др╕╕р╕бр╕бр╕▒р╕Щр╕Фр╕╡ р╕Лр╕╢р╕бр╣Ар╕гр╣Зр╕з р╕лр╕Щр╣Йр╕▓р╣Др╕бр╣Ир╕зр╕нр╕Б р╕гр╣Йр╕▓р╕Щр╕Др╣Йр╕▓р╕Ир╕▒р╕Фр╕кр╣Ир╕Зр╣Ар╕гр╣Зр╕зр╣Ар╕зр╕нр╕гр╣М
20,Konvy,M***.,5,2022-06-27,р╕Ир╕▒р╕Фр╕кр╣Ир╕Зр╕гр╕зр╕Фр╣Ар╕гр╣Зр╕з р╕Бр╕ер╣Ир╕нр╕Зр╕Юр╕▒р╕кр╕Фр╕╕р╕нр╕вр╕╣р╣Ир╣Гр╕Щр╕кр╕ар╕▓р╕Юр╕Фр╕╡ р╕гр╕▓р╕Др╕▓р╕Цр╕╣р╕Бр╕Бр╕зр╣Ир╕▓р╕Лр╕╖р╣Йр╕нр╕лр╣Йр╕▓р╕З р╕кр╕┤р╕Щр╕Др╣Йр╕▓р╣Гр╕лр╕бр╣Ир╕Ьр╕ер╕┤р╕Хр╕Ыр╕╡ 2022 р╣Гр╕Кр╣Йр╕Ыр╕гр╕░р╕Ир╕│ р╕Бр╕▒р╕Щр╣Бр╕Фр╕Ф р╣Ар╕Щр╕╖р╣Йр╕нр╕Ър╕▓р╕Зр╣Ар╕Ър╕▓ р╣Гр╕Кр╣Йр╣Бр╕ер╣Йр╕зр╕лр╕Щр╣Йр╕▓р╣Др╕бр╣Ир╕бр╕▒р╕Щ
21,Konvy,р╕Ы***.,5,2024-06-24,р╕Ир╕▒р╕Фр╕кр╣Ир╕Зр╣Ар╕гр╣Зр╕з р╣Бр╕Юр╣Зр╕Др╕кр╕┤р╕Щр╕Др╣Йр╕▓р╕бр╕▓р╕Фр╕╡р╕бр╕▓р╕Б р╣Гр╕Кр╣Йр╕Фр╕╡р╣Др╕бр╣Ир╣Ар╕лр╕Щр╕╡р╕вр╕з р╕лр╕Щр╣Йр╕▓р╣Др╕бр╣Ир╕бр╕▒р╕Щ р╕Бр╕▒р╕Щр╣Бр╕Фр╕Фр╣Др╕Фр╣Йр╕Фр╕╡ р╕Цр╕╣р╕Бр╕Бр╕зр╣Ир╕▓р╕Лр╕╖р╣Йр╕нр╕Хр╕▓р╕бр╕лр╣Йр╕▓р╕З р╕бр╕╡р╕кр╣Ир╕зр╕Щр╕ер╕Фр╕Ир╕▓р╕Бр╣Ар╕лр╕гр╕╡р╕вр╕Нр╣Ар╕Юр╕┤р╣Ир╕бр╕Фр╣Йр╕зр╕в р╣Ар╕вр╕╡р╣Ир╕вр╕бр╕бр╕▓р╕Бр╕гр╣Йр╕▓р╕Щр╕Щр╕╡р╣Й
22,Konvy,M***.,5,2023-08-09,р╕кр╣Ир╕Зр╣Ар╕гр╣Зр╕з р╣Бр╕Юр╕Др╕Вр╕нр╕Зр╕Фр╕╡ р╣Др╕Фр╣Йр╕гр╕▒р╕Ър╕Вр╕нр╕Зр╕Цр╕╣р╕Бр╕Хр╣Йр╕нр╕Зр╕Хр╕▓р╕бр╕Чр╕╡р╣Ир╕кр╕▒р╣Ир╕З р╣Ар╕Ыр╣Зр╕Щр╕Вр╕нр╕Зр╕Чр╕╡р╣Ир╕Ьр╕ер╕┤р╕Хр╕Ыр╕╡р╕Щр╕╡р╣Й р╣Вр╕нр╣Ар╕Д р╕ер╕▓р╕Лр╕▓ р╕Др╕зр╕гр╕Ыр╕гр╕▒р╕Ър╕Ыр╕гр╕╕р╕Зр╣Ар╕гр╕╖р╣Ир╕нр╕Зр╕Бр╕▓р╕гр╣Гр╕лр╣Йр╕гр╕╡р╕зр╕┤р╕зр╕Щр╕░ р╕кр╕┤р╕Щр╕Др╣Йр╕▓р╕Лр╕╖р╣Йр╕нр╕Юр╕гр╣Йр╕нр╕бр╕Бр╕▒р╕Щ р╕Др╕Щр╕Вр╕▓р╕вр╣Ар╕Фр╕╡р╕вр╕зр╕Бр╕▒р╕Щ р╣Гр╕кр╣Ир╕Бр╕ер╣Ир╕нр╕Зр╣Ар╕Фр╕╡р╕вр╕зр╕Бр╕▒р╕Щ р╣Бр╕Хр╣Ир╕гр╕╡р╕зр╕┤р╕з р╕гр╕╡р╕зр╕┤р╕зр╕бр╕▓р╕зр╕▓р╕Зр╣Др╕бр╣Ир╣Др╕Фр╣Й р╕Хр╣Йр╕нр╕Зр╕Юр╕┤р╕бр╕Юр╣Мр╕гр╕╡р╕зр╕┤р╕зр╣Гр╕лр╕бр╣И р╕Щр╣Ир╕▓р╕гр╕│р╕Др╕▓р╕Нр╕нр╣Ир╕░
23,Konvy,F***a,5,2024-06-10,р╕кр╕╣р╕Хр╕гр╕Ър╕▓р╕Зр╣Ар╕Ър╕▓ р╕кр╕╣р╕Хр╕гр╕Ър╕▓р╕Зр╣Ар╕Ър╕▓ р╕кр╕╣р╕Хр╕гр╕Ър╕▓р╕Зр╣Ар╕Ър╕▓ р╕кр╕╣р╕Хр╕гр╕Ър╕▓р╕Зр╣Ар╕Ър╕▓ р╕Чр╕│р╣Гр╕лр╣Йр╕Ьр╕┤р╕зр╕кр╕зр╣Ир╕▓р╕Зр╣Бр╕ер╕░р╣Гр╕к р╣Ар╕лр╕бр╕▓р╕░р╕кр╕│р╕лр╕гр╕▒р╕Ър╣Гр╕Кр╣Йр╕Ыр╕гр╕░р╕Ир╕│р╕зр╕▒р╕Щ р╣Ар╕лр╕бр╕▓р╕░р╕кр╕│р╕лр╕гр╕▒р╕Ър╣Ар╕бр╕Др╕нр╕▒р╕Юр╣Ар╕Ър╕к р╕гр╕╣р╣Йр╕кр╕╢р╕Бр╕кр╕Ър╕▓р╕вр╕Ър╕Щр╕Ьр╕┤р╕з
24,Konvy,M***я┐╜,5,2024-05-06,р╣Др╕бр╣Ир╕Чр╕│р╣Гр╕лр╣Йр╕гр╕╣р╕Вр╕╕р╕бр╕Вр╕Щр╕нр╕╕р╕Фр╕Хр╕▒р╕Щ р╕Ыр╣Йр╕нр╕Зр╕Бр╕▒р╕Щр╣Бр╕Фр╕Фр╕Чр╕╡р╣Ир╕Фр╕╡ р╕Ыр╣Йр╕нр╕Зр╕Бр╕▒р╕Щр╣Бр╕Фр╕Фр╕Чр╕╡р╣Ир╕Фр╕╡ р╣Др╕бр╣Ир╕Чр╕│р╣Гр╕лр╣Йр╕гр╕╣р╕Вр╕╕р╕бр╕Вр╕Щр╕нр╕╕р╕Фр╕Хр╕▒р╕Щ р╕Ыр╣Йр╕нр╕Зр╕Бр╕▒р╕Щр╣Бр╕Фр╕Фр╕Чр╕╡р╣Ир╕Фр╕╡ р╕Чр╕│р╣Гр╕лр╣Йр╕Ьр╕┤р╕зр╕кр╕зр╣Ир╕▓р╕Зр╣Бр╕ер╕░р╣Гр╕к р╕Ыр╣Йр╕нр╕Зр╕Бр╕▒р╕Щр╣Бр╕Фр╕Фр╕Чр╕╡р╣Ир╕Фр╕╡ р╣Ар╕лр╕бр╕▓р╕░р╕кр╕│р╕лр╕гр╕▒р╕Ър╣Ар╕бр╕Др╕нр╕▒р╕Юр╣Ар╕Ър╕к р╕Ыр╣Йр╕нр╕Зр╕Бр╕▒р╕Щр╣Бр╕Фр╕Фр╕Чр╕╡р╣Ир╕Фр╕╡ р╣Др╕бр╣Ир╕Чр╕│р╣Гр╕лр╣Йр╕гр╕╣р╕Вр╕╕р╕бр╕Вр╕Щр╕нр╕╕р╕Фр╕Хр╕▒р╕Щ
25,Konvy,0***2,5,2024-09-22,р╣Ар╕лр╕бр╕▓р╕░р╕кр╕│р╕лр╕гр╕▒р╕Ър╣Ар╕Ыр╣Зр╕Щр╣Ар╕Ър╕кр╣Бр╕Хр╣Ир╕Зр╕лр╕Щр╣Йр╕▓ р╣Ар╕лр╕бр╕▓р╕░р╕кр╕│р╕лр╕гр╕▒р╕Ър╕Бр╕▓р╕гр╣Гр╕Кр╣Йр╕Зр╕▓р╕Щр╕Ыр╕гр╕░р╕Ир╕│р╕зр╕▒р╕Щ р╕Ыр╕Бр╕Ыр╕┤р╕Фр╕Ир╕╕р╕Фр╕Фр╣Ир╕▓р╕Зр╕Фр╕│р╣Бр╕ер╕░р╕гр╕нр╕вр╕Хр╕│р╕лр╕Щр╕┤ р╕гр╕╣р╣Йр╕кр╕╢р╕Бр╕кр╕Ър╕▓р╕вр╕Ър╕Щр╕Ьр╕┤р╕з р╣Др╕бр╣Ир╕Чр╕┤р╣Йр╕Зр╕Др╕гр╕▓р╕Ър╕Вр╕▓р╕з
26,Konvy,р╣Ар╕Юр╣Зр╕Нр╕Юр╕г,5,2024-09-08,р╣Гр╕лр╣Йр╕Ьр╕ер╕ер╕▒р╕Юр╕Шр╣Мр╣Бр╕Ър╕Ъ р╕Бр╕▓р╕гр╕Ыр╣Йр╕нр╕Зр╕Бр╕▒р╕Щр╣Бр╕кр╕Зр╣Бр╕Фр╕Фр╕Чр╕╡р╣Ир╕Фр╕╡р╣Ар╕вр╕╡р╣Ир╕вр╕б р╣Ар╕лр╕бр╕▓р╕░р╕кр╕│р╕лр╕гр╕▒р╕Ър╕Бр╕▓р╕гр╣Гр╕Кр╣Йр╕Зр╕▓р╕Щр╕Ыр╕гр╕░р╕Ир╕│р╕зр╕▒р╕Щ р╕Чр╕│р╣Гр╕лр╣Йр╕Ьр╕┤р╕зр╕кр╕зр╣Ир╕▓р╕Зр╣Бр╕ер╕░р╣Гр╕к
27,Konvy,р╕Ур╕▒р╕Пр╕Рр╕Ур╕┤р╕Кр╕▓ р╕Ч.,5,2024-08-16,р╣Ар╕лр╕бр╕▓р╕░р╕кр╕│р╕лр╕гр╕▒р╕Ър╕Бр╕▓р╕гр╣Гр╕Кр╣Йр╕Зр╕▓р╕Щр╕Ыр╕гр╕░р╕Ир╕│р╕зр╕▒р╕Щ р╕гр╕╣р╣Йр╕кр╕╢р╕Бр╕кр╕Ър╕▓р╕вр╕Ър╕Щр╕Ьр╕┤р╕з р╣Др╕бр╣Ир╕Чр╕┤р╣Йр╕Зр╕Др╕гр╕▓р╕Ър╕Вр╕▓р╕з р╣Гр╕лр╣Йр╕Ьр╕ер╕ер╕▒р╕Юр╕Шр╣Мр╣Бр╕Ър╕Ъ р╕Бр╕▓р╕гр╕Ыр╣Йр╕нр╕Зр╕Бр╕▒р╕Щр╣Бр╕кр╕Зр╣Бр╕Фр╕Фр╕Чр╕╡р╣Ир╕вр╕▓р╕зр╕Щр╕▓р╕Щ
28,Konvy,р╕в***.,5,2024-08-08,р╣Ар╕Щр╕╖р╣Йр╕нр╕кр╕▒р╕бр╕Ьр╕▒р╕кр╣Др╕бр╣Ир╕бр╕▒р╕Щ р╣Ар╕лр╕бр╕▓р╕░р╕кр╕│р╕лр╕гр╕▒р╕Ър╣Ар╕бр╕Др╕нр╕▒р╕Юр╣Ар╕Ър╕к р╣Гр╕Кр╣Йр╕Зр╣Ир╕▓р╕в р╕Чр╕│р╣Гр╕лр╣Йр╕Ьр╕┤р╕зр╕кр╕зр╣Ир╕▓р╕Зр╣Бр╕ер╕░р╣Гр╕к р╣Ар╕лр╕бр╕▓р╕░р╕кр╕│р╕лр╕гр╕▒р╕Ър╣Гр╕Кр╣Йр╕Ыр╕гр╕░р╕Ир╕│р╕зр╕▒р╕Щ р╕Ыр╣Йр╕нр╕Зр╕Бр╕▒р╕Щр╣Бр╕Фр╕Фр╕Чр╕╡р╣Ир╕нр╕вр╕╣р╣Ир╣Др╕Фр╣Йр╕Щр╕▓р╕Щ р╣Др╕бр╣Ир╕Чр╕│р╣Гр╕лр╣Йр╕гр╕╣р╕Вр╕╕р╕бр╕Вр╕Щр╕нр╕╕р╕Фр╕Хр╕▒р╕Щ
29,Konvy,р╕и***.,5,2024-06-14,р╕Ыр╕Бр╕Ыр╕┤р╕Фр╕Ир╕╕р╕Фр╕Фр╣Ир╕▓р╕Зр╕Фр╕│р╣Бр╕ер╕░р╕гр╕нр╕вр╕кр╕┤р╕з р╣Др╕бр╣Ир╣Ар╕лр╕бр╕╖р╕нр╕Щр╣Гр╕к р╕кр╕╣р╕Хр╕гр╕нр╣Ир╕нр╕Щр╣Вр╕вр╕Щр╕кр╕│р╕лр╕гр╕▒р╕Ър╕Ьр╕┤р╕зр╕Ър╕нр╕Ър╕Ър╕▓р╕З р╣Ар╕лр╕бр╕▓р╕░р╕кр╕│р╕лр╕гр╕▒р╕Ър╣Гр╕Кр╣Йр╕Ыр╕гр╕░р╕Ир╕│р╕зр╕▒р╕Щ р╕гр╕╣р╣Йр╕кр╕╢р╕Бр╕кр╕Ър╕▓р╕вр╕Ър╕Щр╕Ьр╕┤р╕з
30,Konvy,р╣Ар╕Юр╣Зр╕Нр╕Юр╕г,5,2024-06-07,р╕Ыр╣Йр╕нр╕Зр╕Бр╕▒р╕Щр╣Бр╕Фр╕Фр╕Чр╕╡р╣Ир╕нр╕вр╕╣р╣Ир╣Др╕Фр╣Йр╕Щр╕▓р╕Щ р╕гр╕╣р╣Йр╕кр╕╢р╕Бр╕кр╕Ър╕▓р╕вр╕Ър╕Щр╕Ьр╕┤р╕з р╣Др╕бр╣Ир╕Чр╕│р╣Гр╕лр╣Йр╕гр╕╣р╕Вр╕╕р╕бр╕Вр╕Щр╕нр╕╕р╕Фр╕Хр╕▒р╕Щ р╕кр╕╣р╕Хр╕гр╕нр╣Ир╕нр╕Щр╣Вр╕вр╕Щр╕кр╕│р╕лр╕гр╕▒р╕Ър╕Ьр╕┤р╕зр╕Ър╕нр╕Ър╕Ър╕▓р╕З р╕Ыр╣Йр╕нр╕Зр╕Бр╕▒р╕Щр╣Бр╕Фр╕Фр╕Чр╕╡р╣Ир╕Фр╕╡
31,Konvy,Ning M.,5,2024-05-11,р╣Ар╕лр╕бр╕▓р╕░р╕кр╕│р╕лр╕гр╕▒р╕Ър╣Гр╕Кр╣Йр╕Ыр╕гр╕░р╕Ир╕│р╕зр╕▒р╕Щ р╕кр╕╣р╕Хр╕гр╕Ър╕▓р╕Зр╣Ар╕Ър╕▓ р╕кр╕╣р╕Хр╕гр╕нр╣Ир╕нр╕Щр╣Вр╕вр╕Щр╕кр╕│р╕лр╕гр╕▒р╕Ър╕Ьр╕┤р╕зр╕Ър╕нр╕Ър╕Ър╕▓р╕З р╣Ар╕Щр╕╖р╣Йр╕нр╕кр╕▒р╕бр╕Ьр╕▒р╕кр╣Др╕бр╣Ир╕бр╕▒р╕Щ р╣Др╕бр╣Ир╕Чр╕│р╣Гр╕лр╣Йр╕гр╕╣р╕Вр╕╕р╕бр╕Вр╕Щр╕нр╕╕р╕Фр╕Хр╕▒р╕Щ
32,Konvy,р╕Ш***.,5,2024-05-08,р╣Гр╕Кр╣Йр╕Зр╣Ир╕▓р╕в р╕Ыр╕Бр╕Ыр╕┤р╕Фр╕Ир╕╕р╕Фр╕Фр╣Ир╕▓р╕Зр╕Фр╕│р╣Бр╕ер╕░р╕гр╕нр╕вр╕кр╕┤р╕з р╕Ыр╣Йр╕нр╕Зр╕Бр╕▒р╕Щр╣Бр╕Фр╕Фр╕Чр╕╡р╣Ир╕Фр╕╡ р╣Ар╕лр╕бр╕▓р╕░р╕кр╕│р╕лр╕гр╕▒р╕Ър╣Гр╕Кр╣Йр╕Ыр╕гр╕░р╕Ир╕│р╕зр╕▒р╕Щ р╣Гр╕Кр╣Йр╕Лр╕╖р╣Йр╕нр╣Др╕Фр╣Йр╕гр╕▒р╕Ър╕кр╣Ир╕зр╕Щр╕ер╕Фр╣Ар╕вр╕нр╕░р╕Фр╕╡
33,Konvy,р╕Щр╕гр╕▓ р╕з.,5,2024-04-24,р╕Др╕╕р╕Ур╕ар╕▓р╕Юр╕Вр╕нр╕Зр╕кр╕┤р╕Щр╕Др╣Йр╕▓р╕Фр╕╡р╕гр╕▓р╕Др╕▓р╕Цр╕╣р╕Бр╕Лр╕╢р╣Ир╕Зр╕Ьр╣Ир╕▓р╕Щр╕Др╕нр╕Щ р╕кр╕Ър╕▓р╕вр╣Гр╕Ир╣Др╕Фр╣Йр╕Вр╕нр╕Зр╣Бр╕Чр╣Йр╣Бр╕Щр╣Ир╕Щр╕нр╕Щ р╕бр╕╡р╕кр╣Ир╕зр╕Щр╕ер╕Фр╕Ир╕▓р╕Б р╣Ар╕ер╕вр╕Др╣Ир╕░р╕Ир╕▒р╕Фр╕кр╣Ир╕Зр╣Др╕зр╣Бр╕Юр╣Зр╕Др╕Бр╕ер╣Ир╕нр╕Зр╣Ар╕гр╕╡р╕вр╕Ър╕гр╣Йр╕нр╕в
34,Konvy,р╕Ш***.,5,2024-03-28,р╕Чр╕│р╣Гр╕лр╣Йр╕Ьр╕┤р╕зр╕кр╕зр╣Ир╕▓р╕Зр╣Бр╕ер╕░р╣Гр╕к р╕лр╕Щр╣Йр╕▓р╕нр╕бр╕Кр╕бр╕Юр╕╣ р╕Ыр╕Бр╕Ыр╕┤р╕Фр╕гр╕нр╕вр╣Гр╕лр╣Йр╕Фр╕╣р╕Ир╕▓р╕Зр╕ер╕Зр╣Др╕Фр╣Йр╕Щр╕┤р╕Фр╕лр╕Щр╣Ир╕нр╕в р╣Бр╕Хр╣Ир╕Чр╕▓р╣Бр╕ер╣Йр╕зр╕лр╕Щр╣Йр╕▓р╕Ир╕░р╕Вр╕▓р╕зр╕Вр╕╢р╣Йр╕Щр╕Чр╕▒р╕Щр╕Чр╕╡ р╕Кр╕нр╕Ър╕Бр╕зр╣Ир╕▓р╕кр╕╣р╕Хр╕гр╕нр╕╖р╣Ир╕Щр╣Ж
35,Konvy,Lek A.,4,2024-06-29,р╕Ыр╣Йр╕нр╕Зр╕Бр╕▒р╕Щр╣Бр╕Фр╕Фр╕Чр╕╡р╣Ир╕нр╕вр╕╣р╣Ир╣Др╕Фр╣Йр╕Щр╕▓р╕Щ р╣Др╕бр╣Ир╕Чр╕│р╣Гр╕лр╣Йр╕гр╕╣р╕Вр╕╕р╕бр╕Вр╕Щр╕нр╕╕р╕Фр╕Хр╕▒р╕Щ р╕Кр╣Ир╕зр╕вр╕Ыр╕гр╕▒р╕Ър╕кр╕╡р╕Ьр╕┤р╕зр╣Гр╕лр╣Йр╣Ар╕гр╕╡р╕вр╕Ър╣Ар╕Щр╕╡р╕вр╕Щ р╣Ар╕лр╕бр╕▓р╕░р╕кр╕│р╕лр╕гр╕▒р╕Ър╣Ар╕бр╕Др╕нр╕▒р╕Юр╣Ар╕Ър╕к
36,Konvy,Noo T.,5,2024-05-14,р╕Ыр╕Бр╕Ыр╕┤р╕Фр╕Ир╕╕р╕Фр╕Фр╣Ир╕▓р╕Зр╕Фр╕│р╣Бр╕ер╕░р╕гр╕нр╕вр╕кр╕┤р╕з р╣Др╕бр╣Ир╕Чр╕│р╣Гр╕лр╣Йр╕гр╕╣р╕Вр╕╕р╕бр╕Вр╕Щр╕нр╕╕р╕Фр╕Хр╕▒р╕Щ р╣Гр╕Кр╣Йр╕Зр╣Ир╕▓р╕в р╣Ар╕лр╕бр╕▓р╕░р╕кр╕│р╕лр╕гр╕▒р╕Ър╣Гр╕Кр╣Йр╕Ыр╕гр╕░р╕Ир╕│р╕зр╕▒р╕Щ р╕гр╕╣р╣Йр╕кр╕╢р╕Бр╕кр╕Ър╕▓р╕вр╕Ър╕Щр╕Ьр╕┤р╕з
37,Konvy,Banjawan.C (.,5,2024-06-08,р╕кр╕╣р╕Хр╕гр╕Ър╕▓р╕Зр╣Ар╕Ър╕▓ р╕Чр╕│р╣Гр╕лр╣Йр╕Ьр╕┤р╕зр╕кр╕зр╣Ир╕▓р╕Зр╣Бр╕ер╕░р╣Гр╕к р╣Ар╕лр╕бр╕▓р╕░р╕кр╕│р╕лр╕гр╕▒р╕Ър╣Гр╕Кр╣Йр╕Ыр╕гр╕░р╕Ир╕│р╕зр╕▒р╕Щ р╣Ар╕лр╕бр╕▓р╕░р╕кр╕│р╕лр╕гр╕▒р╕Ър╣Гр╕Кр╣Йр╕Ыр╕гр╕░р╕Ир╕│р╕зр╕▒р╕Щ р╕гр╕╣р╣Йр╕кр╕╢р╕Бр╕кр╕Ър╕▓р╕вр╕Ър╕Щр╕Ьр╕┤р╕з
38,Konvy,р╕Ы***.,5,2024-06-27,р╣Ар╕Щр╕╖р╣Йр╕нр╕кр╕▒р╕бр╕Ьр╕▒р╕кр╣Др╕бр╣Ир╕бр╕▒р╕Щ р╣Гр╕Кр╣Йр╕Зр╣Ир╕▓р╕в р╕гр╕╣р╣Йр╕кр╕╢р╕Бр╕кр╕Ър╕▓р╕вр╕Ър╕Щр╕Ьр╕┤р╕з р╣Др╕бр╣Ир╕Чр╕│р╣Гр╕лр╣Йр╕гр╕╣р╕Вр╕╕р╕бр╕Вр╕Щр╕нр╕╕р╕Фр╕Хр╕▒р╕Щ р╕Ыр╣Йр╕нр╕Зр╕Бр╕▒р╕Щр╣Бр╕Фр╕Фр╕Чр╕╡р╣Ир╕нр╕вр╕╣р╣Ир╣Др╕Фр╣Йр╕Щр╕▓р╕Щ
39,Konvy,R***.,5,2024-04-14,р╕Ыр╣Йр╕нр╕Зр╕Бр╕▒р╕Щр╣Бр╕Фр╕Фр╕Чр╕╡р╣Ир╕нр╕вр╕╣р╣Ир╣Др╕Фр╣Йр╕Щр╕▓р╕Щр╣Ар╕Щр╕╖р╣Йр╕нр╕кр╕▒р╕бр╕Ьр╕▒р╕кр╣Др╕бр╣Ир╕бр╕▒р╕Щ р╕Ыр╣Йр╕нр╕Зр╕Бр╕▒р╕Щр╣Бр╕Фр╕Фр╕Чр╕╡р╣Ир╕Фр╕╡ р╣Др╕бр╣Ир╕Чр╕│р╣Гр╕лр╣Йр╕гр╕╣р╕Вр╕╕р╕бр╕Вр╕Щр╕нр╕╕р╕Фр╕Хр╕▒р╕Щ р╕кр╕╣р╕Хр╕гр╕нр╣Ир╕нр╕Щр╣Вр╕вр╕Щр╕кр╕│р╕лр╕гр╕▒р╕Ър╕Ьр╕┤р╕зр╕Ър╕нр╕Ър╕Ър╕▓р╕З р╕Чр╕│р╣Гр╕лр╣Йр╕Ьр╕┤р╕зр╕кр╕зр╣Ир╕▓р╕Зр╣Бр╕ер╕░р╣Гр╕к
40,Konvy,р╕ар╕гр╕┤р╕Хр╕▓ р╕Х.,5,2023-10-04,р╣Др╕Фр╣Йр╕гр╕▒р╕Ър╕Вр╕нр╕Зр╣Бр╕ер╣Йр╕зр╕Др╣Ир╕░
41,Konvy,c***o,5,2024-09-15,р╕гр╕╣р╣Йр╕кр╕╢р╕Бр╕кр╕Ър╕▓р╕вр╕Ър╕Щр╕Ьр╕┤р╕з р╕Чр╕▓р╣Др╕Фр╣Йр╕Зр╣Ир╕▓р╕в р╕кр╕╣р╕Хр╕гр╕Щр╣Йр╕│р╕лр╕Щр╕▒р╕Бр╣Ар╕Ър╕▓ р╕Ыр╕Бр╕Ыр╕┤р╕Фр╕Ир╕╕р╕Фр╕Фр╣Ир╕▓р╕Зр╕Фр╕│р╣Бр╕ер╕░р╕гр╕нр╕вр╕Хр╕│р╕лр╕Щр╕┤ р╕гр╕╣р╣Йр╕кр╕╢р╕Бр╕кр╕Ър╕▓р╕вр╕Ър╕Щр╕Ьр╕┤р╕з
42,Konvy,р╕Чр╕┤р╕Юр╕вр╣Мр╕кр╕╕р╕Фр╕▓,5,2024-06-21,р╕кр╕╣р╕Хр╕гр╕нр╣Ир╕нр╕Щр╣Вр╕вр╕Щр╕кр╕│р╕лр╕гр╕▒р╕Ър╕Ьр╕┤р╕зр╕Ър╕нр╕Ър╕Ър╕▓р╕З р╕Ыр╕Бр╕Ыр╕┤р╕Фр╕Ир╕╕р╕Фр╕Фр╣Ир╕▓р╕Зр╕Фр╕│р╣Бр╕ер╕░р╕гр╕нр╕вр╕кр╕┤р╕з р╕кр╕╣р╕Хр╕гр╕Ър╕▓р╕Зр╣Ар╕Ър╕▓ р╣Ар╕Щр╕╖р╣Йр╕нр╕кр╕▒р╕бр╕Ьр╕▒р╕кр╣Др╕бр╣Ир╕бр╕▒р╕Щ
43,Konvy,╬Ы╧Е╩Н тАв.,5,2024-05-28,р╕Фр╕╡р╕Зр╕▓р╕бр╕бр╕бр╕бр╕бр╕бр╕бр╕бр╕бр╕бр╕бр╕бр╕бр╕бр╕бр╕бр╕бр╕бр╕бр╕бр╕бр╕бр╕бр╕бр╕бр╕бр╕бр╕бр╕бр╕бр╕бр╕бр╕бр╕бр╕бр╕бр╕бр╕бр╕бр╕бр╕бр╕бр╕бр╕бр╕бр╕бр╕бр╕бр╕бр╕бр╕бр╕бр╕бр╕бр╕бр╕бр╕бр╕бр╕бр╕бр╕бр╕бр╕бр╕бр╕бр╕бр╕бр╕бр╕бр╕бр╕бр╕бр╕бр╕бр╕бр╕б
44,Konvy,р╕Ыр╕╕р╕Ур╕Ур╕┤р╕Бр╕▓ р╕и.,5,2024-06-09,р╕кр╕▒р╣Ир╕Зр╕кр╕┤р╕Щр╕Др╣Йр╕▓ 2р╕зр╕▒р╕Щр╕Цр╕╢р╕З р╕бр╕▓р╕нр╕вр╣Ир╕▓р╕Зр╕Фр╕╡р╕вр╕▒р╕Зр╣Др╕бр╣Ир╣Др╕Фр╣Йр╕Ър╕нр╕Зр╣Гр╕Кр╣Й
45,Konvy,р╕Ир╕┤р╕гр╕ар╕▓ р╕Ч.,5,2024-06-10,р╕Чр╕│р╣Гр╕лр╣Йр╕Ьр╕┤р╕зр╕кр╕зр╣Ир╕▓р╕Зр╣Бр╕ер╕░р╣Гр╕к
46,Konvy,m***.,5,2023-01-22,р╕Чр╕▓р╕Зр╕гр╣Йр╕▓р╕Щр╕Ир╕▒р╕Фр╕кр╣Ир╕Зр╕кр╕┤р╕Щр╕Др╣Йр╕▓р╣Гр╕лр╣Йр╕гр╕зр╕Фр╣Ар╕гр╣Зр╕зр╕кр╕┤р╕Щр╕Др╣Йр╕▓р╕бр╕╡р╕Др╕╕р╕Ур╕ар╕▓р╕Юр╕Фр╕╡ р╕гр╕▓р╕Др╕▓р╕Цр╕╣р╕Б р╣Вр╕Ыр╕гр╣Вр╕бр╕Кр╕▒р╣Ир╕Щр╕Фр╕╡р╕Бр╕зр╣Ир╕▓р╕гр╣Йр╕▓р╕Щр╕нр╕╖р╣Ир╕Щр╣Ж р╕Бр╕▓р╕гр╕Ир╕▒р╕Фр╕кр╣Ир╕Зр╕Вр╕нр╕Зр╕Юр╕Щр╕▒р╕Бр╕Зр╕▓р╕Щр╕Вр╕Щр╕кр╣Ир╕Зр╕гр╕зр╕Фр╣Ар╕гр╣Зр╕зр╣Бр╕ер╕░р╕кр╕╕р╕ар╕▓р╕Юр╕бр╕▓р╕Бр╕Др╣Ир╕░р╕бр╕╡р╕Бр╕▓р╕гр╣Вр╕Чр╕гр╣Ар╕Вр╣Йр╕▓р╕бр╕▓р╣Бр╕Ир╣Йр╕Зр╕гр╕▓р╕вр╕ер╕░р╣Ар╕нр╕╡р╕вр╕Фр╕Бр╣Ир╕нр╕Щр╣Ар╕Вр╣Йр╕▓р╕бр╕▓р╕кр╣Ир╕Зр╕кр╕┤р╕Щр╕Др╣Йр╕▓
47,Konvy,Laika008,5,2024-03-13,р╕Бр╕зр╕Фр╕Фр╕бр╕зр╕Бр╕зр╕зр╕Бр╕зр╕Бр╕зр╕Бр╕зр╕Ф р╕Юр╕зр╕Бр╕Бр╕зр╕зр╕Бр╕кр╕Юр╕кр╕Бр╕кр╕кр╕│р╕кр╕│
48,Konvy,р╕зр╕гр╕гр╕Ур╕ир╕г р╕к.,5,2024-03-06,р╣Ар╕лр╕бр╕▓р╕░р╕кр╕│р╕лр╕гр╕▒р╕Ър╣Гр╕Кр╣Йр╕Ыр╕гр╕░р╕Ир╕│р╕зр╕▒р╕Щ р╣Ар╕Щр╕╖р╣Йр╕нр╕кр╕▒р╕бр╕Ьр╕▒р╕кр╣Др╕бр╣Ир╕бр╕▒р╕Щ р╕гр╕╣р╣Йр╕кр╕╢р╕Бр╕кр╕Ър╕▓р╕вр╕Ър╕Щр╕Ьр╕┤р╕з
49,Konvy,C***.,5,2024-03-08,р╕Ър╕▓р╕Зр╣Ар╕Ър╕▓р╕нр╣Ир╕нр╕Щр╕Щр╕╕р╣Ир╕б р╕Ър╕▓р╕Зр╣Ар╕Ър╕▓р╕нр╣Ир╕нр╕Щр╕Щр╕╕р╣Ир╕б р╕Фр╕╡р╕бр╕▓р╕Б р╕Ър╕▓р╕Зр╣Ар╕Ър╕▓р╕нр╣Ир╕нр╕Щр╕Щр╕╕р╣Ир╕б р╕Ър╕▓р╕Зр╣Ар╕Ър╕▓р╕нр╣Ир╕нр╕Щр╕Щр╕╕р╣Ир╕б р╕Ър╕▓р╕Зр╣Ар╕Ър╕▓р╕нр╣Ир╕нр╕Щр╕Щр╕╕р╣Ир╕б р╕Ър╕▓р╕Зр╣Ар╕Ър╕▓р╕нр╣Ир╕нр╕Щр╕Щр╕╕р╣Ир╕б р╕Фр╕╡р╕бр╕▓р╕Б
50,Konvy,N***.,5,2024-02-05,р╕Ир╕▒р╕Фр╕кр╣Ир╕Зр╕гр╕зр╕Фр╣Ар╕гр╣Зр╕з р╣Бр╕Юр╕Др╕кр╕┤р╕Щр╕Др╣Йр╕▓р╣Ар╕гр╕╡р╕вр╕Ър╕гр╣Йр╕нр╕вр╕Фр╕╡ р╕Др╕╕р╕Ур╕ар╕▓р╕Ю р╕Фр╕╡ р╣Ар╕Щр╕╖р╣Йр╕нр╕кр╕▒р╕бр╕Ьр╕▒р╕к р╕Фр╕╡ р╕Ыр╕гр╕░р╕кр╕┤р╕Чр╕Шр╕┤р╕ар╕▓р╕Ю р╕Фр╕╡
51,Konvy,р╕Ш***.,5,2022-11-19,р╣Др╕Фр╣Йр╕гр╕▒р╕Ър╣Бр╕ер╣Йр╕зр╕Др╣Ир╕░ р╕гр╕▓р╕Др╕▓р╕Фр╕╡р╕бр╕▓р╕Бр╕Др╣Ир╕░
52,Konvy,р╕Ш***.,5,2022-11-19,р╕Лр╕╖р╣Йр╕нр╕Хр╕╕р╕Щр╣Др╕зр╣Йр╣Ар╕ер╕Щр╕Др╣Ир╕░ р╕гр╕▓р╕Др╕▓р╕Щр╕╡р╣Й р╣Гр╕Кр╣Йр╕Фр╕╡р╕Ыр╕Бр╕Ыр╕┤р╕Фр╣Ар╕Ю р╕Ьр╕кр╕бр╕гр╕нр╕Зр╕Юр╕╖р╣Йр╕Щ р╣Бр╕Ыр╕Ър╣Ар╕Фр╕╡р╕вр╕зр╕лр╕бр╕Фр╕Др╣Ир╕░ р╕Хр╣Йр╕нр╕Зр╕Лр╕╖р╣Йр╕нр╕Хр╕╕р╕Щр╕Щр╕Щр╕Щр╕Щр╕Щр╕Щ
53,Konvy,n***.,5,2024-09-01,р╕Бр╕▒р╕Щр╕Щр╣Йр╕│ р╣Др╕бр╣Ир╕нр╕╕р╕Фр╕Хр╕▒р╕Щр╕гр╕╣р╕Вр╕╕р╕бр╕Вр╕Щ р╕Кр╣Ир╕зр╕вр╣Гр╕лр╣Йр╕кр╕╡р╕Ьр╕┤р╕зр╕кр╕бр╣Ир╕│р╣Ар╕кр╕бр╕н р╕кр╕╣р╕Хр╕гр╕Щр╣Йр╕│р╕лр╕Щр╕▒р╕Бр╣Ар╕Ър╕▓ р╣Ар╕Щр╕╖р╣Йр╕нр╕кр╕▒р╕бр╕Ьр╕▒р╕кр╣Др╕бр╣Ир╕бр╕▒р╕Щ р╕Ыр╕Бр╕Ыр╕┤р╕Фр╕Ир╕╕р╕Фр╕Фр╣Ир╕▓р╕Зр╕Фр╕│р╣Бр╕ер╕░р╕гр╕нр╕вр╕Хр╕│р╕лр╕Щр╕┤ р╣Ар╕лр╕бр╕▓р╕░р╕кр╕│р╕лр╕гр╕▒р╕Ър╣Ар╕Ыр╣Зр╕Щр╣Ар╕Ър╕кр╣Бр╕Хр╣Ир╕Зр╕лр╕Щр╣Йр╕▓ р╕Др╕зр╕▓р╕бр╣Ар╕Вр╣Йр╕▓р╕Бр╕▒р╕Щр╣Др╕Фр╣Йр╕Вр╕нр╕Зр╕Ьр╕┤р╕з р╕кр╕╣р╕Хр╕гр╕Щр╣Йр╕│р╕лр╕Щр╕▒р╕Бр╣Ар╕Ър╕▓ р╕Ыр╕Бр╕Ыр╕┤р╕Фр╕Ир╕╕р╕Фр╕Фр╣Ир╕▓р╕Зр╕Фр╕│р╣Бр╕ер╕░р╕гр╕нр╕вр╕Хр╕│р╕лр╕Щр╕┤ р╣Ар╕лр╕бр╕▓р╕░р╕кр╕│р╕лр╕гр╕▒р╕Ър╣Ар╕Ыр╣Зр╕Щр╣Ар╕Ър╕кр╣Бр╕Хр╣Ир╕Зр╕лр╕Щр╣Йр╕▓ р╕гр╕░р╕Фр╕▒р╕Ъ р╕Кр╣Ир╕зр╕вр╣Гр╕лр╣Йр╕кр╕╡р╕Ьр╕┤р╕зр╕кр╕бр╣Ир╕│р╣Ар╕кр╕бр╕н р╕кр╕╣р╕Хр╕гр╕Щр╣Йр╕│р╕лр╕Щр╕▒р╕Бр╣Ар╕Ър╕▓ р╣Ар╕Щр╕╖р╣Йр╕нр╕кр╕▒р╕бр╕Ьр╕▒р╕кр╣Др╕бр╣Ир╕бр╕▒р╕Щ
54,Konvy,р╕кр╕╕р╕Юр╕┤р╕Кр╕Мр╕▓р╕вр╣М р╣А.,5,2023-10-09,р╣Др╕Фр╣Йр╕гр╕▒р╕Ър╕кр╕┤р╕Щр╕Др╣Йр╕▓р╣Ар╕гр╕╡р╕вр╕Ър╕гр╣Йр╕нр╕в р╣Бр╕Юр╣Зр╕Др╕кр╕┤р╕Щр╕Др╣Йр╕▓р╕бр╕▓р╕нр╕вр╣Ир╕▓р╕Зр╕Фр╕╡ р╕Ир╕▒р╕Фр╕кр╣Ир╕Зр╣Др╕Фр╣Йр╕гр╕зр╕Фр╣Ар╕гр╣Зр╕зр╕бр╕▓р╕Б р╣Др╕бр╣Ир╕Хр╣Йр╕нр╕Зр╕гр╕нр╕Щр╕▓р╕Щ р╕кр╕┤р╕Щр╕Др╣Йр╕▓р╕Хр╕гр╕Зр╕Ыр╕Б р╣Др╕зр╣Йр╕нр╕╕р╕Фр╕лр╕Щр╕╕р╕Щр╕нр╕╡р╕Бр╣Бр╕Щр╣Ир╕Щр╕нр╕Щ
55,Konvy,р╕кр╕бр╣Гр╕И. р╣А.,5,2024-03-12,р╣Ар╕лр╕бр╕▓р╕░р╕кр╕│р╕лр╕гр╕▒р╕Ър╣Гр╕Кр╣Йр╕Ыр╕гр╕░р╕Ир╕│р╕зр╕▒р╕Щ р╣Ар╕лр╕бр╕▓р╕░р╕кр╕│р╕лр╕гр╕▒р╕Ър╣Ар╕бр╕Др╕нр╕▒р╕Юр╣Ар╕Ър╕к р╣Др╕бр╣Ир╕Чр╕│р╣Гр╕лр╣Йр╕гр╕╣р╕Вр╕╕р╕бр╕Вр╕Щр╕нр╕╕р╕Фр╕Хр╕▒р╕Щ
56,Konvy,р╕Юр╕гр╕Юр╕╡р╕гр╕вр╕▓ р╕к.,5,2023-03-06,р╕Др╕╕р╕Ур╕ар╕▓р╕Юр╕Фр╕╡р╕бр╕▓р╕Б р╣Ар╕Щр╕╖р╣Йр╕нр╕кр╕▒р╕бр╕Ьр╕▒р╕кр╣Ар╕Ър╕▓р╕Лр╕╢р╕бр╣Ар╕гр╣Зр╕зр╕Чр╕▓р╣Бр╕ер╣Йр╕зр╕кр╕Ър╕▓р╕вр╕Ьр╕┤р╕з р╕Ыр╕гр╕░р╕кр╕┤р╕Чр╕Шр╕┤р╕ар╕▓р╕Юр╕Бр╕▒р╕Щр╣Бр╕Фр╕Фр╕Фр╕╡р╣Др╕бр╣Ир╣Ар╕лр╕Щр╕╡р╕вр╕зр╣Ар╕Щр╕нр╕░р╕Ьр╕┤р╕зр╣Ар╕ер╕вр╕Чр╕▓р╕Лр╣Йр╕│р╕гр╕░р╕лр╕зр╣Ир╕▓р╕Зр╕зр╕▒р╕Щр╣Др╕Фр╣Й р╕Хр╕нр╕Щр╣Бр╕гр╕Бр╣Гр╕Кр╣Йр╕гр╕╣р╣Йр╕кр╕╢р╕Бр╕Хр╕╢р╕З р╕Ьр╕┤р╕зр╣Ар╕Юр╕гр╕▓р╕░р╕Ьр╕┤р╕зр╕Др╣Ир╕нр╕Щр╕Вр╣Йр╕▓р╕Зр╣Бр╕лр╣Йр╕Зр╣Бр╕Хр╣Ир╕Чр╕▓р╣Др╕Ыр╕кр╕▒р╕Бр╕Юр╕▒р╕Бр╕Ьр╕┤р╕зр╣Др╕бр╣Ир╣Бр╕лр╣Йр╕З р╕Бр╕▒р╕Щр╣Бр╕Фр╕Фр╕Фр╕╡р╣Др╕бр╣Ир╣Ар╕лр╕Щр╕╡р╕вр╕зр╣Ар╕Щр╕нр╕░р╕Ьр╕┤р╕зр╣Ар╕ер╕вр╕Чр╕▓р╕Лр╣Йр╕│р╕гр╕░р╕лр╕зр╣Ир╕▓р╕Зр╕зр╕▒р╕Щр╣Др╕Фр╣Й р╕Хр╕нр╕Щр╣Бр╕гр╕Бр╣Гр╕Кр╣Йр╕гр╕╣р╣Йр╕кр╕╢р╕Бр╕Хр╕╢р╕З р╕Ьр╕┤р╕зр╣Ар╕Юр╕гр╕▓р╕░р╕Ьр╕┤р╕зр╕Др╣Ир╕нр╕Щр╕Вр╣Йр╕▓р╕Зр╣Бр╕лр╣Йр╕Зр╣Бр╕Хр╣Ир╕Чр╕▓р╣Др╕Ыр╕кр╕▒р╕Бр╕Юр╕▒р╕Бр╕Ьр╕┤р╕зр╣Др╕бр╣Ир╣Бр╕лр╣Йр╕З р╕Бр╕▒р╕Щр╣Бр╕Фр╕Фр╕Фр╕╡р╣Др╕бр╣Ир╣Ар╕лр╕Щр╕╡р╕вр╕зр╣Ар╕Щр╕нр╕░р╕Ьр╕┤р╕зр╣Ар╕ер╕вр╕Чр╕▓р╕Лр╣Йр╕│р╕гр╕░р╕лр╕зр╣Ир╕▓р╕Зр╕зр╕▒р╕Щр╣Др╕Фр╣Й р╕Хр╕нр╕Щр╣Бр╕гр╕Бр╣Гр╕Кр╣Йр╕гр╕╣р╣Йр╕кр╕╢р╕Бр╕Хр╕╢р╕З р╕Ьр╕┤р╕зр╣Ар╕Юр╕гр╕▓р╕░р╕Ьр╕┤р╕зр╕Др╣Ир╕нр╕Щр╕Вр╣Йр╕▓р╕Зр╣Бр╕лр╣Йр╕Зр╣Бр╕Хр╣Ир╕Чр╕▓р╣Др╕Ыр╕кр╕▒р╕Бр╕Юр╕▒р╕Бр╕Ьр╕┤р╕зр╣Др╕бр╣Ир╣Бр╕лр╣Йр╕З р╕Бр╕▒р╕Щр╣Бр╕Фр╕Фр╕Фр╕╡р╣Др╕бр╣Ир╣Ар╕лр╕Щр╕╡р╕вр╕зр╣Ар╕Щр╕нр╕░р╕Ьр╕┤р╕зр╣Ар╕ер╕вр╕Чр╕▓р╕Лр╣Йр╕│р╕гр╕░р╕лр╕зр╣Ир╕▓р╕Зр╕зр╕▒р╕Щр╣Др╕Фр╣Й р╕Хр╕нр╕Щр╣Бр╕гр╕Бр╣Гр╕Кр╣Йр╕гр╕╣р╣Йр╕кр╕╢р╕Бр╕Хр╕╢р╕З р╕Ьр╕┤р╕зр╣Ар╕Юр╕гр╕▓р╕░р╕Ьр╕┤р╕зр╕Др╣Ир╕нр╕Щр╕Вр╣Йр╕▓р╕Зр╣Бр╕лр╣Йр╕Зр╣Бр╕Хр╣Ир╕Чр╕▓р╣Др╕Ыр╕кр╕▒р╕Бр╕Юр╕▒р╕Бр╕Ьр╕┤р╕зр╣Др╕бр╣Ир╣Бр╕лр╣Йр╕З р╕Бр╕▒р╕Щр╣Бр╕Фр╕Фр╕Фр╕╡р╣Др╕бр╣Ир╣Ар╕лр╕Щр╕╡р╕вр╕зр╣Ар╕Щр╕нр╕░р╕Ьр╕┤р╕зр╣Ар╕ер╕вр╕Чр╕▓р╕Лр╣Йр╕│р╕гр╕░р╕лр╕зр╣Ир╕▓р╕Зр╕зр╕▒р╕Щр╣Др╕Фр╣Й р╕Хр╕нр╕Щр╣Бр╕гр╕Бр╣Гр╕Кр╣Йр╕гр╕╣р╣Йр╕кр╕╢р╕Бр╕Хр╕╢р╕З р╕Ьр╕┤р╕зр╣Ар╕Юр╕гр╕▓р╕░р╕Ьр╕┤р╕зр╕Др╣Ир╕нр╕Щр╕Вр╣Йр╕▓р╕Зр╣Бр╕лр╣Йр╕Зр╣Бр╕Хр╣Ир╕Чр╕▓р╣Др╕Ыр╕кр╕▒р╕Бр╕Юр╕▒р╕Бр╕Ьр╕┤р╕зр╣Др╕бр╣Ир╣Бр╕лр╣Йр╕З р╕Бр╕▒р╕Щр╣Бр╕Фр╕Фр╕Фр╕╡р╣Др╕бр╣Ир╣Ар╕лр╕Щр╕╡р╕вр╕зр╣Ар╕Щр╕нр╕░р╕Ьр╕┤р╕зр╣Ар╕ер╕вр╕Чр╕▓р╕Лр╣Йр╕│р╕гр╕░р╕лр╕зр╣Ир╕▓р╕Зр╕зр╕▒р╕Щр╣Др╕Фр╣Й р╕Хр╕нр╕Щр╣Бр╕гр╕Бр╣Гр╕Кр╣Йр╕гр╕╣р╣Йр╕кр╕╢р╕Бр╕Хр╕╢р╕З р╕Ьр╕┤р╕зр╣Ар╕Юр╕гр╕▓р╕░р╕Ьр╕┤р╕зр╕Др╣Ир╕нр╕Щр╕Вр╣Йр╕▓р╕Зр╣Бр╕лр╣Йр╕Зр╣Бр╕Хр╣Ир╕Чр╕▓р╣Др╕Ыр╕кр╕▒р╕Бр╕Юр╕▒р╕Бр╕Ьр╕┤р╕зр╣Др╕бр╣Ир╣Бр╕лр╣Йр╕З р╕Бр╕▒р╕Щр╣Бр╕Фр╕Фр╕Фр╕╡р╣Др╕бр╣Ир╣Ар╕лр╕Щр╕╡р╕вр╕зр╣Ар╕Щр╕нр╕░р╕Ьр╕┤р╕зр╣Ар╕ер╕вр╕Чр╕▓р╕Лр╣Йр╕│р╕гр╕░р╕лр╕зр╣Ир╕▓р╕Зр╕зр╕▒р╕Щр╣Др╕Фр╣Й р╕Хр╕нр╕Щр╣Бр╕гр╕Бр╣Гр╕Кр╣Йр╕гр╕╣р╣Йр╕кр╕╢р╕Бр╕Хр╕╢р╕З р╕Ьр╕┤р╕зр╣Ар╕Юр╕гр╕▓р╕░р╕Ьр╕┤р╕зр╕Др╣Ир╕нр╕Щр╕Вр╣Йр╕▓р╕Зр╣Бр╕лр╣Йр╕Зр╣Бр╕Хр╣Ир╕Чр╕▓р╣Др╕Ыр╕кр╕▒р╕Бр╕Юр╕▒р╕Бр╕Ьр╕┤р╕зр╣Др╕бр╣Ир╣Бр╕лр╣Йр╕З р╕Бр╕▒р╕Щр╣Бр╕Фр╕Фр╕Фр╕╡р╣Др╕бр╣Ир╣Ар╕лр╕Щр╕╡р╕вр╕зр╣Ар╕Щр╕нр╕░р╕Ьр╕┤р╕зр╣Ар╕ер╕вр╕Чр╕▓р╕Лр╣Йр╕│р╕гр╕░р╕лр╕зр╣Ир╕▓р╕Зр╕зр╕▒р╕Щр╣Др╕Фр╣Й р╕Хр╕нр╕Щр╣Бр╕гр╕Бр╣Гр╕Кр╣Йр╕гр╕╣р╣Йр╕кр╕╢р╕Бр╕Хр╕╢р╕З р╕Ьр╕┤р╕зр╣Ар╕Юр╕гр╕▓р╕░р╕Ьр╕┤р╕зр╕Др╣Ир╕нр╕Щр╕Вр╣Йр╕▓р╕Зр╣Бр╕лр╣Йр╕Зр╣Бр╕Хр╣Ир╕Чр╕▓р╣Др╕Ыр╕кр╕▒р╕Бр╕Юр╕▒р╕Бр╕Ьр╕┤р╕зр╣Др╕бр╣Ир╣Бр╕лр╣Йр╕З р╕кр╕Ър╕▓р╕вр╕Ьр╕┤р╕зр╕бр╕▓р╕Б р╕Цр╣Йр╕▓р╕лр╕бр╕Фр╣Бр╕ер╣Йр╕зр╕Ир╕░р╕Бр╕ер╕▒р╕Ър╕бр╕▓р╕Лр╕╖р╣Йр╕нр╕Лр╣Йр╕│р╣Бр╕Щр╣Ир╕Щр╕нр╕Щ р╕нр╣Ир╕нр╕Кр╣Ир╕зр╕вр╣Ар╕гр╕╖р╣Ир╕нр╕Зр╕Ьр╕┤р╕зр╕Вр╕▓р╕зр╕Фр╣Йр╕зр╕вр╕Чр╕▓р╣Бр╕ер╣Йр╕зр╕Ьр╕┤р╕зр╕Вр╕▓р╕зр╕Вр╕╢р╣Йр╕Щр╕бр╕▓р╕нр╕╡р╕Бр╕лр╕Щр╕╢р╣Ир╕З р╕г
57,Konvy,n***.,5,2023-02-24,р╕кр╕▒р╣Ир╕З182 р╣Др╕Фр╣Йр╕Вр╕нр╕З 232 р╕Хр╣Йр╕нр╕Зр╕Хр╕▓р╕бр╕Бр╕▒р╕Ър╕Чр╕▓р╕Зр╕гр╣Йр╕▓р╕Щр╕Фр╕╡р╕Щр╕░р╕вр╕▒р╕Зр╕Хр╕нр╕Ър╣Бр╕Кр╕Ч р╣Бр╕Юр╣Зр╕Др╕Вр╕нр╕Зр╕бр╕▓р╕Фр╕╡р╕бр╕▓р╕Б
58,Konvy,woraphon T.,5,2023-02-24,р╣Гр╕Кр╣Йр╕Фр╕╡ р╕Чр╕▓р╕Зр╣Ир╕▓р╕в р╣Бр╕лр╣Йр╕Зр╣Ар╕гр╣Зр╕з р╣Ар╕Щр╕╖р╣Йр╕н р╣Гр╕Кр╣Йр╕Фр╕╡ р╕Чр╕▓р╕Зр╣Ир╕▓р╕в р╣Бр╕лр╣Йр╕Зр╣Ар╕гр╣Зр╕з р╣Ар╕Щр╕╖р╣Йр╕н р╣Гр╕Кр╣Йр╕Фр╕╡ р╕Чр╕▓р╕Зр╣Ир╕▓р╕в р╣Бр╕лр╣Йр╕Зр╣Ар╕гр╣Зр╕з р╣Ар╕Щр╕╖р╣Йр╕н
59,Konvy,A***.,5,2022-11-18,р╕кр╕▒р╣Ир╕Зр╕Кр╣Ир╕зр╕Зр╣Вр╕Ыр╕г1111 р╕Ир╕▒р╕Фр╕кр╣Ир╕Зр╕Кр╣Йр╕▓р╣Бр╕Хр╣Ир╕Кр╕▒р╕зр╕гр╣М р╕Вр╕нр╕Зр╕Юр╕╢р╣Ир╕Зр╕бр╕▓р╕зр╕▒р╕Щр╕Щр╕╡р╣Й 1811 р╕вр╕▒р╕Зр╣Др╕бр╣Ир╣Ар╕Др╕вр╣Гр╕Кр╣Йр╕Хр╕▒р╕зр╕Щр╕╡р╣Й р╕Вр╕нр╕Зр╕ер╕нр╕Зр╕Бр╣Ир╕нр╕Щр╕Др╣Ир╕░
60,Konvy,K***.,5,2022-10-01,р╕Бр╕▒р╕Щр╣Бр╕Фр╕Фр╕кр╕╡р╕Фр╕╡ р╕лр╕Щр╣Йр╕▓р╕Фр╕╣р╕кр╕зр╣Ир╕▓р╕З р╣Гр╕Кр╣Йр╣Бр╕ер╣Йр╕зр╕лр╕Щр╣Йр╕▓р╣Др╕бр╣Ир╣Бр╕лр╣Йр╕Зр╣Др╕бр╣Ир╣Бр╕Юр╣Й р╕Фр╕╡р╕бр╕▓р╕Бр╕Др╣Ир╕░
61,Konvy,JeyЁЯЦд,2,2024-01-29,р╣Др╕Фр╣Йр╕гр╕▒р╕Ър╕Вр╕нр╕Зр╕бр╕▓р╣Бр╕ер╣Йр╕зр╕Др╣Ир╕░ р╕бр╕▓р╕нр╕вр╣Ир╕▓р╕Зр╕Фр╕╡ р╣Бр╕Хр╣Ир╣Бр╕нр╕Ър╣Др╕Фр╣Йр╕Вр╕нр╕Зр╣Ар╕Бр╣Ир╕▓ р╕Хр╕▒р╣Йр╕Зр╣Бр╕Хр╣Ир╕Ыр╕╡ 2022 р╕бр╕▓р╕нр╕▒р╕Щр╕Щр╕╢р╕З
62,Konvy,Lek A.,4,2024-06-29,р╕Ыр╣Йр╕нр╕Зр╕Бр╕▒р╕Щр╣Бр╕Фр╕Фр╕Чр╕╡р╣Ир╕нр╕вр╕╣р╣Ир╣Др╕Фр╣Йр╕Щр╕▓р╕Щ р╣Др╕бр╣Ир╕Чр╕│р╣Гр╕лр╣Йр╕гр╕╣р╕Вр╕╕р╕бр╕Вр╕Щр╕нр╕╕р╕Фр╕Хр╕▒р╕Щ р╕Кр╣Ир╕зр╕вр╕Ыр╕гр╕▒р╕Ър╕кр╕╡р╕Ьр╕┤р╕зр╣Гр╕лр╣Йр╣Ар╕гр╕╡р╕вр╕Ър╣Ар╕Щр╕╡р╕вр╕Щ р╣Ар╕лр╕бр╕▓р╕░р╕кр╕│р╕лр╕гр╕▒р╕Ър╣Ар╕бр╕Др╕нр╕▒р╕Юр╣Ар╕Ър╕к
63,Konvy,G***r,4,2023-02-15,р╕кр╣Ир╕Зр╕Вр╕нр╕Зр╣Гр╕лр╣Йр╕Кр╣Йр╕▓
64,Konvy,m***.,5,2023-01-22,р╕Чр╕▓р╕Зр╕гр╣Йр╕▓р╕Щр╕Ир╕▒р╕Фр╕кр╣Ир╕Зр╕кр╕┤р╕Щр╕Др╣Йр╕▓р╣Гр╕лр╣Йр╕гр╕зр╕Фр╣Ар╕гр╣Зр╕зр╕кр╕┤р╕Щр╕Др╣Йр╕▓р╕бр╕╡р╕Др╕╕р╕Ур╕ар╕▓р╕Юр╕Фр╕╡ р╕гр╕▓р╕Др╕▓р╕Цр╕╣р╕Б р╣Вр╕Ыр╕гр╣Вр╕бр╕Кр╕▒р╣Ир╕Щр╕Фр╕╡р╕Бр╕зр╣Ир╕▓р╕гр╣Йр╕▓р╕Щр╕нр╕╖р╣Ир╕Щр╣Ж р╕Бр╕▓р╕гр╕Ир╕▒р╕Фр╕кр╣Ир╕Зр╕Вр╕нр╕Зр╕Юр╕Щр╕▒р╕Бр╕Зр╕▓р╕Щр╕Вр╕Щр╕кр╣Ир╕Зр╕гр╕зр╕Фр╣Ар╕гр╣Зр╕зр╣Бр╕ер╕░р╕кр╕╕р╕ар╕▓р╕Юр╕бр╕▓р╕Бр╕Др╣Ир╕░р╕бр╕╡р╕Бр╕▓р╕гр╣Вр╕Чр╕гр╣Ар╕Вр╣Йр╕▓р╕бр╕▓р╣Бр╕Ир╣Йр╕Зр╕гр╕▓р╕вр╕ер╕░р╣Ар╕нр╕╡р╕вр╕Фр╕Бр╣Ир╕нр╕Щр╣Ар╕Вр╣Йр╕▓р╕бр╕▓р╕кр╣Ир╕Зр╕кр╕┤р╕Щр╕Др╣Йр╕▓
65,Konvy,р╕ар╕гр╕┤р╕Хр╕▓ р╕Х.,5,2023-10-04,р╣Др╕Фр╣Йр╕гр╕▒р╕Ър╕Вр╕нр╕Зр╣Бр╕ер╣Йр╕зр╕Др╣Ир╕░
66,Konvy,р╕кр╕ер╣Зр╕нр╕Х,5,2024-05-09,р╕Ыр╣Йр╕нр╕Зр╕Бр╕▒р╕Щр╣Бр╕Фр╕Фр╕Чр╕╡р╣Ир╕Фр╕╡ р╣Ар╕лр╕бр╕▓р╕░р╕кр╕│р╕лр╕гр╕▒р╕Ър╣Гр╕Кр╣Йр╕Ыр╕гр╕░р╕Ир╕│р╕зр╕▒р╕Щ р╣Гр╕лр╣Йр╕Ьр╕ер╕ер╕▒р╕Юр╕Шр╣Мр╣Ар╕Щр╕╖р╣Йр╕н
67,Konvy,р╕н***.,5,2024-06-21,р╣Гр╕Кр╣Йр╕нр╕вр╕╣р╣Ир╕Щр╕▓р╕Щр╕бр╕▓р╕Б р╕Др╕╖р╕нр╕Фр╕╡р╕бр╕▓р╕Б р╣Гр╕Кр╣Йр╕нр╕вр╕╣р╣Ир╕Щр╕▓р╕Щр╕бр╕▓р╕Б р╕Др╕╖р╕нр╕Фр╕╡р╕бр╕▓р╕Б р╣Гр╕Кр╣Йр╕нр╕вр╕╣р╣Ир╕Щр╕▓р╕Щр╕бр╕▓р╕Б р╕Др╕╖р╕нр╕Фр╕╡р╕бр╕▓р╕Б р╣Гр╕Кр╣Йр╕нр╕вр╕╣р╣Ир╕Щр╕▓р╕Щр╕бр╕▓р╕Б р╕Др╕╖р╕нр╕Фр╕╡р╕бр╕▓р╕Б
68,Konvy,р╕Юр╕Ир╕Щр╕╡р╕вр╣М р╕Ы.,5,2024-06-27,р╕Ыр╣Йр╕нр╕Зр╕Бр╕▒р╕Щр╣Бр╕Фр╕Фр╕Чр╕╡р╣Ир╕Фр╕╡ р╣Ар╕лр╕бр╕▓р╕░р╕кр╕│р╕лр╕гр╕▒р╕Ър╣Гр╕Кр╣Йр╕Ыр╕гр╕░р╕Ир╕│р╕зр╕▒р╕Щ р╕Кр╣Ир╕зр╕вр╕Ыр╕гр╕▒р╕Ър╕кр╕╡р╕Ьр╕┤р╕зр╣Гр╕лр╣Йр╣Ар╕гр╕╡р╕вр╕Ър╣Ар╕Щр╕╡р╕вр╕Щ р╣Ар╕лр╕бр╕▓р╕░р╕кр╕│р╕лр╕гр╕▒р╕Ър╣Ар╕бр╕Др╕нр╕▒р╕Юр╣Ар╕Ър╕к р╕гр╕╣р╣Йр╕кр╕╢р╕Бр╕кр╕Ър╕▓р╕вр╕Ър╕Щр╕Ьр╕┤р╕з р╣Ар╕Щр╕╖р╣Йр╕нр╕кр╕▒р╕бр╕Ьр╕▒р╕кр╣Др╕бр╣Ир╕бр╕▒р╕Щ
69,Konvy,kamonrat N.,5,2023-12-13,р╕Ыр╕гр╕░р╕кр╕┤р╕Чр╕Шр╕┤р╕ар╕▓р╕Ю р╕кр╣Ир╕З
70,Konvy,N***.,5,2024-02-05,р╕Ир╕▒р╕Фр╕кр╣Ир╕Зр╕гр╕зр╕Фр╣Ар╕гр╣Зр╕з р╣Бр╕Юр╕Др╕кр╕┤р╕Щр╕Др╣Йр╕▓р╣Ар╕гр╕╡р╕вр╕Ър╕гр╣Йр╕нр╕вр╕Фр╕╡ р╕Др╕╕р╕Ур╕ар╕▓р╕Ю р╕Фр╕╡ р╣Ар╕Щр╕╖р╣Йр╕нр╕кр╕▒р╕бр╕Ьр╕▒р╕к р╕Фр╕╡ р╕Ыр╕гр╕░р╕кр╕┤р╕Чр╕Шр╕┤р╕ар╕▓р╕Ю р╕Фр╕╡
71,Konvy,р╕Ир╕┤р╕гр╕░р╕ар╕гр╕Ур╣М,5,2024-05-10,р╣Гр╕лр╣Йр╕Ьр╕ер╕ер╕▒р╕Юр╕Шр╣Мр╣Ар╕Щр╕╖р╣Йр╕н р╕гр╕╣р╣Йр╕кр╕╢р╕Бр╕кр╕Ър╕▓р╕вр╕Ър╕Щр╕Ьр╕┤р╕з р╕Чр╕│р╣Гр╕лр╣Йр╕Ьр╕┤р╕зр╕кр╕зр╣Ир╕▓р╕Зр╣Бр╕ер╕░р╣Гр╕к р╕Ыр╣Йр╕нр╕Зр╕Бр╕▒р╕Щр╣Бр╕Фр╕Фр╕Чр╕╡р╣Ир╕нр╕вр╕╣р╣Ир╣Др╕Фр╣Йр╕Щр╕▓р╕Щ р╕кр╕╣р╕Хр╕гр╕нр╣Ир╕нр╕Щр╣Вр╕вр╕Щр╕кр╕│р╕лр╕гр╕▒р╕Ър╕Ьр╕┤р╕зр╕Ър╕нр╕Ър╕Ър╕▓р╕З
72,Konvy,р╕в***.,5,2024-08-08,р╣Ар╕Щр╕╖р╣Йр╕нр╕кр╕▒р╕бр╕Ьр╕▒р╕кр╣Др╕бр╣Ир╕бр╕▒р╕Щ р╣Ар╕лр╕бр╕▓р╕░р╕кр╕│р╕лр╕гр╕▒р╕Ър╣Ар╕бр╕Др╕нр╕▒р╕Юр╣Ар╕Ър╕к р╣Гр╕Кр╣Йр╕Зр╣Ир╕▓р╕в р╕Чр╕│р╣Гр╕лр╣Йр╕Ьр╕┤р╕зр╕кр╕зр╣Ир╕▓р╕Зр╣Бр╕ер╕░р╣Гр╕к р╣Ар╕лр╕бр╕▓р╕░р╕кр╕│р╕лр╕гр╕▒р╕Ър╣Гр╕Кр╣Йр╕Ыр╕гр╕░р╕Ир╕│р╕зр╕▒р╕Щ р╕Ыр╣Йр╕нр╕Зр╕Бр╕▒р╕Щр╣Бр╕Фр╕Фр╕Чр╕╡р╣Ир╕нр╕вр╕╣р╣Ир╣Др╕Фр╣Йр╕Щр╕▓р╕Щ р╣Др╕бр╣Ир╕Чр╕│р╣Гр╕лр╣Йр╕гр╕╣р╕Вр╕╕р╕бр╕Вр╕Щр╕нр╕╕р╕Фр╕Хр╕▒р╕Щ
73,Konvy,Banjawan.C (.,5,2024-06-08,р╕кр╕╣р╕Хр╕гр╕Ър╕▓р╕Зр╣Ар╕Ър╕▓ р╕Чр╕│р╣Гр╕лр╣Йр╕Ьр╕┤р╕зр╕кр╕зр╣Ир╕▓р╕Зр╣Бр╕ер╕░р╣Гр╕к р╣Ар╕лр╕бр╕▓р╕░р╕кр╕│р╕лр╕гр╕▒р╕Ър╣Гр╕Кр╣Йр╕Ыр╕гр╕░р╕Ир╕│р╕зр╕▒р╕Щ р╣Ар╕лр╕бр╕▓р╕░р╕кр╕│р╕лр╕гр╕▒р╕Ър╣Гр╕Кр╣Йр╕Ыр╕гр╕░р╕Ир╕│р╕зр╕▒р╕Щ р╕гр╕╣р╣Йр╕кр╕╢р╕Бр╕кр╕Ър╕▓р╕вр╕Ър╕Щр╕Ьр╕┤р╕з
74,Konvy,р╕к***.,5,2023-08-24,р╕кр╣Ир╕Зр╕Вр╕нр╕Зр╕гр╕зр╕Фр╣Ар╕гр╣Зр╕зр╕Цр╕╣р╕Бр╕Хр╣Йр╕нр╕З
75,Konvy,M***.,5,2022-06-27,р╕Ир╕▒р╕Фр╕кр╣Ир╕Зр╕гр╕зр╕Фр╣Ар╕гр╣Зр╕з р╕Бр╕ер╣Ир╕нр╕Зр╕Юр╕▒р╕кр╕Фр╕╕р╕нр╕вр╕╣р╣Ир╣Гр╕Щр╕кр╕ар╕▓р╕Юр╕Фр╕╡ р╕гр╕▓р╕Др╕▓р╕Цр╕╣р╕Бр╕Бр╕зр╣Ир╕▓р╕Лр╕╖р╣Йр╕нр╕лр╣Йр╕▓р╕З р╕кр╕┤р╕Щр╕Др╣Йр╕▓р╣Гр╕лр╕бр╣Ир╕Ьр╕ер╕┤р╕Хр╕Ыр╕╡ 2022 р╣Гр╕Кр╣Йр╕Ыр╕гр╕░р╕Ир╕│ р╕Бр╕▒р╕Щр╣Бр╕Фр╕Ф р╣Ар╕Щр╕╖р╣Йр╕нр╕Ър╕▓р╕Зр╣Ар╕Ър╕▓ р╣Гр╕Кр╣Йр╣Бр╕ер╣Йр╕зр╕лр╕Щр╣Йр╕▓р╣Др╕бр╣Ир╕бр╕▒р╕Щ
76,Konvy,b***.,5,2023-07-17,р╣Ар╕в р╕Др╣Ир╕▓ р╣Бр╕Юр╣Зр╕Др╕кр╕┤р╕Щр╕Др╣Йр╕▓р╕Фр╕╡ р╕кр╣Ир╕Зр╣Ар╕гр╣Зр╕зр╕бр╕▓р╕Бр╕бр╕▓р╕Бр╕Бр╕Бр╕Бр╕Б р╕Ыр╕гр╕░р╕Чр╕▒р╕Ър╣Гр╕Ир╣Ар╕зр╕ер╕▓р╕кр╕▒р╣Ир╕Зр╕Чр╕╕р╕Бр╕Др╕гр╕▒р╣Йр╕З р╣Др╕Фр╣Йр╣Вр╕Ыр╕г 77 р╕вр╕┤р╣Ир╕Зр╕Цр╕╣р╕Бр╣Др╕Ыр╕нр╕╡р╕Б
77,Konvy,n***.,5,2024-09-01,р╕Бр╕▒р╕Щр╕Щр╣Йр╕│ р╣Др╕бр╣Ир╕нр╕╕р╕Фр╕Хр╕▒р╕Щр╕гр╕╣р╕Вр╕╕р╕бр╕Вр╕Щ р╕Кр╣Ир╕зр╕вр╣Гр╕лр╣Йр╕кр╕╡р╕Ьр╕┤р╕зр╕кр╕бр╣Ир╕│р╣Ар╕кр╕бр╕н р╕кр╕╣р╕Хр╕гр╕Щр╣Йр╕│р╕лр╕Щр╕▒р╕Бр╣Ар╕Ър╕▓ р╣Ар╕Щр╕╖р╣Йр╕нр╕кр╕▒р╕бр╕Ьр╕▒р╕кр╣Др╕бр╣Ир╕бр╕▒р╕Щ р╕Ыр╕Бр╕Ыр╕┤р╕Фр╕Ир╕╕р╕Фр╕Фр╣Ир╕▓р╕Зр╕Фр╕│р╣Бр╕ер╕░р╕гр╕нр╕вр╕Хр╕│р╕лр╕Щр╕┤ р╣Ар╕лр╕бр╕▓р╕░р╕кр╕│р╕лр╕гр╕▒р╕Ър╣Ар╕Ыр╣Зр╕Щр╣Ар╕Ър╕кр╣Бр╕Хр╣Ир╕Зр╕лр╕Щр╣Йр╕▓ р╕Др╕зр╕▓р╕бр╣Ар╕Вр╣Йр╕▓р╕Бр╕▒р╕Щр╣Др╕Фр╣Йр╕Вр╕нр╕Зр╕Ьр╕┤р╕з р╕кр╕╣р╕Хр╕гр╕Щр╣Йр╕│р╕лр╕Щр╕▒р╕Бр╣Ар╕Ър╕▓ р╕Ыр╕Бр╕Ыр╕┤р╕Фр╕Ир╕╕р╕Фр╕Фр╣Ир╕▓р╕Зр╕Фр╕│р╣Бр╕ер╕░р╕гр╕нр╕вр╕Хр╕│р╕лр╕Щр╕┤ р╣Ар╕лр╕бр╕▓р╕░р╕кр╕│р╕лр╕гр╕▒р╕Ър╣Ар╕Ыр╣Зр╕Щр╣Ар╕Ър╕кр╣Бр╕Хр╣Ир╕Зр╕лр╕Щр╣Йр╕▓ р╕гр╕░р╕Фр╕▒р╕Ъ р╕Кр╣Ир╕зр╕вр╣Гр╕лр╣Йр╕кр╕╡р╕Ьр╕┤р╕зр╕кр╕бр╣Ир╕│р╣Ар╕кр╕бр╕н р╕кр╕╣р╕Хр╕гр╕Щр╣Йр╕│р╕лр╕Щр╕▒р╕Бр╣Ар╕Ър╕▓ р╣Ар╕Щр╕╖р╣Йр╕нр╕кр╕▒р╕бр╕Ьр╕▒р╕кр╣Др╕бр╣Ир╕бр╕▒р╕Щ
78,Konvy,р╕Ы***.,5,2024-06-24,р╕Ир╕▒р╕Фр╕кр╣Ир╕Зр╣Ар╕гр╣Зр╕з р╣Бр╕Юр╣Зр╕Др╕кр╕┤р╕Щр╕Др╣Йр╕▓р╕бр╕▓р╕Фр╕╡р╕бр╕▓р╕Б р╣Гр╕Кр╣Йр╕Фр╕╡р╣Др╕бр╣Ир╣Ар╕лр╕Щр╕╡р╕вр╕з р╕лр╕Щр╣Йр╕▓р╣Др╕бр╣Ир╕бр╕▒р╕Щ р╕Бр╕▒р╕Щр╣Бр╕Фр╕Фр╣Др╕Фр╣Йр╕Фр╕╡ р╕Цр╕╣р╕Бр╕Бр╕зр╣Ир╕▓р╕Лр╕╖р╣Йр╕нр╕Хр╕▓р╕бр╕лр╣Йр╕▓р╕З р╕бр╕╡р╕кр╣Ир╕зр╕Щр╕ер╕Фр╕Ир╕▓р╕Бр╣Ар╕лр╕гр╕╡р╕вр╕Нр╣Ар╕Юр╕┤р╣Ир╕бр╕Фр╣Йр╕зр╕в р╣Ар╕вр╕╡р╣Ир╕вр╕бр╕бр╕▓р╕Бр╕гр╣Йр╕▓р╕Щр╕Щр╕╡р╣Й
79,Konvy,р╕нр╕гр╕╕р╕Ур╕Ур╕╡р╕нр╕┤р╕Щр╕Чр╕Щр╕Щр╕Чр╣М,5,2022-07-06,р╕лр╣Ир╕нр╕бр╕▓р╕Фр╕╡ р╕Др╕гр╕╡р╕бр╕Ир╕░р╕лр╕бр╕Фр╕нр╕▓р╕вр╕╕р╣Ар╕бр╕╖р╣Ир╕нр╣Др╕г
80,Konvy,р╕зр╕гр╕гр╕Ур╕ир╕г р╕к.,5,2024-03-06,р╣Ар╕лр╕бр╕▓р╕░р╕кр╕│р╕лр╕гр╕▒р╕Ър╣Гр╕Кр╣Йр╕Ыр╕гр╕░р╕Ир╕│р╕зр╕▒р╕Щ р╣Ар╕Щр╕╖р╣Йр╕нр╕кр╕▒р╕бр╕Ьр╕▒р╕кр╣Др╕бр╣Ир╕бр╕▒р╕Щ р╕гр╕╣р╣Йр╕кр╕╢р╕Бр╕кр╕Ър╕▓р╕вр╕Ър╕Щр╕Ьр╕┤р╕з
81,Konvy,р╣Ар╕Ър╣Зр╕Нр╕Ир╕бр╕▓р╕и р╕Б.,5,2023-04-12,р╕кр╣Ир╕Зр╣Др╕Зр╕Др╣Ир╕░ р╣Бр╕Юр╣Зр╕Др╣Бр╕Щр╣Ир╕Щр╕лр╕Щр╕▓ р╣Ар╕Фр╕╡р╣Ир╕вр╕зр╕ер╕нр╕Зр╣Гр╕Кр╣Йр╕Ир╕░р╕бр╕▓р╕гр╕╡р╕зр╕┤р╕зр╣Ар╕Юр╕┤р╣Ир╕б
82,Konvy,р╕кр╕╕р╕Щр╕▒р╕Щ р╣Б.,5,2024-06-08,р╕Кр╣Ир╕зр╕вр╕Ыр╕гр╕▒р╕Ър╕кр╕╡р╕Ьр╕┤р╕зр╣Гр╕лр╣Йр╣Ар╕гр╕╡р╕вр╕Ър╣Ар╕Щр╕╡р╕вр╕Щ р╣Гр╕лр╣Йр╕Ьр╕ер╕ер╕▒р╕Юр╕Шр╣Мр╣Ар╕Щр╕╖р╣Йр╕н р╕Ыр╣Йр╕нр╕Зр╕Бр╕▒р╕Щр╣Бр╕Фр╕Фр╕Чр╕╡р╣Ир╕нр╕вр╕╣р╣Ир╣Др╕Фр╣Йр╕Щр╕▓р╕Щ р╣Др╕бр╣Ир╕Чр╕│р╣Гр╕лр╣Йр╕гр╕╣р╕Вр╕╕р╕бр╕Вр╕Щр╕нр╕╕р╕Фр╕Хр╕▒р╕Щ
83,Konvy,n***2,5,2022-09-13,р╕кр╕┤р╕Щр╕Др╣Йр╕▓р╕Цр╕╣р╕Бр╕Бр╕зр╣Ир╕▓р╣Гр╕Щр╕лр╣Йр╕▓р╕Зр╕Фр╕╡р╣Гр╕Ир╣Ар╕Ир╕нр╕Вр╕нр╕Зр╕Цр╕╣р╕Бр╕Бр╕зр╣Ир╕▓ р╕Вр╕Щр╕кр╣Ир╕Зр╣Др╕бр╣Ир╕Кр╣Йр╕▓ р╕бр╕▓р╕Чр╕▒р╕Щр╣Гр╕Кр╣Ир╣Ар╕ер╕вр╕лр╕бр╕Фр╣Бр╕ер╣Йр╕зр╕кр╕▒р╣Ир╕Зр╣Др╕Ыр╣Гр╕лр╕бр╣Ир╕Др╣Ир╕░р╕Цр╕╣р╕Бр╣Гр╕Ир╕бр╕▓р╕Б
84,Konvy,woraphon T.,5,2023-02-24,р╣Гр╕Кр╣Йр╕Фр╕╡ р╕Чр╕▓р╕Зр╣Ир╕▓р╕в р╣Бр╕лр╣Йр╕Зр╣Ар╕гр╣Зр╕з р╣Ар╕Щр╕╖р╣Йр╕н р╣Гр╕Кр╣Йр╕Фр╕╡ р╕Чр╕▓р╕Зр╣Ир╕▓р╕в р╣Бр╕лр╣Йр╕Зр╣Ар╕гр╣Зр╕з р╣Ар╕Щр╕╖р╣Йр╕н р╣Гр╕Кр╣Йр╕Фр╕╡ р╕Чр╕▓р╕Зр╣Ир╕▓р╕в р╣Бр╕лр╣Йр╕Зр╣Ар╕гр╣Зр╕з р╣Ар╕Щр╕╖р╣Йр╕н
85,Watsons,Jungko N.,5,2022-10-11,р╣Др╕Фр╣Йр╕гр╕▒р╕Ър╕кр╕┤р╕Щр╕Др╣Йр╕▓р╕Др╕гр╕Ър╕Цр╣Йр╕зр╕Щр╕Хр╕▓р╕бр╕Чр╕╡р╣Ир╕кр╕▒р╣Ир╕З р╕Лр╕╖р╣Йр╕н1010 р╣Др╕Фр╣Йр╕гр╕▒р╕Ъ р╕зр╕▒р╕Щр╕Чр╕╡р╣И 11 р╣Вр╕Ыр╕гр╕Фр╕╡ р╕Др╕╕р╣Йр╕бр╕Др╣Ир╕▓р╕гр╕▓р╕Др╕▓р╕Фр╕╡ р╕Др╣Ир╕░ р╣Др╕зр╣Йр╕нр╕╕р╕Фр╕лр╕Щр╕╕р╕Щр╕нр╕╡р╕Бр╕Др╣Ир╕░
86,Watsons,M***y,5,2023-08-11,р╕Др╕╕р╕Ур╕ар╕▓р╕Юр╕Кр╕нр╕Ър╕нр╕вр╕╣р╣Ир╣Бр╕ер╣Йр╕з р╣Гр╕Кр╣Йр╕Ыр╕гр╕░р╕Ир╕│ р╕Фр╕╡р╕Др╣Ир╕░ р╕Др╕╕р╕Ур╕ар╕▓р╕Юр╣Др╕зр╣Йр╣Гр╕Ир╣Др╕Фр╣Й р╕гр╕▓р╕Др╕▓р╣Др╕бр╣Ир╣Бр╕Юр╕З р╕гр╣Йр╕▓р╕Щр╕кр╣Ир╕Зр╣Др╕з р╣Бр╕Юр╕Др╕бр╕▓р╕Фр╕╡р╕бр╕▓р╕Бр╕Др╣Ир╕░ р╕Лр╕╖р╣Йр╕нр╕зр╕▒р╕Щр╕Чр╕╡р╣И88 р╕гр╕▓р╕Др╕▓р╕вр╕┤р╣Ир╕Зр╕Цр╕╣р╕Бр╕ер╕Зр╣Ар╕вр╕нр╕░р╣Ар╕ер╕в
87,Watsons,р╕кр╕╕р╕Щр╕Чр╕г р╕И.,5,2021-06-21,р╣Др╕Фр╣Йр╕гр╕▒р╕Ър╕кр╕┤р╕Щр╕Др╣Йр╕▓р╣Бр╕ер╣Йр╕зр╕Чр╕▓р╕Зр╕гр╣Йр╕▓р╕Щр╕Др╣Йр╕▓р╣Др╕Фр╣Йр╕Ир╕▒р╕Фр╕кр╣Ир╕Зр╕кр╕┤р╕Щр╕Др╣Йр╕▓р╕гр╕зр╕Фр╣Ар╕гр╣Зр╕зр╕Фр╕╡р╕бр╕▓р╕Б р╣Бр╕Юр╣Зр╕Др╕кр╕┤р╕Щр╕Др╣Йр╕▓р╕бр╕▓р╕Фр╕╡р╕бр╕▓р╕Бр╕Хр╕▒р╕зр╕кр╕┤р╕Щр╕Др╣Йр╕▓р╕Фр╕╡р╕бр╕▓р╕Бр╕Кр╣Ир╕зр╕вр╕Бр╕▒р╕Щр╣Др╕Фр╣Йр╕Фр╕╡р╣Ар╕Щр╕╖р╣Йр╕нр╕Ър╕▓р╕Зр╣Ар╕Ър╕▓р╕Чр╕▓р╣Бр╕ер╣Йр╕зр╕кр╕Ър╕▓р╕вр╕Ьр╕┤р╕з
88,Watsons,Phunsap S.,5,2023-12-17,р╣Гр╕Кр╣Йр╕Фр╕╡р╕бр╕▓р╕Бр╕Бр╕Бр╕Бр╕Бр╕Бр╕Бр╕Бр╕Бр╕Бр╕Бр╕Бр╕Бр╕Бр╕Бр╕Бр╕Бр╕Бр╕Бр╕Бр╕Бр╕Бр╕Бр╕Бр╕Бр╕Бр╕Бр╕Бр╕Бр╕Бр╕Бр╕Бр╕Бр╕Бр╕Бр╕Бр╕Бр╕Бр╕Бр╕Бр╕Бр╕Бр╕Бр╕Бр╕Бр╕Бр╕Бр╕Бр╕Бр╕Бр╕Бр╕Бр╕Бр╕Бр╕Бр╕Бр╕Бр╕Бр╕Бр╕Фр╕Фр╕Фр╕Бр╕Бр╕Фр╕Фр╕Фр╕Фр╕Фр╕Фр╕Фр╕Фр╕Ф
89,Watsons,T***.,5,2023-11-13,р╣Ар╕лр╕бр╕▓р╕░р╕кр╕│р╕лр╕гр╕▒р╕Ър╣Гр╕Кр╣Йр╕Ыр╕гр╕░р╕Ир╕│р╕зр╕▒р╕Щ р╕Ыр╣Йр╕нр╕Зр╕Бр╕▒р╕Щр╣Бр╕Фр╕Фр╕Чр╕╡р╣Ир╕нр╕вр╕╣р╣Ир╣Др╕Фр╣Йр╕Щр╕▓р╕Щ р╣Гр╕Кр╣Йр╕Зр╣Ир╕▓р╕вр╣Бр╕ер╕░р╕Ьр╕кр╕бр╕Бр╕▒р╕Щр╣Др╕Фр╣Йр╕Фр╕╡ р╕Чр╕│р╣Гр╕лр╣Йр╕Фр╕╣р╣Ар╕Ыр╣Зр╕Щр╕Шр╕гр╕гр╕бр╕Кр╕▓р╕Хр╕┤р╣Бр╕ер╕░р╕кр╕Фр╣Гр╕к
90,Watsons,w***e,5,2023-11-12,р╕кр╣Ир╕Зр╣Ар╕гр╣Зр╕зр╕бр╕▓р╕Б р╕зр╕▒р╕Щр╣Ар╕Фр╕╡р╕вр╕зр╣Др╕Фр╣Йр╕гр╕▒р╕Ър╕кр╕┤р╕Щр╕Др╣Йр╕▓р╣Бр╕ер╣Йр╕зр╣Бр╕Хр╣Ир╣Ар╕гр╕▓р╣Гр╕Кр╣Йр╣Бр╕ер╣Йр╕зр╕лр╕Щр╣Йр╕▓р╕бр╕▒р╕Щр╕Щр╕┤р╕Фр╕лр╕Щр╣Ир╕нр╕вр╕Лр╕╖р╣Йр╕нр╣Ар╕Юр╕гр╕▓р╕░р╕Хр╕▓р╕бр╕гр╕╡р╕зр╕┤р╕зр╕кр╕┤р╕Щр╕Др╣Йр╕▓р╕ер╕Фр╕гр╕▓р╕Др╕▓р╣Ар╕вр╕нр╕░р╕бр╕▓р╕Бр╕Др╕╕р╣Йр╕бр╕Фр╕╡
91,Watsons,р╕кр╕бр╕Ыр╕гр╕░р╕Фр╕╡ р╣А.,5,2023-10-09,р╕гр╣Йр╕▓р╕Щр╕кр╣Ир╕Зр╣Др╕зр╕бр╕▓р╕Б р╕Бр╕▒р╕Щр╣Бр╕Фр╕Фр╣Ар╕Щр╕╖р╣Йр╕нр╕Щр╣Йр╕│р╕Щр╕бр╣Ар╕Ър╕▓р╕Ър╕▓р╕З р╣Ар╕Бр╕ер╕╡р╣Ир╕вр╕Зр╣Ир╕▓р╕в р╣Бр╕лр╣Йр╕Зр╣Др╕з р╕Хр╕Ъ р╣Бр╕ер╣Йр╕зр╕лр╕Щр╣Йр╕▓р╕Ир╕░р╕кр╕╡р╕Кр╕бр╕Юр╕╣р╕Ьр╣Ир╕нр╕З р╣Ар╕лр╕бр╕▓р╕░р╕Бр╕▒р╕Ър╕Ьр╕┤р╕зр╕бр╕▒р╕Щр╕Др╣Ир╕░
92,Watsons,р╕И***р╣М,5,2024-09-26,р╕Бр╕▓р╕гр╕Ыр╣Йр╕нр╕Зр╕Бр╕▒р╕Щр╣Бр╕кр╕Зр╣Бр╕Фр╕Фр╕Чр╕╡р╣Ир╕Фр╕╡р╣Ар╕вр╕╡р╣Ир╕вр╕б р╕кр╕╣р╕Хр╕гр╕Чр╕╡р╣Ир╣Ар╕гр╕╡р╕вр╕Ър╣Ар╕Щр╕╡р╕вр╕Щр╣Бр╕ер╕░р╕Щр╣Йр╕│р╕лр╕Щр╕▒р╕Бр╣Ар╕Ър╕▓ р╕Др╕╕р╣Йр╕бр╕Др╣Ир╕▓р╕Бр╕▒р╕Ър╣Ар╕Зр╕┤р╕Щр╕Чр╕╡р╣Ир╕Ир╣Ир╕▓р╕в р╣Ар╕лр╕бр╕▓р╕░р╕кр╕│р╕лр╕гр╕▒р╕Ър╕Бр╕▓р╕гр╣Гр╕Кр╣Йр╕Зр╕▓р╕Щр╕Ыр╕гр╕░р╕Ир╕│р╕зр╕▒р╕Щ р╕Бр╕▒р╕Щр╕Щр╣Йр╕│ р╕Фр╕╡ р╣Гр╕лр╣Йр╕Др╕зр╕▓р╕бр╕Кр╕╕р╣Ир╕бр╕Кр╕╖р╣Йр╕Щр╣Бр╕Бр╣Ир╕Ьр╕┤р╕з р╕Фр╕╡ р╕Бр╕▓р╕гр╕Ыр╣Йр╕нр╕Зр╕Бр╕▒р╕Щр╣Бр╕кр╕Зр╣Бр╕Фр╕Ф р╕Фр╕╡р╕бр╕▓р╕Б
93,Watsons,N***.,5,2024-09-15,р╣Ар╕лр╕бр╕▓р╕░р╕кр╕│р╕лр╕гр╕▒р╕Ър╕Бр╕▓р╕гр╣Гр╕Кр╣Йр╕Зр╕▓р╕Щр╕Ыр╕гр╕░р╕Ир╕│р╕зр╕▒р╕Щ р╕кр╕╣р╕Хр╕гр╣Др╕бр╣Ир╕бр╕▒р╕Щр╣Ар╕вр╕┤р╣Йр╕б р╕Бр╕▓р╕гр╕Ыр╣Йр╕нр╕Зр╕Бр╕▒р╕Щр╣Бр╕кр╕Зр╣Бр╕Фр╕Фр╕Чр╕╡р╣Ир╕Фр╕╡р╣Ар╕вр╕╡р╣Ир╕вр╕б р╕гр╕╣р╣Йр╕кр╕╢р╕Бр╕кр╕Ър╕▓р╕вр╕Ър╕Щр╕Ьр╕┤р╕з р╣Гр╕лр╣Йр╕ер╕╕р╕Др╕Чр╕╡р╣Ир╣Ар╕Ыр╣Зр╕Щр╕Шр╕гр╕гр╕бр╕Кр╕▓р╕Хр╕┤р╣Бр╕ер╕░р╣Ар╕Ыр╕ер╣Ир╕Зр╕Ыр╕гр╕░р╕Бр╕▓р╕в
94,Watsons,р╕Бр╕▒р╕ер╕вр╕▓ р╣А.,5,2024-08-10,р╕Бр╕▓р╕гр╕Ыр╣Йр╕нр╕Зр╕Бр╕▒р╕Щр╣Бр╕кр╕Зр╣Бр╕Фр╕Фр╕Чр╕╡р╣Ир╕Фр╕╡р╣Ар╕вр╕╡р╣Ир╕вр╕б р╕ер╕Фр╕Бр╕▓р╕гр╕Ыр╕гр╕▓р╕Бр╕Пр╕Вр╕нр╕Зр╕Ир╕╕р╕Фр╕Фр╣Ир╕▓р╕Зр╕Фр╕│ р╣Ар╕лр╕бр╕▓р╕░р╕кр╕│р╕лр╕гр╕▒р╕Ър╕Чр╕╕р╕Бр╕кр╕ар╕▓р╕Юр╕Ьр╕┤р╕з р╕Ыр╣Йр╕нр╕Зр╕Бр╕▒р╕Щр╣Бр╕Фр╕Фр╕Чр╕╡р╣Ир╕нр╕вр╕╣р╣Ир╣Др╕Фр╣Йр╕Щр╕▓р╕Щ р╕Др╕╕р╣Йр╕бр╕Др╣Ир╕▓р╕Бр╕▒р╕Ър╕гр╕▓р╕Др╕▓ р╕Ьр╕кр╕бр╕Ьр╕кр╕▓р╕Щр╕Бр╕▒р╕Ър╣Ар╕Др╕гр╕╖р╣Ир╕нр╕Зр╕кр╕│р╕нр╕▓р╕Зр╣Др╕Фр╣Йр╕Фр╕╡ р╕кр╕╣р╕Хр╕гр╣Др╕бр╣Ир╕бр╕▒р╕Щр╣Ар╕вр╕┤р╣Йр╕б
95,Watsons,Phunsap S.,5,2023-09-24,р╕Фр╕╡р╕бр╕▓р╕Бр╕Бр╕Бр╕Бр╕Бр╕Бр╕Бр╕Бр╕Бр╕Бр╕Бр╕Бр╕Бр╕Бр╕Бр╕Бр╕Бр╕Бр╕Бр╕Бр╕Бр╕Бр╕Бр╕Бр╕Бр╕Бр╕Бр╕Бр╕Бр╕Бр╕Бр╕Бр╕Бр╕Бр╕Бр╕Бр╕Бр╕Бр╕Бр╕Бр╕Бр╕Бр╕Бр╕Бр╕Бр╕Бр╕Бр╕Бр╕Бр╕Бр╕Бр╕Бр╕Бр╕Бр╕Бр╕Бр╕Бр╕Бр╕Бр╕Бр╕Бр╕Бр╕Бр╕Бр╕Бр╕Бр╕Бр╕Бр╕Бр╕Бр╕Бр╕Бр╕Бр╕Бр╕Бр╕Бр╕Бр╕Бр╕Бр╕Бр╕Бр╕Бр╕Бр╕Бр╕Бр╕Бр╕Бр╕Б
96,Watsons,р╕Щр╕ар╕▓р╕зр╕гр╕гр╕У р╕з.,5,2023-11-14,р╣Ар╕лр╕бр╕▓р╕░р╕кр╕│р╕лр╕гр╕▒р╕Ър╣Гр╕Кр╣Йр╕Ыр╕гр╕░р╕Ир╕│р╕зр╕▒р╕Щ р╣Др╕бр╣Ир╕Чр╕│р╣Гр╕лр╣Йр╕Ьр╕┤р╕зр╕Фр╕╣р╕Вр╕▓р╕зр╣Вр╕Чр╕гр╕б р╕кр╕╣р╕Хр╕гр╕Чр╕╡р╣Ир╣Др╕бр╣Ир╕бр╕▒р╕Щ р╕Ыр╣Йр╕нр╕Зр╕Бр╕▒р╕Щр╣Бр╕Фр╕Фр╕Чр╕╡р╣Ир╕нр╕вр╕╣р╣Ир╣Др╕Фр╣Йр╕Щр╕▓р╕Щ р╕Ыр╣Йр╕нр╕Зр╕Бр╕▒р╕Щр╣Бр╕Фр╕Фр╕Чр╕╡р╣Ир╕нр╕вр╕╣р╣Ир╣Др╕Фр╣Йр╕Щр╕▓р╕Щ
97,Watsons,р╕Бр╕Щр╕Бр╕зр╕гр╕гр╕У р╕з.,5,2023-06-20,р╕Ыр╕Бр╕Хр╕┤р╣Гр╕Кр╣Йр╕нр╕вр╕╣р╣Ир╕кр╕╡р╕Кр╕бр╕Юр╕╣ р╕Хр╕нр╕Щр╕ер╕Фр╕гр╕▓р╕Др╕▓ 199 р╕Ър╕▓р╕Ч р╣Бр╕Хр╣Ир╣Гр╕Щр╕Кр╣Зр╕нр╕Ыр╕зр╕▒р╕Хр╕кр╕▒р╕Щ р╣Ар╕Ыр╣Зр╕Щр╕Щр╣Йр╕│р╕Щр╕бр╕Ыр╕гр╕▒р╕Ър╣Бр╕кр╕Зр╕лр╕Щр╣Йр╕▓р╕Фр╕╣р╕кр╕зр╣Ир╕▓р╕З р╣Др╕бр╣Ир╣Ар╕лр╕Щр╕╡р╕вр╕зр╕Лр╕╢р╕бр╣Др╕Ыр╕Бр╕▒р╕Ър╕Ьр╕┤р╕зр╕лр╕Щр╣Йр╕▓ р╣Ар╕лр╣Зр╕Щр╕ер╕Фр╕гр╕▓р╕Др╕▓р╕Хр╕Б 170 р╕Бр╕зр╣Ир╕▓р╕Ър╕▓р╕Чр╣Ар╕ер╕вр╣Др╕бр╣Ир╕ер╕▒р╕Зр╣Ар╕ер╕кр╕▒р╣Ир╕Зр╕Лр╕╖р╣Йр╕н 2 р╕Кр╕┤р╣Йр╕Щ р╕Яр╕гр╕╡р╕Др╣Ир╕▓р╕кр╣Ир╕З р╕бр╕╡р╣Ар╕Зр╕┤р╕Щр╕Др╕╖р╕Щр╕Фр╣Йр╕зр╕вр╕Др╣Ир╕░
98,Watsons,Queen,5,2023-01-18,р╕вр╕▒р╕Зр╣Др╕бр╣Ир╣Др╕Фр╣Йр╣Гр╕Кр╣Й р╕Щр╣Ир╕▓р╕Ир╕░р╕Фр╕╡р╕Фр╕╡р╕Фр╕╡р╕Фр╕╡р╕Фр╕╡р╕Фр╕╡р╕Фр╕╡р╕Фр╕╡р╕Фр╕╡р╕Фр╕╡р╕Фр╕╡р╕Фр╕╡р╕Фр╕╡р╕Фр╕╡р╕Фр╕╡р╕Фр╕╡р╕Фр╕╡р╕Фр╕╡р╕Фр╕╡р╕Фр╕╡р╕Фр╕╡р╕Фр╕╡р╕Фр╕╡р╕Фр╕╡р╕Фр╕╡р╕Фр╕╡р╕Фр╕╡р╕Фр╕╡р╕Фр╕╡р╕Фр╕╡р╕Фр╕╡р╕Фр╕╡р╕Фр╕╡р╕Фр╕╡р╕Фр╕╡р╕Фр╕╡р╕Фр╕╡р╕Фр╕╡р╕Фр╕╡р╕Фр╕╡р╕Фр╕╡р╕Фр╕╡р╕Фр╕╡р╕Фр╕╡р╕Фр╕╡р╕Фр╕╡р╕Фр╕╡р╕Фр╕╡р╕Фр╕╡р╕Фр╕╡р╕Фр╕╡р╕Фр╕╡р╕Фр╕╡р╕Фр╕╡р╕Фр╕╡р╕Фр╕╡р╕Фр╕╡р╕Фр╕╡р╕Фр╕╡р╕Фр╕╡
99,Watsons,р╕Др╕бр╕Др╕▓р╕в р╣Д.,5,2022-05-30,р╕гр╣Йр╕▓р╕Щр╕Др╣Йр╕▓р╕кр╣Ир╕Зр╕Вр╕нр╕Зр╣Ар╕гр╣Зр╕зр╕бр╕▓р╕Б р╣Др╕Фр╣Йр╕гр╕▒р╕Ър╕кр╕┤р╕Щр╕Др╣Йр╕▓р╕Др╕гр╕Ър╕Хр╕▓р╕бр╕Чр╕╡р╣Ир╕кр╕▒р╣Ир╕Зр╣Др╕Ы р╕Лр╕╖р╣Йр╕нр╕Хр╕нр╕Щр╕бр╕╡р╣Вр╕Ыр╕гр╣Др╕Фр╣Йр╕гр╕▓р╕Др╕▓р╕Цр╕╣р╕Б р╕бр╕▒р╣Ир╕Щр╣Гр╕Ир╕зр╣Ир╕▓р╣Ар╕Ыр╣Зр╕Щр╕Вр╕нр╕Зр╣Бр╕Чр╣Йр╣Бр╕Щр╣Ир╕Щр╕нр╕Щ
100,Watsons,р╕И***р╣М,5,2024-08-11,р╣Др╕бр╣Ир╕Чр╕┤р╣Йр╕Зр╕Др╕гр╕▓р╕Ър╕Вр╕▓р╕з р╕ер╕Фр╕Бр╕▓р╕гр╕Ыр╕гр╕▓р╕Бр╕Пр╕Вр╕нр╕Зр╕Ир╕╕р╕Фр╕Фр╣Ир╕▓р╕Зр╕Фр╕│ р╣Гр╕лр╣Йр╕ер╕╕р╕Др╕Чр╕╡р╣Ир╣Ар╕Ыр╣Зр╕Щр╕Шр╕гр╕гр╕бр╕Кр╕▓р╕Хр╕┤р╣Бр╕ер╕░р╣Ар╕Ыр╕ер╣Ир╕Зр╕Ыр╕гр╕░р╕Бр╕▓р╕в р╣Ар╕лр╕бр╕▓р╕░р╕кр╕│р╕лр╕гр╕▒р╕Ър╕Бр╕▓р╕гр╣Гр╕Кр╣Йр╕Зр╕▓р╕Щр╕Ыр╕гр╕░р╕Ир╕│р╕зр╕▒р╕Щ р╣Ар╕Щр╕╖р╣Йр╕нр╕кр╕▒р╕бр╕Ьр╕▒р╕к р╕Фр╕╡ р╕Ыр╕гр╕░р╕кр╕┤р╕Чр╕Шр╕┤р╕ар╕▓р╕Ю р╕Фр╕╡ р╕Др╕╕р╕Ур╕ар╕▓р╕Ю
101,Watsons,Suttida K.,5,2024-08-29,р╕Кр╣Ир╕зр╕вр╕Ыр╕гр╕▒р╕Ър╕кр╕╡р╕Ьр╕┤р╕зр╣Гр╕лр╣Йр╕кр╕бр╣Ир╕│р╣Ар╕кр╕бр╕н р╕Бр╕▓р╕гр╕Ыр╣Йр╕нр╕Зр╕Бр╕▒р╕Щр╣Бр╕кр╕Зр╣Бр╕Фр╕Фр╕Чр╕╡р╣Ир╕Фр╕╡р╣Ар╕вр╕╡р╣Ир╕вр╕б р╣Ар╕лр╕бр╕▓р╕░р╕кр╕│р╕лр╕гр╕▒р╕Ър╕Чр╕╕р╕Бр╕кр╕ар╕▓р╕Юр╕Ьр╕┤р╕з
102,Watsons,р╕к***.,5,2024-09-08,р╕кр╕╣р╕Хр╕гр╣Др╕бр╣Ир╕бр╕▒р╕Щр╣Ар╕вр╕┤р╣Йр╕б р╕Зр╣Ир╕▓р╕вр╕Хр╣Ир╕нр╕Бр╕▓р╕гр╕Чр╕▓р╣Бр╕ер╕░р╕Ьр╕кр╕б р╕Лр╕╢р╕бр╣Ар╕Вр╣Йр╕▓р╕Ьр╕┤р╕зр╣Ар╕гр╣Зр╕зр╕Кр╣Ир╕зр╕вр╕Ыр╕гр╕▒р╕Ър╕кр╕╡р╕Ьр╕┤р╕зр╣Гр╕лр╣Йр╕кр╕бр╣Ир╕│р╣Ар╕кр╕бр╕н
103,Watsons,р╕Др╕бр╕Др╕▓р╕в р╣Д.,5,2021-12-10,р╕гр╣Йр╕▓р╕Щр╕Др╣Йр╕▓р╣Бр╕Юр╕Др╕кр╕┤р╕Щр╕Др╣Йр╕▓р╕Фр╕╡р╕бр╕▓р╕Б р╕кр╣Ир╕Зр╕кр╕┤р╕Щр╕Др╣Йр╕▓р╣Ар╕гр╣Зр╕з р╕бр╕╡р╣Вр╕Ыр╕гр╣Ар╕ер╕вр╣Др╕Фр╣Йр╕гр╕▓р╕Др╕▓р╕Фр╕╡
104,Watsons,р╕з***.,5,2021-11-17,р╕Лр╕╖р╣Йр╕нр╕Хр╕нр╕Щр╣Вр╕Ыр╕г 1111 р╣Др╕Фр╣Йр╕гр╕▒р╕Ър╕Кр╣Йр╕▓р╕Бр╕зр╣Ир╕▓р╕гр╣Йр╕▓р╕Щр╕нр╕╖р╣Ир╕Щ р╣Бр╕Хр╣Ир╕Хр╕гр╕Зр╕Хр╕▓р╕бр╕Бр╕│р╕лр╕Щр╕Ф р╣Гр╕Кр╣Йр╕кр╕╣р╕Хр╕гр╕Щр╕╡р╣Йр╕Хр╕ер╕нр╕Ф р╕Чр╕▓р╣Бр╕ер╣Йр╕зр╕лр╕Щр╣Йр╕▓р╣Др╕бр╣Ир╕бр╕▒р╕Щ р╕кр╕╡р╕Ьр╕┤р╕Фр╕Вр╕▓р╕зр╕Вр╕╢р╣Йр╕Щ 1 р╕гр╕░р╕Фр╕▒р╕Ъ
105,Watsons,A***.,5,2023-05-28,р╕Лр╕╖р╣Йр╕нр╣Вр╕Ыр╕г188 р╕Ър╕▓р╕Ч р╕вр╕▒р╕Зр╣Др╕бр╣Ир╣Ар╕Др╕вр╕ер╕нр╕Зр╕кр╕╣р╕Хр╕гр╕Щр╕╡р╣Йр╕бр╕▓р╕Бр╣Ир╕нр╕Щ р╕Цр╣Йр╕▓р╣Гр╕Кр╣Йр╣Бр╕ер╣Йр╕зр╣Др╕бр╣Ир╣Бр╕Юр╣Йр╣Вр╕нр╣Ар╕Др╣Др╕зр╣Йр╕Бр╕ер╕▒р╕Ър╕бр╕▓р╕Хр╕│р╕нр╕╡р╕Бр╕Др╣Ир╕░ р╕гр╕▓р╕Щр╣Бр╕Юр╣Зр╕Др╕Вр╕нр╕Зр╕бр╕▓р╕Фр╕╡
106,Watsons,S***.,5,2023-11-15,р╣Вр╕ер╕Кр╕▒р╣Ир╕Щр╕Бр╕▒р╕Щр╣Бр╕Фр╕Фр╕Кр╕Щр╕┤р╕Фр╕Чр╕╡р╣Ир╕нр╣Ир╕нр╕Щр╣Вр╕вр╕Щр╣Ар╕Ыр╣Зр╕Щр╕Юр╕┤р╣Ар╕ир╕йр╣Ар╕лр╕бр╕▓р╕░р╕кр╕│р╕лр╕гр╕▒р╕Ър╕кр╕▓р╕зр╕кр╕▓р╕зр╕Чр╕╡р╣Ир╕Хр╣Йр╕нр╕Зр╕Бр╕▓р╕гр╕Др╕зр╕▓р╕бр╕Щр╕╕р╣Ир╕бр╕Щр╕зр╕ер╕Кр╕╕р╣Ир╕бр╕Кр╕╖р╣Йр╕Щр╣Гр╕лр╣Йр╕Бр╕▒р╕Ър╕Ьр╕┤р╕зр╣Вр╕Фр╕вр╕Чр╕╡р╣Ир╣Др╕бр╣Ир╕Чр╕│р╣Гр╕лр╣Йр╣Ар╕Бр╕┤р╕Фр╕Бр╕▓р╕гр╕гр╕░р╕Др╕▓р╕вр╣Ар╕Др╕╖р╕нр╕З
107,Watsons,р╣А***.,5,2023-11-15,р╣Вр╕ер╕Кр╕▒р╣Ир╕Щр╕Бр╕▒р╕Щр╣Бр╕Фр╕Фр╕вр╕╡р╣Ир╕лр╣Йр╕нр╕Фр╕▒р╕Зр╕кр╕Фр╕Ир╕▓р╕Бр╕Нр╕╡р╣Ир╕Ыр╕╕р╣Ир╕Щр╕кр╕▓р╕бр╕▓р╕гр╕Цр╣Гр╕Кр╣Йр╣Бр╕ер╣Йр╕зр╕Ьр╕┤р╕зр╕Вр╕▓р╕зр╣Ар╕Щр╕╡р╕вр╕Щр╣Гр╕кр╕Кр╕бр╕Юр╕╣р╕кр╕╕р╕Вр╕ар╕▓р╕Юр╕Фр╕╡р╣Ар╕лр╕бр╕▓р╕░р╕кр╕│р╕лр╕гр╕▒р╕Ър╕кр╕▓р╕зр╕Щр╣Йр╕нр╕вр╕Чр╕╡р╣Ир╕вр╕▒р╕Зр╣Др╕бр╣Ир╕бр╕╡р╣Бр╕Яр╕Щр╣Бр╕ер╣Йр╕зр╕Ир╕░р╕лр╕▓р╣Бр╕Яр╕Щр╣Др╕Фр╣Йр╕ар╕▓р╕вр╣Гр╕Щр╕лр╕Щр╕╢р╣Ир╕Зр╕зр╕▒р╕Щр╣Ар╕Щр╕╖р╣Ир╕нр╕Зр╕Ир╕▓р╕Бр╕зр╣Ир╕▓р╕кр╕зр╕в
108,Watsons,р╣Д***.,5,2023-11-15,р╕Бр╕▒р╕Щр╣Бр╕Фр╕Фр╕Ър╕╡р╣Вр╕н р╕Бр╕▒р╕Щр╣Бр╕Фр╕Ф р╕Ыр╕гр╕▒р╕Ър╕Ьр╕┤р╕зр╕Фр╕╣р╣Др╕Ър╕гр╕Чр╣Мр╕бр╕╡р╕нр╕нр╕гр╕▓р╕гр╕╕р╣Ир╕Щр╕Щр╕╡р╣Йр╣Ар╕Щр╕╖р╣Йр╕нр╕Ир╕░р╣Ар╕Ыр╣Зр╕Щр╕кр╕╡р╕Кр╕бр╕Юр╕╣р╕нр╣Ир╕нр╕Щр╕нр╣Ир╕нр╕Щр╕Чр╕▓р╣Бр╕ер╣Йр╕зр╕кр╕зр╕вр╕Зр╕▓р╕бр╕бр╕▓р╕Б р╣Ар╕ер╕в
109,Watsons,S***t,5,2023-11-16,р╕Др╕╕р╕Ур╕ар╕▓р╕Юр╕Фр╕╡ р╕бр╕▓р╕Б р╕бр╕▓р╕Б р╣Гр╕Кр╣Й р╕Фр╕╡ р╕бр╕▓р╕Б р╕Др╕╕р╕Ур╕ар╕▓р╕Ю р╕Фр╕╡ р╕бр╕▓р╕Б р╕гр╣Йр╕▓р╕Щ р╕Щр╣Ир╕▓ р╣Ар╕Кр╕╖р╣Ир╕н р╕Цр╕╖р╕н р╣Др╕зр╣Й р╣Гр╕И р╕зр╣Ир╕▓ р╕кр╕┤ р╕Щ р╕Др╣Йр╕▓ р╣Ар╕Ыр╣Зр╕Щ р╕Вр╕нр╕З р╣Бр╕Чр╣Й р╕Др╕╕р╣Йр╕б р╕Др╣Ир╕▓ р╕Др╕╕р╕б р╕гр╕▓р╕Др╕▓ р╕Фр╕╡р╕бр╕▓р╕Б
110,Watsons,Thitima W.,5,2021-10-02,р╣Др╕Фр╣Йр╕гр╕▒р╕Ър╕кр╕┤р╕Щр╕Др╣Йр╕▓р╕Цр╕╣р╕Бр╕Хр╣Йр╕нр╕Зр╕Др╕гр╕Ър╕Цр╣Йр╕зр╕Щр╕Ир╕▒р╕Фр╕кр╣Ир╕Зр╕гр╕зр╕Фр╣Ар╕гр╣Зр╕зр╕Чр╕▒р╕Щр╣Гр╕И р╕кр╕┤р╕Щр╕Др╣Йр╕▓р╣Бр╕Юр╣Зр╕Др╕бр╕▓р╕нр╕вр╣Ир╕▓р╕Зр╕Фр╕╡
111,Watsons,р╣А***.,5,2023-11-08,р╕кр╕┤р╕Щр╕Др╣Йр╕▓р╕Фр╕╡ р╕гр╕▓р╕Др╕▓р╕Фр╕╡ р╣Бр╕Юр╣Зр╕Др╕Фр╕╡ р╕кр╣Ир╕Зр╣Др╕з р╕кр╕┤р╕Щр╕Др╣Йр╕▓р╕Фр╕╡ р╕гр╕▓р╕Др╕▓р╕Фр╕╡ р╣Бр╕Юр╣Зр╕Др╕Фр╕╡ р╕кр╣Ир╕Зр╣Др╕з р╕кр╕┤р╕Щр╕Др╣Йр╕▓р╕Фр╕╡ р╕гр╕▓р╕Др╕▓р╕Фр╕╡ р╣Бр╕Юр╣Зр╕Др╕Фр╕╡ р╕кр╣Ир╕Зр╣Др╕з р╕кр╕┤р╕Щр╕Др╣Йр╕▓р╕Фр╕╡ р╕гр╕▓р╕Др╕▓р╕Фр╕╡ р╣Бр╕Юр╣Зр╕Др╕Фр╕╡ р╕кр╣Ир╕Зр╣Др╕з
112,Watsons,Lek N.,5,2024-06-02,р╕Чр╕│р╣Гр╕лр╣Йр╕Ьр╕┤р╕зр╕Кр╕╕р╣Ир╕бр╕Кр╕╖р╣Ир╕Щ р╕Ыр╣Йр╕нр╕Зр╕Бр╕▒р╕Щр╣Бр╕Фр╕Фр╕Чр╕╡р╣Ир╕нр╕вр╕╣р╣Ир╣Др╕Фр╣Йр╕Щр╕▓р╕Щ р╕Чр╕│р╣Гр╕лр╣Йр╕Фр╕╣р╣Ар╕Ыр╣Зр╕Щр╕Шр╕гр╕гр╕бр╕Кр╕▓р╕Хр╕┤р╣Бр╕ер╕░р╕кр╕Фр╣Гр╕к р╣Др╕бр╣Ир╕Чр╕│р╣Гр╕лр╣Йр╕Ьр╕┤р╕зр╕Фр╕╣р╕Вр╕▓р╕зр╣Вр╕Чр╕гр╕б
113,Watsons,L***n,5,2021-09-21,р╕Др╕╕р╕Ур╕ар╕▓р╕Юр╕кр╕┤р╕Щр╕Др╣Йр╕▓р╕Фр╕╡р╕Хр╕▓р╕бр╕бр╕▓р╕Хр╕гр╕Рр╕▓р╕Щр╕Ьр╕ер╕┤р╕Хр╕ар╕▒р╕Ур╕Ср╣М р╕Бр╕▓р╕гр╣Бр╕Юр╣Зр╕Др╕Вр╕нр╕Зр╕Ир╕▒р╕Фр╕кр╣Ир╕Зр╕Вр╕Щр╕кр╣Ир╕Зр╕гр╕зр╕Фр╣Ар╕гр╣Зр╕зр╕Фр╕╡ р╕гр╕▓р╕Др╕▓р╕Цр╕╖р╕нр╕зр╣Ир╕▓р╕Др╕╕р╣Йр╕б р╕Вр╕Щр╕кр╣Ир╕Зр╕Ир╕▒р╕Фр╕кр╣Ир╕Зр╕гр╕зр╕Фр╣Ар╕гр╣Зр╕зр╣Гр╕лр╣Йр╕Ър╕гр╕┤р╕Бр╕▓р╕гр╕Фр╕╡р╕бр╕▓р╕Б
114,Watsons,Katesarah M.,5,2023-08-11,р╕Фр╕╡ р╕бр╕▓
115,Watsons,Milk M.,5,2024-05-08,р╕кр╣Ир╕Зр╣Ар╕гр╣Зр╕зр╕зр╕зр╕зр╕зр╕зр╕з
116,Watsons,L***.,5,2023-06-29,р╣Др╕Фр╣Йр╕гр╕▒р╕Ър╕кр╕┤р╕Щр╕Др╣Йр╕▓р╣Бр╕ер╣Йр╕зр╕Щр╕░р╕Др╕░р╕Чр╕▓р╕Зр╕гр╣Йр╕▓р╕Щр╕Ир╕▒р╕Фр╕кр╣Ир╕Зр╕кр╕┤р╕Щр╕Др╣Йр╕▓р╣Др╕Фр╣Йр╣Др╕зр╕бр╕▓р╕Бр╕Др╣Ир╕░р╕гр╕нр╕Вр╕нр╕Зр╣Др╕бр╣Ир╕Щр╕▓р╕Щр╣Ар╕ер╕вр╣Бр╕Ыр╕Ыр╣Ар╕Фр╕╡р╕вр╕зр╕Бр╣Зр╣Др╕Фр╣Йр╕гр╕▒р╕Ър╕Вр╕нр╕Зр╣Бр╕ер╣Йр╕зр╕Др╣Ир╕░
117,Watsons,n***.,5,2023-06-07,р╕кр╣Ир╕Зр╣Др╕з р╕гр╕▓р╕Др╕▓р╣Вр╕Фр╕Щр╣Гр╕И р╣Гр╕Кр╣Йр╕Зр╣Ир╕▓р╕в р╣Др╕бр╣Ир╣Бр╕кр╕Ър╕Хр╕▓
118,Watsons,*******899,5,2023-06-11,р╣Др╕Фр╣Йр╕гр╕▒р╕Ър╣Бр╕ер╣Йр╕зр╕Др╣Ир╕░ р╕кр╣Ир╕Зр╣Др╕зр╕бр╕▓р╕Бр╕Др╣Ир╕░
119,Watsons,Y***.,5,2023-05-14,р╕Др╕╕р╕Ур╕ар╕▓р╕Юр╕Фр╕╡р╕Ир╣Йр╕▓ р╣Ар╕Щр╕╖р╣Йр╕нр╕кр╕▒р╕бр╕Ьр╕▒р╕кр╕Кр╕нр╕Ър╕Ър╕▓р╕Зр╣Ар╕Ър╕▓ р╕Ыр╕гр╕░р╕кр╕┤р╕Чр╕Шр╕┤р╕ар╕▓р╕Юр╣Др╕бр╣Ир╣Ар╕лр╕Щр╕╡р╕вр╕зр╣Ар╕Щр╕нр╕░р╕Щр╕░
120,Watsons,maew2946,5,2022-11-13,р╣Др╕Фр╣Йр╕гр╕▒р╕Ър╕кр╕┤р╕Щр╕Др╣Йр╕▓р╣Ар╕гр╕╡р╕вр╕Ър╕гр╣Йр╕нр╕вр╣Бр╕ер╣Йр╕зр╣Бр╕Юр╣Зр╕Др╕бр╕▓р╣Ар╕гр╕╡р╕вр╕Ър╕гр╣Йр╕нр╕в
121,Watsons,р╕К***р╕г,5,2021-02-04,р╕Вр╕нр╕Зр╣Бр╕Юр╕Др╕бр╕▓р╕Фр╕╡р╕бр╕▓р╕Б р╕Ир╕▒р╕Фр╕кр╣Ир╕Зр╕гр╕зр╕Фр╣Ар╕гр╣Зр╕зр╕бр╕▓р╕Б р╕кр╕▒р╣Ир╕Зр╕зр╕▒р╕Щр╕Чр╕╡р╣И 2 р╣Др╕Фр╣Йр╕зр╕▒р╕Щр╕Чр╕╡р╣И 4 р╣Гр╕Кр╣Йр╕вр╕╡р╣Ир╕лр╣Йр╕нр╕Щр╕╡р╣Йр╕нр╕вр╕╣р╣Ир╣Бр╕ер╣Йр╕з р╕Кр╕нр╕Ър╕Др╣Ир╕░
122,Watsons,р╕Ю***.,5,2024-03-19,р╕кр╕┤р╕Щр╕Др╣Йр╕▓р╣Гр╕Кр╣Йр╕Фр╕╡ р╕лр╕Щр╣Йр╕▓р╣Др╕бр╣Ир╕зр╕нр╕Б р╕Лр╕╢р╕бр╕Фр╕╡
123,Watsons,Sranrach S.,5,2022-12-24,р╣Др╕Фр╣Йр╕гр╕▒р╕Ър╕кр╕┤р╕Щр╕Др╣Йр╕▓р╣Бр╕ер╣Йр╕зр╕Др╣Ир╕░
124,Watsons,S***i,5,2022-12-16,р╕кр╕┤р╕Щр╕Др╣Йр╕▓ р╕Др╕╕р╕Ур╕ар╕▓р╕Юр╕Юр╕Юр╕Юр╕Юр╕Юр╕Юр╕Юр╕Юр╕Юр╕Юр╕Фр╕╡ р╕Др╕╕р╣Йр╕бр╕Др╣Ир╕▓ р╕лр╣Ир╕нр╕Вр╕Щр╕кр╣Ир╕Зр╕бр╕▓р╣Др╕Фр╣Йр╕Фр╕╡ р╕Вр╕Щр╕кр╣Ир╕Зр╣Ар╕гр╣Зр╕зр╕зр╕зр╕зр╕зр╕зр╕зр╕зр╕зр╕зр╕зр╕зр╕зр╕з
125,Watsons,Kae D.,5,2023-01-07,р╣Ар╕Щр╕╖р╣Йр╕нр╕Щр╕бр╕бр╕╡р╕Др╕зр╕▓р╕бр╕бр╕▒р╕Щ р╕Др╕Щр╕лр╕Щр╣Йр╕▓р╕бр╕▒р╕Щр╣Др╕бр╣Ир╣Ар╕лр╕бр╕▓р╕░
126,Watsons,р╕ар╕▓р╕зр╕┤р╕Ур╕╡ р╕Ю.,5,2022-12-12,р╕кр╣Ир╕Зр╣Др╕з р╕Вр╕нр╕Зр╣Гр╕лр╕бр╣Ир╕Др╣Ир╕░
127,Watsons,Panyanit S.,5,2024-03-21,р╕Фр╕╡р╕Др╣Ир╕░р╣Др╕бр╣И р╕Др╣Ир╕░
128,Watsons,****9,5,2022-07-27,р╕Ър╕гр╕┤р╕Бр╕▓р╕гр╕Фр╕╡р╕Др╣Ир╕░ р╣Бр╕нр╕Чр╕бр╕┤р╕Щр╕Щр╣Ир╕▓р╕гр╕▒р╕Б р╣Гр╕лр╣Йр╕Др╕│р╣Бр╕Щр╕░р╕Щр╕│р╕Фр╕╡
129,Watsons,S***i,5,2022-07-08,р╕кр╕┤р╕Щр╕Др╣Йр╕▓р╕Фр╕╡р╕бр╕▓р╕Бр╕Бр╕Б
130,Watsons,р╕нр╕▓р╕гр╕вр╕▓ р╕а.,5,2022-05-25,р╕кр╕┤р╕Щр╕Др╣Йр╕▓р╕Хр╕гр╕Зр╕Ыр╕Б р╣Гр╕Кр╣Йр╕Фр╕╡ р╕Цр╕╣р╕Бр╣Гр╕Ир╕Др╣Ир╕░
131,Watsons,р╕Ш***.,5,2023-11-15,р╣Вр╕ер╕Кр╕▒р╣Ир╕Щр╕Бр╕▒р╕Щр╣Бр╕Фр╕Фр╕Ър╕┤р╣Вр╕нр╣Ар╕гр╕нр╕▒р╕Щр╕Щр╕╡р╣Йр╣Гр╕Кр╣Йр╕бр╕▓р╕Хр╕▒р╣Йр╕Зр╣Бр╕Хр╣Ир╣Ар╕Фр╣Зр╕Бр╕Ир╕Щр╕Цр╕╢р╕Зр╕Ьр╕╣р╣Йр╣Гр╕лр╕Нр╣Ир╕Ир╕Щр╕Ир╕░р╣Бр╕Бр╣Ир╣Бр╕ер╣Йр╕зр╣Гр╕Кр╣Йр╣Бр╕ер╣Йр╕зр╕лр╕Щр╣Йр╕▓р╣Ар╕Щр╕╡р╕вр╕Щр╕кр╕Фр╣Гр╕кр╕вр╕┤р╣Ир╕Зр╕Бр╕зр╣Ир╕▓р╕кр╕▓р╕з р╣Ар╕кр╕╡р╕в р╕нр╕╡р╕Б
132,Watsons,р╕Н***.,5,2021-08-20,р╣Др╕Фр╣Йр╕гр╕▒р╕Ър╕кр╕┤р╕Щр╕Др╣Йр╕▓ р╕Фр╕╡р╕Др╣Ир╕░ р╣Бр╕Юр╣Зр╕Др╣Ар╕Бр╕Ир╕бр╕▓р╣Ар╕гр╕╡р╕вр╕Ъ р╣Др╕зр╣Й р╕нр╕╕р╕Фр╕лр╕Щр╕╕р╕Щр╣Ар╕Юр╕┤р╣Ир╕бр╕Щр╕░р╕Др╕░
133,Watsons,BellEr P.,1,2023-01-08,р╕кр╣Ир╕Зр╕бр╕▓р╕Ьр╕┤р╕Ф
134,Watsons,р╕И***.,3,2019-11-16,р╣Бр╕кр╕Ър╕Хр╕▓
135,Watsons,р╕зр╕гр╕гр╕Ур╕╡ р╣Г.,4,2020-12-17,р╕кр╣Ир╕Зр╕Вр╕нр╕Зр╕Кр╣Йр╕▓р╣Др╕Ыр╕Щр╕┤р╕Фр╕Др╣Ир╕░ р╕Хр╕▒р╕зр╕Щр╕╡р╣Йр╣Гр╕Кр╣Йр╕Фр╕╡ р╣Гр╕Кр╣Йр╣Бр╕Чр╕Щр╣Ар╕Ър╕кр╕Бр╣Ир╕нр╕Щр╕ер╕Зр╕гр╕нр╕Зр╕Юр╕╖р╣Йр╕Щр╣Др╕Фр╣Йр╣Ар╕ер╕в р╕Ыр╕гр╕▒р╕Ър╕кр╕╡р╕лр╕Щр╣Йр╕▓р╣Гр╕лр╣Йр╕кр╕зр╣Ир╕▓р╕Зр╕Вр╕╢р╣Йр╕Щ
136,Watsons,р╕Шр╕Щр╕▒р╕Кр╕Юр╕г р╕И.,4,2020-12-25,р╣Вр╕нр╣Ар╕Др╕Др╣Ир╕░
137,Watsons,р╕зр╕Зр╕йр╣Мр╣Ар╕Фр╕╖р╕нр╕Щ р╕Щ.,4,2021-11-17,р╣Ар╕Др╕вр╣Гр╕Кр╣Йр╕бр╕▓р╕лр╕ер╕▓р╕вр╕лр╕ер╕нр╕Фр╣Бр╕ер╣Йр╕зр╕гр╕▓р╕Др╕▓р╕Бр╣Зр╕Цр╕╖р╕нр╕зр╣Ир╕▓р╣Вр╕нр╣Ар╕Др╕гр╕Др╣Ир╕░
138,Watsons,Molly,4,2021-06-13,р╣Гр╕Кр╣Йр╣Ар╕зр╕ер╕▓р╕кр╣Ир╕З7р╕зр╕▒р╕Щ р╕Цр╣Йр╕▓р╕гр╕╡р╕Ъ р╕Др╕зр╕гр╕кр╕▒р╣Ир╕З
139,Watsons,р╕нр╕▓р╕гр╕вр╕▓ р╕а.,5,2022-05-25,р╕кр╕┤р╕Щр╕Др╣Йр╕▓р╕Хр╕гр╕Зр╕Ыр╕Б р╣Гр╕Кр╣Йр╕Фр╕╡ р╕Цр╕╣р╕Бр╣Гр╕Ир╕Др╣Ир╕░
140,Watsons,w***e,5,2023-11-12,р╕кр╣Ир╕Зр╣Ар╕гр╣Зр╕зр╕бр╕▓р╕Б р╕зр╕▒р╕Щр╣Ар╕Фр╕╡р╕вр╕зр╣Др╕Фр╣Йр╕гр╕▒р╕Ър╕кр╕┤р╕Щр╕Др╣Йр╕▓р╣Бр╕ер╣Йр╕зр╣Бр╕Хр╣Ир╣Ар╕гр╕▓р╣Гр╕Кр╣Йр╣Бр╕ер╣Йр╕зр╕лр╕Щр╣Йр╕▓р╕бр╕▒р╕Щр╕Щр╕┤р╕Фр╕лр╕Щр╣Ир╕нр╕вр╕Лр╕╖р╣Йр╕нр╣Ар╕Юр╕гр╕▓р╕░р╕Хр╕▓р╕бр╕гр╕╡р╕зр╕┤р╕зр╕кр╕┤р╕Щр╕Др╣Йр╕▓р╕ер╕Фр╕гр╕▓р╕Др╕▓р╣Ар╕вр╕нр╕░р╕бр╕▓р╕Бр╕Др╕╕р╣Йр╕бр╕Фр╕╡
141,Watsons,р╕Бр╕Щр╕Бр╕зр╕гр╕гр╕У р╕з.,5,2023-06-20,р╕Ыр╕Бр╕Хр╕┤р╣Гр╕Кр╣Йр╕нр╕вр╕╣р╣Ир╕кр╕╡р╕Кр╕бр╕Юр╕╣ р╕Хр╕нр╕Щр╕ер╕Фр╕гр╕▓р╕Др╕▓ 199 р╕Ър╕▓р╕Ч р╣Бр╕Хр╣Ир╣Гр╕Щр╕Кр╣Зр╕нр╕Ыр╕зр╕▒р╕Хр╕кр╕▒р╕Щ р╣Ар╕Ыр╣Зр╕Щр╕Щр╣Йр╕│р╕Щр╕бр╕Ыр╕гр╕▒р╕Ър╣Бр╕кр╕Зр╕лр╕Щр╣Йр╕▓р╕Фр╕╣р╕кр╕зр╣Ир╕▓р╕З р╣Др╕бр╣Ир╣Ар╕лр╕Щр╕╡р╕вр╕зр╕Лр╕╢р╕бр╣Др╕Ыр╕Бр╕▒р╕Ър╕Ьр╕┤р╕зр╕лр╕Щр╣Йр╕▓ р╣Ар╕лр╣Зр╕Щр╕ер╕Фр╕гр╕▓р╕Др╕▓р╕Хр╕Б 170 р╕Бр╕зр╣Ир╕▓р╕Ър╕▓р╕Чр╣Ар╕ер╕вр╣Др╕бр╣Ир╕ер╕▒р╕Зр╣Ар╕ер╕кр╕▒р╣Ир╕Зр╕Лр╕╖р╣Йр╕н 2 р╕Кр╕┤р╣Йр╕Щ р╕Яр╕гр╕╡р╕Др╣Ир╕▓р╕кр╣Ир╕З р╕бр╕╡р╣Ар╕Зр╕┤р╕Щр╕Др╕╖р╕Щр╕Фр╣Йр╕зр╕вр╕Др╣Ир╕░
142,Watsons,****9,5,2022-07-27,р╕Ър╕гр╕┤р╕Бр╕▓р╕гр╕Фр╕╡р╕Др╣Ир╕░ р╣Бр╕нр╕Чр╕бр╕┤р╕Щр╕Щр╣Ир╕▓р╕гр╕▒р╕Б р╣Гр╕лр╣Йр╕Др╕│р╣Бр╕Щр╕░р╕Щр╕│р╕Фр╕╡
143,Watsons,Milk M.,5,2024-05-08,р╕кр╣Ир╕Зр╣Ар╕гр╣Зр╕зр╕зр╕зр╕зр╕зр╕зр╕з
144,Watsons,р╕к***.,5,2024-09-08,р╕кр╕╣р╕Хр╕гр╣Др╕бр╣Ир╕бр╕▒р╕Щр╣Ар╕вр╕┤р╣Йр╕б р╕Зр╣Ир╕▓р╕вр╕Хр╣Ир╕нр╕Бр╕▓р╕гр╕Чр╕▓р╣Бр╕ер╕░р╕Ьр╕кр╕б р╕Лр╕╢р╕бр╣Ар╕Вр╣Йр╕▓р╕Ьр╕┤р╕зр╣Ар╕гр╣Зр╕зр╕Кр╣Ир╕зр╕вр╕Ыр╕гр╕▒р╕Ър╕кр╕╡р╕Ьр╕┤р╕зр╣Гр╕лр╣Йр╕кр╕бр╣Ир╕│р╣Ар╕кр╕бр╕н
145,Kao Beauty & Personal Care,8***3,5,2024-04-04,р╕Хр╕┤р╕Фр╕Хр╣Ир╕нр╕Др╕╕р╕У р╕Щр╕▒р╕Бр╣Бр╕кр╕Фр╕Зр╣Гр╕Щр╕гр╕░р╕вр╕░р╣Гр╕Щр╕Вр╕нр╕Зр╕Др╕╕р╕Ур╣Гр╕Щр╣Бр╕ер╕░р╕Ир╕│р╕Щр╕зр╕Щр╣Гр╕Щр╕кр╕┤р╣Ир╕Зр╕Др╕╕р╕Ур╣Вр╕ер╕Бр╕нр╕вр╣Ир╕▓р╕Зр╣Др╕гр╕Ър╣Йр╕▓р╕Зр╕Др╕Щр╕Ир╕▓р╕Бр╕нр╕▓р╕Бр╕▓р╕гр╕Бр╕▓р╕гр╕лр╕зр╕▒р╕Фр╕бр╕┤р╕Ф р╕Хр╕▒р╕Щ р╕зр╕▒р╕вр╕Кр╕▒р╕Щр╣Ар╕Ыр╣Зр╕Щр╣Бр╕ер╕░р╣Гр╕Щр╕Ьр╕╣р╣Йр╕Ир╕▒р╕Фр╕Бр╕▓р╕гр╕Бр╕гр╕гр╕бр╕Бр╕▓р╕гр╣Ар╕Ыр╣Зр╕Щр╕Чр╕╡р╕бр╕лр╕Щр╕╢р╣Ир╕Зр╕Щр╕▒р╣Йр╕Щр╕Вр╕нр╕Зр╕кр╕┤р╣Ир╕Зр╕кр╣Ир╕зр╕Щр╣Гр╕Щр╕Чр╕╡р╣Ир╕кр╕╕р╕Фр╕Др╕зр╕▓р╕бр╣Бр╕ер╕░р╣Гр╕Щр╕нр╕▒р╕Щр╕Фр╕▒р╕Ър╣Ар╕Ир╣Йр╕▓р╕Ир╕░р╣Ар╕Юр╕╖р╣Ир╕нр╕Щр╕Хр╣Йр╕нр╕Зр╕Бр╕▒р╕Щр╣Бр╕ер╕░
146,Kao Beauty & Personal Care,*******936,5,2024-08-25,р╕Лр╕╢р╕бр╣Ар╕Вр╣Йр╕▓р╕кр╕╣р╣Ир╕Ьр╕┤р╕зр╕нр╕вр╣Ир╕▓р╕Зр╕гр╕зр╕Фр╣Ар╕гр╣Зр╕з р╣Ар╕лр╕бр╕▓р╕░р╕кр╕│р╕лр╕гр╕▒р╕Ър╕Ьр╕┤р╕зр╣Бр╕Юр╣Йр╕Зр╣Ир╕▓р╕в р╣Ар╕лр╕бр╕▓р╕░р╕кр╕│р╕лр╕гр╕▒р╕Ър╕Бр╕▓р╕гр╣Гр╕Кр╣Йр╕Зр╕▓р╕Щр╕Чр╕╕р╕Бр╕зр╕▒р╕Щ р╣Гр╕лр╣Йр╕Бр╕▓р╕гр╕Ыр╕Бр╕Ыр╣Йр╕нр╕Зр╕Ир╕▓р╕Бр╣Бр╕кр╕Зр╣Бр╕Фр╕Фр╕кр╕╣р╕З
147,Kao Beauty & Personal Care,F***.,5,2024-07-08,р╕Лр╕╢р╕бр╣Ар╕Вр╣Йр╕▓р╕кр╕╣р╣Ир╕Ьр╕┤р╕зр╣Др╕Фр╣Йр╕нр╕вр╣Ир╕▓р╕Зр╕гр╕зр╕Фр╣Ар╕гр╣Зр╕з р╣Ар╕лр╕бр╕▓р╕░р╕кр╕│р╕лр╕гр╕▒р╕Ър╕Бр╕┤р╕Ир╕Бр╕гр╕гр╕бр╕Бр╕ер╕▓р╕Зр╣Бр╕Ир╣Йр╕З р╕Чр╕│р╣Гр╕лр╣Йр╣Ар╕лр╕бр╕╖р╕нр╕Щр╕бр╕╡р╣Бр╕кр╕Зр╕кр╕зр╣Ир╕▓р╕Зр╣Бр╕ер╕░р╕кр╕Фр╣Гр╕к р╕Кр╣Ир╕зр╕вр╣Гр╕лр╣Йр╕Ьр╕┤р╕зр╕Кр╕╕р╣Ир╕бр╕Кр╕╖р╣Йр╕Щ
148,Kao Beauty & Personal Care,****6,5,2024-07-08,р╕Чр╕│р╣Гр╕лр╣Йр╣Ар╕лр╕бр╕╖р╕нр╕Щр╕бр╕╡р╣Бр╕кр╕Зр╕кр╕зр╣Ир╕▓р╕Зр╣Бр╕ер╕░р╕кр╕Фр╣Гр╕к р╣Др╕бр╣Ир╣Ар╕лр╣Зр╕Щр╕гр╕нр╕вр╕Вр╕▓р╕з р╕гр╕╣р╣Йр╕кр╕╢р╕Бр╕кр╕Ър╕▓р╕вр╕Хр╣Ир╕нр╕Ьр╕┤р╕з р╕Ьр╕кр╕бр╕Бр╕▒р╕Ър╣Ар╕бр╕Др╕нр╕▒р╕Юр╣Др╕Фр╣Йр╕Фр╕╡ р╣Др╕бр╣Ир╕гр╕╣р╣Йр╕кр╕╢р╕Бр╕лр╕Щр╕▒р╕Бр╕Хр╣Ир╕нр╕Ьр╕┤р╕з
149,Kao Beauty & Personal Care,Supa,5,2024-06-02,р╕Лр╕╢р╕бр╣Ар╕Вр╣Йр╕▓р╕кр╕╣р╣Ир╕Ьр╕┤р╕зр╣Др╕Фр╣Йр╕нр╕вр╣Ир╕▓р╕Зр╕гр╕зр╕Фр╣Ар╕гр╣Зр╕з р╕Ыр╣Йр╕нр╕Зр╕Бр╕▒р╕Щр╣Бр╕кр╕Зр╣Бр╕Фр╕Фр╕кр╕╣р╕З р╕Чр╕│р╣Гр╕лр╣Йр╕Ьр╕┤р╕зр╣Ар╕Щр╕╡р╕вр╕Щр╣Бр╕ер╕░р╣Др╕бр╣Ир╕бр╕╡р╕Др╕зр╕▓р╕бр╣Ар╕Зр╕▓ р╕Ьр╕кр╕бр╕Бр╕▒р╕Ър╣Ар╕бр╕Др╕нр╕▒р╕Юр╣Др╕Фр╣Йр╕Фр╕╡ р╕Чр╕│р╣Гр╕лр╣Йр╕Ьр╕┤р╕зр╣Ар╕Щр╕╡р╕вр╕Щр╣Бр╕ер╕░р╣Др╕бр╣Ир╕бр╕╡р╕Др╕зр╕▓р╕бр╣Ар╕Зр╕▓ р╕Ыр╣Йр╕нр╕Зр╕Бр╕▒р╕Щр╣Бр╕кр╕Зр╣Бр╕Фр╕Фр╕кр╕╣р╕З р╣Др╕бр╣Ир╕Чр╕│р╣Гр╕лр╣Йр╕гр╕╣р╕Вр╕╕р╕бр╕Вр╕Щр╕нр╕╕р╕Фр╕Хр╕▒р╕Щ
150,Kao Beauty & Personal Care,P***.,5,2024-01-06,р╣Др╕Фр╣Йр╕гр╕▒р╕Ър╕кр╕┤р╕Щр╕Др╣Йр╕▓р╣Ар╕гр╕╡р╕вр╕Ър╕гр╣Йр╕нр╕вр╕Др╕гр╕Ър╕Цр╣Йр╕зр╕Щр╕Хр╕▓р╕бр╕Ир╕│р╕Щр╕зр╕Щр╕Чр╕╡р╣Ир╕кр╕▒р╣Ир╕Зр╣Бр╕ер╣Йр╕зр╕Др╣Ир╕░ р╕Чр╕▓р╕Зр╕гр╣Йр╕▓р╕Щр╕Ир╕▒р╕Фр╕кр╣Ир╕Зр╕Юр╕▒р╕кр╕Фр╕╕р╕бр╕▓р╣Гр╕лр╣Йр╣Бр╕ер╕░р╕бр╕╡р╕Бр╕▓р╕гр╣Бр╕Юр╣Зр╕Др╕Ыр╣Йр╕нр╕Зр╕Бр╕▒р╕Щр╕Бр╕гр╕░р╣Бр╕Чр╕Бр╕бр╕▓р╕нр╕вр╣Ир╕▓р╕Зр╕Фр╕╡ р╕лр╕▓р╕Бр╣Ар╕гр╕▓р╕бр╕╡р╕Вр╣Йр╕нр╕кр╕Зр╕кр╕▒р╕вр╕лр╕гр╕╖р╕нр╣Др╕бр╣Ир╣Ар╕Вр╣Йр╕▓р╣Гр╕Ир╕Хр╕гр╕Зр╣Др╕лр╕Щр╕Бр╣Зр╕кр╕▓р╕бр╕▓р╕гр╕Цр╕Чр╕▒р╕Бр╕кр╕нр╕Ър╕Цр╕▓р╕бр╕гр╣Йр╕▓р╕Щр╕Др╣Йр╕▓р╣Др╕Фр╣Йр╕Хр╕ер╕нр╕Фр╣Ар╕зр╕ер╕▓р╕Др╣Ир╕░р╕гр╣Йр╕▓р╕Щр╕Др╣Йр╕▓р╣Гр╕лр╣Йр╕Ър╕гр╕┤р╕Бр╕▓р╕гр╕Фр╕╡р╣Бр╕ер╕░р╣Гр╕лр╣Йр╕Др╕│р╕Ыр╕гр╕╢р╕Бр╕йр╕▓р╕Чр╕╡р╣Ир╕Фр╕╡р╣Бр╕ер╕░р╣Гр╕лр╣Йр╣Бр╕Щр╕зр╕Чр╕▓р╕Зр╣Бр╕Бр╣Йр╣Др╕Вр╕Чр╕╡р╣Ир╕Фр╕╡р╕Др╣Ир╕░ р╕лр╕▓р╕Бр╣Др╕Фр╣Йр╕ер╕нр╕Зр╣Гр╕Кр╣Йр╕кр╕┤р╕Щр╕Др╣Йр╕▓р╣Бр╕ер╣Йр╕зр╕Ьр╕ер╕ер╕▒р╕Юр╕Шр╣Мр╣Ар╕Ыр╣Зр╕Щр╕вр╕▒р╕Зр╣Др╕Зр╕Ир╕░р╕Бр╕ер╕▒р╕Ър╕бр╕▓р╕гр╕╡р╕зр╕┤р╕зр╕нр╕╡р╕Бр╕Чр╕╡р╕Щр╕░р╕Др╕░
151,Kao Beauty & Personal Care,р╕ер╕бр╕▒р╕в р╕К.,5,2024-09-08,р╕гр╕░р╕Фр╕▒р╕Ъ р╕Щр╣Йр╕│р╕лр╕Щр╕▒р╕Бр╣Ар╕Ър╕▓р╣Бр╕ер╕░р╣Др╕бр╣Ир╕бр╕▒р╕Щр╣Ар╕вр╕┤р╣Йр╕б р╕Бр╕▓р╕гр╕Ыр╣Йр╕нр╕Зр╕Бр╕▒р╕Щр╣Бр╕кр╕Зр╣Бр╕Фр╕Фр╕Чр╕╡р╣Ир╕вр╕▓р╕зр╕Щр╕▓р╕Щ р╣Др╕бр╣Ир╕нр╕╕р╕Фр╕Хр╕▒р╕Щр╕гр╕╣р╕Вр╕╕р╕бр╕Вр╕Щ р╣Гр╕лр╣Йр╕Др╕зр╕▓р╕бр╕Кр╕╕р╣Ир╕бр╕Кр╕╖р╣Йр╕Щр╣Бр╕Бр╣Ир╕Ьр╕┤р╕з р╕Чр╕┤р╣Йр╕Зр╕Ьр╕┤р╕зр╕кр╕▒р╕бр╕Ьр╕▒р╕кр╣Ар╕гр╕╡р╕вр╕Ър╣Бр╕ер╕░р╕Фр╣Йр╕▓р╕Щ р╣Ар╕лр╕бр╕▓р╕░р╕кр╕│р╕лр╕гр╕▒р╕Ър╕Ьр╕┤р╕зр╣Бр╕Юр╣Йр╕Зр╣Ир╕▓р╕в р╕Лр╕╢р╕бр╣Ар╕Вр╣Йр╕▓р╕кр╕╣р╣Ир╕Ьр╕┤р╕зр╕нр╕вр╣Ир╕▓р╕Зр╕гр╕зр╕Фр╣Ар╕гр╣Зр╕з р╣Ар╕лр╕бр╕▓р╕░р╕кр╕│р╕лр╕гр╕▒р╕Ър╕Бр╕┤р╕Ир╕Бр╕гр╕гр╕бр╕Бр╕ер╕▓р╕Зр╣Бр╕Ир╣Йр╕З
152,Kao Beauty & Personal Care,р╕Ш***.,5,2024-09-01,р╕Бр╕▒р╕Щр╕Щр╣Йр╕│ р╕Бр╕▒р╕Щр╕бр╕▒р╣Йр╕Зр╕Щр╕░р╕Др╕┤р╕Фр╕зр╣Ир╕▓р╣Ар╕Др╕ер╕╖р╕нр╕Ър╕лр╕Щр╣Йр╕▓р╕Фр╕╡ р╕Др╕зр╕▓р╕бр╣Ар╕Вр╣Йр╕▓р╕Бр╕▒р╕Щр╣Др╕Фр╣Йр╕Вр╕нр╕Зр╕Ьр╕┤р╕зр╕Чр╕▓р╣Бр╕ер╣Йр╕зр╕Ьр╕┤р╕зр╕Ир╕░р╕Вр╕▓р╕зр╕Вр╕╢р╣Йр╕Щр╕Ыр╕Бр╕Ыр╕┤р╕Фр╕гр╕нр╕вр╕Фр╕│р╕Щр╕┤р╕Фр╕лр╕Щр╣Ир╕нр╕в р╕гр╕░р╕Фр╕▒р╕Ъ р╕Щр╣Ир╕▓р╕Ир╕░р╣Др╕Фр╣Й р╕Фр╕▒р╕Ър╕лр╕Щр╕╢р╣Ир╕З
153,Kao Beauty & Personal Care,р╕лр╕Щр╣Ир╕нр╕в,5,2024-09-01,р╣Ар╕лр╕бр╕▓р╕░р╕кр╕│р╕лр╕гр╕▒р╕Ър╕Бр╕▓р╕гр╣Гр╕Кр╣Йр╕Зр╕▓р╕Щр╕Чр╕╕р╕Бр╕зр╕▒р╕Щ р╕Чр╕┤р╣Йр╕Зр╕Ьр╕┤р╕зр╕кр╕▒р╕бр╕Ьр╕▒р╕кр╣Ар╕гр╕╡р╕вр╕Ър╣Бр╕ер╕░р╕Фр╣Йр╕▓р╕Щ р╣Ар╕лр╕бр╕▓р╕░р╕кр╕│р╕лр╕гр╕▒р╕Ър╕Бр╕┤р╕Ир╕Бр╕гр╕гр╕бр╕Бр╕ер╕▓р╕Зр╣Бр╕Ир╣Йр╕З р╣Ар╕лр╕бр╕▓р╕░р╕кр╕│р╕лр╕гр╕▒р╕Ър╕Ьр╕┤р╕зр╣Бр╕Юр╣Йр╕Зр╣Ир╕▓р╕в
154,Kao Beauty & Personal Care,р╕кр╕▓р╕вр╕Ир╕┤р╕Хр╕гтАЛ р╕Х.,5,2024-05-07,р╣Ар╕Щр╕╖р╣Йр╕нр╕Бр╕▒р╕Щр╣Бр╕Ър╕Ър╕Ър╕▓р╕Зр╣Ар╕Ър╕▓р╕Лр╕╢р╕бр╕Лр╕▒р╕Ъ р╕Фр╕╡р╕Ир╕▒р╕Фр╕кр╣Ир╕Зр╕гр╕зр╕Фр╣Ар╕гр╣Зр╕з р╕Вр╕нр╕Зр╣Бр╕Чр╣Йр╣Бр╕Щр╣Ир╕Щр╕нр╕Щр╕Ир╕▓р╕Бр╕гр╣Йр╕▓р╕Щр╕Др╣Йр╕▓ р╕Бр╕ер╕┤р╣Ир╕Щр╕лр╕нр╕бр╕Щр╕бр╕нр╣Ир╕нр╕Щ р╕кр╕│р╕лр╕гр╕▒р╕Ър╕кр╕╡р╕Яр╣Йр╕▓р╕Ир╕░р╣Ар╕вр╣Зр╕Щ р╣Ар╕зр╕ер╕▓р╕Чр╕▓
155,Kao Beauty & Personal Care,р╕Ъ***.,5,2024-04-27,р╣Ар╕Щр╕╖р╣Йр╕нр╕кр╕▒р╕бр╕Ьр╕▒р╕к р╕Фр╕╡ р╕Фр╕╡ р╕Фр╕╡ р╕Фр╕╡р╣Гр╕Кр╣Йр╕бр╕▓р╕лр╕ер╕▓р╕вр╕лр╕ер╕нр╕Фр╣Бр╕ер╣Йр╕з р╕Др╕╕р╕бр╕бр╕▒р╕Щ р╣Др╕бр╣И р╕Др╕гр╕▓р╕Ъ р╕Лр╕╢р╕бр╣Др╕зр╣Гр╕Кр╣Йр╕Фр╕╡р╕Др╣Ир╕░ р╕кр╕▒р╣Ир╕Зр╕Лр╣Йр╕│р╣Бр╕Щр╣Ир╕Щр╕нр╕Щр╕гр╣Йр╕▓р╕Щр╕кр╣Ир╕Зр╕Вр╕нр╕Зр╣Др╕зр╕бр╕▓р╕Б
156,Kao Beauty & Personal Care,A***a,5,2024-05-16,р╕Др╕╕р╕Ур╕ар╕▓р╕Ю р╕Фр╕╡р╕Др╣Ир╕░ р╕Кр╕нр╕Ър╕Ър╕Ър╕Ър╕Ър╕Ър╕Ър╕Ър╕Ър╕Ър╕Ър╕Ър╕Ър╕Ър╕Ър╕Ър╕Ър╕Ър╕Ър╕Ър╕Ър╕Ър╕Ъ р╣Ар╕Щр╕╖р╣Йр╕нр╕кр╕▒р╕бр╕Ьр╕▒р╕к р╣Ар╕Ыр╣Зр╕Щр╕Щр╣Йр╕│р╕Щр╕бр╕Чр╕╡р╣Ир╕Чр╕▓р╕Зр╣Ир╕▓р╕вр╕бр╕▓р╕Бр╕Бр╕Бр╕Бр╕Бр╕Бр╕Бр╕Бр╕Бр╕Бр╕Бр╕Бр╕Бр╕Бр╕Бр╕Бр╕Б р╕Ыр╕гр╕░р╕кр╕┤р╕Чр╕Шр╕┤р╕ар╕▓р╕Ю р╕Фр╕╡
157,Kao Beauty & Personal Care,Ning M.,5,2024-03-30,р╕Лр╕╢р╕бр╣Ар╕Вр╣Йр╕▓р╕кр╕╣р╣Ир╕Ьр╕┤р╕зр╣Др╕Фр╣Йр╕нр╕вр╣Ир╕▓р╕Зр╕гр╕зр╕Фр╣Ар╕гр╣Зр╕з р╕Ыр╣Йр╕нр╕Зр╕Бр╕▒р╕Щр╣Бр╕кр╕Зр╣Бр╕Фр╕Фр╕кр╕╣р╕З р╣Др╕бр╣Ир╣Ар╕лр╣Зр╕Щр╕гр╕нр╕вр╕Вр╕▓р╕з р╕Чр╕│р╣Гр╕лр╣Йр╣Ар╕лр╕бр╕╖р╕нр╕Щр╕бр╕╡р╣Бр╕кр╕Зр╕кр╕зр╣Ир╕▓р╕Зр╣Бр╕ер╕░р╕кр╕Фр╣Гр╕к р╕Чр╕│р╣Гр╕лр╣Йр╣Ар╕лр╕бр╕╖р╕нр╕Щр╕бр╕╡р╣Бр╕кр╕Зр╕кр╕зр╣Ир╕▓р╕Зр╣Бр╕ер╕░р╕кр╕Фр╣Гр╕к р╕Кр╣Ир╕зр╕вр╣Гр╕лр╣Йр╕Ьр╕┤р╕зр╕Кр╕╕р╣Ир╕бр╕Кр╕╖р╣Йр╕Щ
158,Kao Beauty & Personal Care,р╕Рр╕┤р╕Хр╕▓р╕ар╕▓ р╣Б.,5,2024-08-01,р╣Ар╕лр╕бр╕▓р╕░р╕кр╕│р╕лр╕гр╕▒р╕Ър╕Ьр╕┤р╕зр╣Бр╕Юр╣Йр╕Зр╣Ир╕▓р╕в р╣Ар╕лр╕бр╕▓р╕░р╕кр╕│р╕лр╕гр╕▒р╕Ър╣Гр╕Кр╣Йр╕Чр╕╕р╕Бр╕зр╕▒р╕Щ р╕Ыр╣Йр╕нр╕Зр╕Бр╕▒р╕Щр╣Бр╕кр╕Зр╣Бр╕Фр╕Фр╕Чр╕Щр╕Чр╕▓р╕Щ р╕Чр╕│р╣Гр╕лр╣Йр╕Ьр╕┤р╕зр╣Ар╕Щр╕╡р╕вр╕Щр╣Бр╕ер╕░р╣Др╕бр╣Ир╕бр╕╡р╕Др╕зр╕▓р╕бр╣Ар╕Зр╕▓
159,Kao Beauty & Personal Care,N***y,5,2024-06-06,р╕Фр╕╡р╕бр╕▓р╕Бр╕гр╕╕р╣Ир╕Щр╕Щр╕╡р╣Й р╕Хр╕нр╕Щр╣Бр╕гр╕Б р╕Др╕▓р╕Фр╕лр╕зр╕▒р╕З р╣Др╕Цр╣Др╕Ыр╣Ар╕Ир╕нр╕гр╕╡р╕зр╕┤р╕зр╕бр╕▓ р╕Бр╣Зр╣Ар╕ер╕вр╕кр╕▒р╣Ир╕Зр╕бр╕▓р╕ер╕нр╕З р╕кр╕гр╕╕р╕Ыр╕Кр╕нр╕Ър╕бр╕▓р╕Б р╣Ар╕ер╕┤р╕Бр╣Гр╕Кр╣Йр╕Вр╕нр╕Зр╣Бр╕Юр╕Зр╣Бр╕ер╣Йр╕зр╕Др╣Ир╕░
160,Kao Beauty & Personal Care,N***e,5,2024-06-08,р╕Ыр╣Йр╕нр╕Зр╕Бр╕▒р╕Щр╣Бр╕кр╕Зр╣Бр╕Фр╕Фр╕Чр╕Щр╕Чр╕▓р╕Щ р╕Чр╕│р╣Гр╕лр╣Йр╕Ьр╕┤р╕зр╣Ар╕Щр╕╡р╕вр╕Щр╣Бр╕ер╕░р╣Др╕бр╣Ир╕бр╕╡р╕Др╕зр╕▓р╕бр╣Ар╕Зр╕▓ р╕Ьр╕кр╕бр╕Бр╕▒р╕Ър╣Ар╕бр╕Др╕нр╕▒р╕Юр╣Др╕Фр╣Йр╕Фр╕╡ р╣Др╕бр╣Ир╕Чр╕│р╣Гр╕лр╣Йр╕гр╕╣р╕Вр╕╕р╕бр╕Вр╕Щр╕нр╕╕р╕Фр╕Хр╕▒р╕Щ
161,Kao Beauty & Personal Care,р╕Щ.р╕к. р╕к.,5,2024-07-10,р╣Ар╕лр╕бр╕▓р╕░р╕кр╕│р╕лр╕гр╕▒р╕Ър╕Бр╕┤р╕Ир╕Бр╕гр╕гр╕бр╕Бр╕ер╕▓р╕Зр╣Бр╕Ир╣Йр╕З р╕Чр╕│р╣Гр╕лр╣Йр╕Ьр╕┤р╕зр╣Ар╕Щр╕╡р╕вр╕Щр╣Бр╕ер╕░р╣Др╕бр╣Ир╕бр╕╡р╕Др╕зр╕▓р╕бр╣Ар╕Зр╕▓ р╕Чр╕│р╣Гр╕лр╣Йр╣Ар╕лр╕бр╕╖р╕нр╕Щр╕бр╕╡р╣Бр╕кр╕Зр╕кр╕зр╣Ир╕▓р╕Зр╣Бр╕ер╕░р╕кр╕Фр╣Гр╕к
162,Kao Beauty & Personal Care,р╕Ю***.,5,2024-04-08,р╣Ар╕лр╕бр╕▓р╕░р╕кр╕│р╕лр╕гр╕▒р╕Ър╕Бр╕┤р╕Ир╕Бр╕гр╕гр╕бр╕Бр╕ер╕▓р╕Зр╣Бр╕Ир╣Йр╕З р╣Др╕бр╣Ир╣Ар╕лр╣Зр╕Щр╕гр╕нр╕вр╕Вр╕▓р╕з р╕гр╕╣р╣Йр╕кр╕╢р╕Бр╕кр╕Ър╕▓р╕вр╕Хр╣Ир╕нр╕Ьр╕┤р╕з р╣Ар╕Ър╕▓р╕кр╕Ър╕▓р╕вр╣Бр╕ер╕░р╣Др╕бр╣Ир╕бр╕▒р╕Щ р╣Ар╕лр╕бр╕▓р╕░р╕кр╕│р╕лр╕гр╕▒р╕Ър╣Гр╕Кр╣Йр╕Чр╕╕р╕Бр╕зр╕▒р╕Щ р╕Лр╕╢р╕бр╣Ар╕Вр╣Йр╕▓р╕кр╕╣р╣Ир╕Ьр╕┤р╕зр╣Др╕Фр╣Йр╕нр╕вр╣Ир╕▓р╕Зр╕гр╕зр╕Фр╣Ар╕гр╣Зр╕з
163,Kao Beauty & Personal Care,р╕а***.,5,2023-03-07,р╕кр╕┤р╕Щр╕Др╣Йр╕▓р╕бр╕╡р╕Др╕╕р╕Ур╕ар╕▓р╕Юр╕бр╕▓р╕Бр╕Бр╕Бр╕Бр╕Бр╕Бр╕Бр╕Бр╕Бр╕Бр╕Бр╕Б р╕Бр╕▓р╕гр╣Бр╕Юр╣Зр╕Др╕Вр╕нр╕Зр╕бр╕▓р╕нр╕вр╣Ир╕▓р╕Зр╕Фр╕╡р╕бр╕▓р╕Б р╕бр╕╡р╕Др╕зр╕▓р╕бр╣Бр╕Щр╣Ир╕Щр╕лр╕Щр╕▓ р╕кр╕┤р╕Щр╕Др╣Йр╕▓р╣Др╕бр╣Ир╕бр╕╡р╕Др╕зр╕▓р╕бр╣Ар╕кр╕╡р╕вр╕лр╕▓р╕в р╕Бр╕▓р╕гр╕Ир╕▒р╕Фр╕кр╣Ир╕Зр╕кр╕┤р╕Щр╕Др╣Йр╕▓ р╕Хр╣Йр╕нр╕Зр╕гр╕нр╕кр╕┤р╕Щр╕Др╣Йр╕▓р╕гр╕нр╕кр╕┤р╕Щр╕Др╣Йр╕▓р╣Др╕бр╣Ир╣Ар╕Бр╕┤р╕Щ 24 р╕зр╕▒р╕Щ р╕Бр╣Зр╣Др╕Фр╣Йр╕гр╕▒р╕Ър╕кр╕┤р╕Щр╕Др╣Йр╕▓р╣Бр╕ер╣Йр╕зр╕зр╕зр╕з р╕Бр╕▓р╕гр╣Гр╕лр╣Йр╕Ър╕гр╕┤р╕Бр╕▓р╕гр╕Вр╕нр╕Зр╕Чр╕▓р╕Зр╕гр╣Йр╕▓р╕Щр╕Фр╕╡р╕бр╕▓р╕Б
164,Kao Beauty & Personal Care,р╕И***.,5,2022-04-17,р╕Др╕╕р╕Ур╕кр╕бр╕Ър╕▒р╕Хр╕┤р╕Щр╣Ир╕▓р╣Гр╕Кр╣Йр╕Фр╕╡р╕Др╣Ир╕░ р╕гр╕▓р╕Др╕▓р╣Др╕бр╣Ир╣Бр╕Юр╕З р╕Лр╕╖р╣Йр╕нр╕бр╕▓р╕ер╕нр╕Зр╣Гр╕Кр╣Йр╕Бр╣Ир╕нр╕Щ р╕Цр╣Йр╕▓р╕Кр╕нр╕Ър╕Ир╕░р╕бр╕▓р╕Лр╕╖р╣Йр╕нр╕нр╕╡р╕Бр╕Щр╕░р╕Др╕░
165,Kao Beauty & Personal Care,^-^р╣Ар╕ер╣Зр╕Б^-^ #.,5,2024-03-22,р╣Др╕Фр╣Йр╕гр╕▒р╕Ър╕Вр╕нр╕Зр╣Бр╕ер╣Йр╕з р╣Др╕Фр╣Йр╕Др╕гр╕Ъ р╕Цр╕╣р╕Бр╕Хр╣Йр╕нр╕З р╕Хр╕гр╕Зр╕Ыр╕Б р╕кр╕┤р╕Щр╕Др╣Йр╕▓р╣Гр╕Кр╣Йр╕Фр╕╡ р╕гр╕▓р╕Др╕▓р╕Цр╕╣р╕Бр╕Бр╕зр╣Ир╕▓р╣Гр╕Щр╕лр╣Йр╕▓р╕Зр╣Ар╕вр╕нр╕░ р╕Чр╕▓р╕Зр╕гр╣Йр╕▓р╕Щр╣Бр╕Юр╕Др╕Вр╕нр╕Зр╕бр╕▓р╕Фр╕╡ р╕Юр╕Щр╕▒р╕Бр╕Зр╕▓р╕Щр╕кр╣Ир╕Зр╕Вр╕нр╕Зр╣Вр╕Чр╕гр╣Бр╕Ир╣Йр╕Зр╕Бр╣Ир╕нр╕Щр╣Ар╕Вр╣Йр╕▓р╕бр╕▓р╕кр╣Ир╕З
166,Kao Beauty & Personal Care,р╕нр╕ар╕┤р╕гр╕Фр╕╡ р╕Щ.,5,2024-03-22,р╕Ыр╣Йр╕нр╕Зр╕Бр╕▒р╕Щр╣Бр╕кр╕Зр╣Бр╕Фр╕Фр╕Чр╕Щр╕Чр╕▓р╕Щ р╕Чр╕│р╣Гр╕лр╣Йр╣Ар╕лр╕бр╕╖р╕нр╕Щр╕бр╕╡р╣Бр╕кр╕Зр╕кр╕зр╣Ир╕▓р╕Зр╣Бр╕ер╕░р╕кр╕Фр╣Гр╕к р╣Ар╕лр╕бр╕▓р╕░р╕кр╕│р╕лр╕гр╕▒р╕Ър╕Бр╕┤р╕Ир╕Бр╕гр╕гр╕бр╕Бр╕ер╕▓р╕Зр╣Бр╕Ир╣Йр╕З р╕гр╕╣р╣Йр╕кр╕╢р╕Бр╕кр╕Ър╕▓р╕вр╕Хр╣Ир╕нр╕Ьр╕┤р╕з р╕Ьр╕кр╕бр╕Бр╕▒р╕Ър╣Ар╕бр╕Др╕нр╕▒р╕Юр╣Др╕Фр╣Йр╕Фр╕╡ р╣Др╕бр╣Ир╕гр╕╣р╣Йр╕кр╕╢р╕Бр╕лр╕Щр╕▒р╕Бр╕Хр╣Ир╕нр╕Ьр╕┤р╕з р╕Чр╕│р╣Гр╕лр╣Йр╕Ьр╕┤р╕зр╣Ар╕Щр╕╡р╕вр╕Щр╣Бр╕ер╕░р╣Др╕бр╣Ир╕бр╕╡р╕Др╕зр╕▓р╕бр╣Ар╕Зр╕▓ р╣Др╕бр╣Ир╕Чр╕│р╣Гр╕лр╣Йр╕гр╕╣р╕Вр╕╕р╕бр╕Вр╕Щр╕нр╕╕р╕Фр╕Хр╕▒р╕Щ р╕Чр╕│р╣Гр╕лр╣Йр╕Ьр╕┤р╕зр╣Ар╕Щр╕╡р╕вр╕Щр╣Бр╕ер╕░р╣Др╕бр╣Ир╕бр╕╡р╕Др╕зр╕▓р╕бр╣Ар╕Зр╕▓
167,Kao Beauty & Personal Care,р╕к***.,5,2024-03-26,р╣Ар╕Бр╕ер╕╡р╣Ир╕вр╕Зр╣Ир╕▓р╕в р╕Ьр╕┤р╕зр╣Бр╕Юр╣Йр╕Зр╣Ир╕▓р╕вр╣Гр╕Кр╣Йр╣Др╕Фр╣Й р╣Др╕бр╣Ир╣Ар╕Ыр╣Зр╕Щр╕Др╕гр╕▓р╕Ъ р╕Цр╕╣р╕Бр╣Гр╕Ир╕бр╕▓р╕Б р╕кр╣Ир╕Зр╕Вр╕нр╕Зр╣Др╕з р╣Бр╕Юр╕Др╕кр╕┤р╕Щр╕Др╣Йр╕▓р╕Фр╕╡
168,Kao Beauty & Personal Care,P***a,5,2024-03-24,р╕Фр╕╡ р╕Цр╕╣р╕Бр╣Ж р╕Кр╕нр╕Ър╕бр╕▓р╕Бр╕Бр╕Бр╕Бр╕Бр╕Бр╕Бр╕Бр╕Бр╕Бр╕Бр╕Бр╕Бр╕Бр╕Бр╕Бр╣Гр╕Кр╣Йр╕Фр╕╡р╕бр╕▓р╕Бр╕Др╣Ир╕░
169,Kao Beauty & Personal Care,S***M,5,2024-03-25,р╕Бр╕▒р╕Щр╣Бр╕Фр╕Ф р╕Ир╕▓р╕Бр╣Бр╕Ър╕гр╕Щр╕Фр╣Мр╕Ър╕┤р╣Вр╕нр╣Ар╕г р╕кр╕╣р╕Хр╕гр╕Щр╕╡р╣Йр╕Чр╕▓р╣Бр╕ер╣Йр╕зр╕лр╕Щр╣Йр╕▓р╕Ьр╣Ир╕нр╕Зр╕Вр╕╢р╣Йр╕Щр╕бр╕▓р╕лр╕Щр╣Ир╕нр╕в р╕Лр╕╖р╣Йр╕нр╕Хр╕нр╕Щр╣Бр╕Яр╕ер╕К р╕гр╕▓р╕Др╕▓р╣Др╕бр╣Ир╣Бр╕Юр╕Зр╕Др╣Ир╕░
170,Kao Beauty & Personal Care,р╕з***.,5,2023-07-24,р╣Др╕Фр╣Йр╕гр╕▒р╕Ър╕кр╕┤р╕Щр╕Др╣Йр╕▓р╕Цр╕╣р╕Бр╕Хр╣Йр╕нр╕Зр╕Хр╕▓р╕бр╕Чр╕╡р╣Ир╕кр╕▒р╣Ир╕Зр╕Лр╕╖р╣Йр╕нр╕гр╣Йр╕▓р╕Щр╕Др╣Йр╕▓р╕Ир╕▒р╕Фр╕кр╣Ир╕Зр╕кр╕┤р╕Щр╕Др╣Йр╕▓р╣Др╕зр╕Вр╕Щр╕кр╣Ир╕Зр╕Ир╕▒р╕Фр╕кр╣Ир╕Зр╕кр╕┤р╕Щр╕Др╣Йр╕▓р╕гр╕зр╕Фр╣Ар╕гр╣Зр╕зр╣Вр╕Чр╕гр╣Бр╕Ир╣Йр╕Зр╕Бр╣Ир╕нр╕Щр╕кр╣Ир╕Зр╕кр╕┤р╕Щр╕Др╣Йр╕▓
171,Kao Beauty & Personal Care,р╕к***.,5,2023-07-15,р╕Ир╕▒р╕Фр╕кр╣Ир╕Зр╣Др╕з р╕кр╕┤р╕Щр╕Др╣Йр╕▓р╣Бр╕Юр╕Др╕бр╕▓р╣Ар╕гр╕╡р╕вр╕Ър╕гр╣Йр╕нр╕вр╕Фр╕╡ р╕кр╕┤р╕Щр╕Др╣Йр╕▓р╣Др╕бр╣Ир╕бр╕╡р╣Ар╕кр╕╡р╕вр╕лр╕▓р╕в р╕бр╕╡ р╕Бр╕▒р╕Щр╕Бр╕гр╕░р╣Бр╕Чр╕Бр╕лр╕ер╕▓р╕вр╕Кр╕▒р╣Йр╕Щ р╕Вр╕нр╕Зр╣Ар╕Юр╕┤р╣Ир╕Зр╕Ьр╕ер╕┤р╕Хр╕Ыр╕╡р╕Щр╕╡р╣Й
172,Kao Beauty & Personal Care,I***a,5,2024-06-07,р╕вр╕▒р╕Зр╣Др╕бр╣Ир╣Др╕Фр╣Йр╣Гр╕Кр╣Й р╣Бр╕Хр╣Ир╕Хр╕▓р╕бр╕бр╕▓р╕Ир╕▓р╕Бр╕гр╕╡р╕зр╕┤р╕зр╕Юр╕╡р╣Ир╕нр╕┤р╕Щ р╕Чр╣Ир╕▓р╕Щр╕лр╕Щр╕╢р╣Ир╕З
173,Kao Beauty & Personal Care,J***8,5,2024-02-12,р╕кр╕┤р╕Щр╕Др╣Йр╕▓р╕Чр╕╡р╣Ир╣Др╕Фр╣Йр╕гр╕▒р╕Ър╕Др╕╕р╕Ур╕ар╕▓р╕Юр╕Фр╕╡р╣Ар╕лр╕бр╕▓р╕░р╕кр╕бр╕Бр╕▒р╕Ър╕гр╕▓р╕Др╕▓ р╕Чр╕▓р╕Зр╕гр╣Йр╕▓р╕Щр╣Бр╕Юр╣Зр╕Др╕кр╕┤р╕Щр╕Др╣Йр╕▓р╕Фр╕╡р╕Др╕гр╕Ър╕Хр╕▓р╕бр╕Др╕│р╕кр╕▒р╣Ир╕Зр╕Лр╕╖р╣Йр╕н р╕Ир╕▒р╕Фр╕кр╣Ир╕Зр╕гр╕зр╕Фр╣Ар╕гр╣Зр╕з
174,Kao Beauty & Personal Care,р╕и***.,5,2023-04-13,р╣Др╕Фр╣Йр╕гр╕▒р╕Ър╕кр╕┤р╕Щр╕Др╣Йр╕▓р╕Цр╕╣р╕Бр╕Хр╣Йр╕нр╕Зр╕Др╕гр╕Ър╕Цр╣Йр╕зр╕Щр╕Хр╕▓р╕бр╕Чр╕╡р╣Ир╕кр╕▒р╣Ир╕З р╣Бр╕Юр╣Зр╕Др╕кр╕┤р╕Щр╕Др╣Йр╕▓р╕бр╕▓р╕Фр╕╡р╣Др╕бр╣Ир╕бр╕╡р╣Ар╕кр╕╡р╕вр╕лр╕▓р╕в р╕Вр╕нр╕Зр╣Ар╕Др╣Йр╕▓р╣Гр╕Кр╣Йр╕Фр╕╡р╕Чр╕╕р╕Бр╕Хр╕▒р╕зр╣Ар╕ер╕в р╕бр╕╡р╕Вр╕нр╕Зр╣Бр╕Цр╕бр╣Гр╕лр╣Йр╕Фр╣Йр╕зр╕вр╕Др╣Ир╕░
175,Kao Beauty & Personal Care,Nirada,5,2024-03-17,р╕вр╕▒р╕Зр╣Др╕бр╣Ир╣Ар╕Др╕вр╣Гр╕Кр╣Й р╕кр╕▒р╣Ир╕Зр╕бр╕▓р╕Чр╕Фр╕ер╕нр╕Зр╕Бр╣Ир╕нр╕Щр╕Др╣Ир╕░ р╣Бр╕Юр╣Зр╕Др╕Ф р╕Ир╕▒р╕Фр╕кр╣Ир╕зр╣Др╕з
176,Kao Beauty & Personal Care,9***2,5,2023-12-18,р╕Ыр╕гр╕░р╕кр╕┤р╕Чр╕Шр╕┤р╕ар╕▓р╕Ю р╣Др╕Фр╣Йр╕гр╕▒р╕Ър╕кр╕┤р╕Щр╕Др╣Йр╕▓р╣Др╕з р╣Бр╕Юр╣Зр╕Др╕кр╕┤р╕Щр╕Др╣Йр╕▓р╕Фр╕╡р╕бр╕▓р╕Б р╕Др╕гр╕▒р╣Йр╕Зр╕Щр╕╡р╣Йр╕кр╕▒р╣Ир╕Зр╕кр╕┤р╕Щр╕Др╣Йр╕▓р╣Ар╕Ыр╣Зр╕Щр╕гр╕нр╕Ър╕Чр╕╡р╣И3р╣Бр╕ер╣Йр╕зр╕Др╣Ир╕░ р╣Гр╕Кр╣Йр╕Лр╣Йр╕│р╕Лр╕╖р╣Йр╕нр╕Лр╣Йр╕│р╕Хр╕ер╕нр╕Фр╕Др╣Ир╕░ р╣Ар╕Юр╕гр╕▓р╕░р╕кр╕┤р╕Щр╕Др╣Йр╕▓р╕бр╕╡р╕Др╕╕р╕Ур╕ар╕▓р╕Ю р╕Вр╕нр╕Зр╣Бр╕Чр╣Йр╣Бр╕Щр╣Ир╕Щр╕нр╕Щ
177,Kao Beauty & Personal Care,0***2,5,2021-08-30,р╕ер╕нр╕Зр╣Гр╕Кр╣Йр╣Бр╕ер╣Йр╕з р╣Ар╕Щр╕╖р╣Йр╕нр╕Др╕гр╕╡р╕бр╣Ар╕Ыр╣Зр╕Щр╕Щр╣Йр╕│р╕Щр╕б р╣Ар╕Бр╕ер╕╡р╣Ир╕вр╕Зр╣Ир╕▓р╕в р╣Бр╕лр╣Йр╕З р╕лр╕Щр╣Йр╕▓р╣Др╕бр╣Ир╕бр╕▒р╕Щр╕гр╕░р╕лр╕зр╣Ир╕▓р╕Зр╕зр╕▒р╕Щ р╣Вр╕Фр╕вр╕гр╕зр╕бр╕Кр╕нр╕Ър╕бр╕▓р╕Бр╕Др╣Ир╕░ р╕Бр╕▓р╕гр╕Ир╕▒р╕Фр╕кр╣Ир╕Зр╣Гр╕Кр╣Йр╣Ар╕зр╕ер╕▓р╕лр╕ер╕▓р╕вр╕зр╕▒р╕Щ р╣Бр╕Хр╣Ир╕Бр╣Зр╣Вр╕нр╣Ар╕Др╕г
178,Kao Beauty & Personal Care,0***4,5,2024-05-05,р╕Бр╕▒р╕Щр╣Бр╕Фр╕Фр╕Хр╕▒р╕зр╕Щр╕╡р╣Йр╕Фр╕╡р╕Др╣Ир╕░р╕Др╕╕р╕бр╕бр╕▒р╕Щр╕гр╕░р╕лр╕зр╣Ир╕▓р╕Зр╕зр╕▒р╕Щр╣Др╕бр╣Ир╣Ар╕Ыр╣Зр╕Щр╕Вр╕╕р╕в р╣Ар╕Бр╕ер╕╡р╣Ир╕вр╕Зр╣Ир╕▓р╕в р╣Ар╕Щр╕╖р╣Йр╕нр╕Ър╕▓р╕Зр╣Ар╕Ър╕▓р╕Др╣Ир╕░
179,Kao Beauty & Personal Care,S***s,5,2023-10-02,р╣Гр╕Кр╣Йр╕Фр╕╡р╕бр╕▓р╕Бр╕Др╣Ир╕░ р╕Лр╕╖р╣Йр╕нр╣Гр╕Щр╕Щр╕╡р╣Йр╕гр╕▓р╕Др╕▓р╕Фр╕╡р╕бр╕▓р╕Б р╣Бр╕Юр╕Др╕кр╕┤р╕Щр╕Др╣Йр╕▓р╕Фр╕╡ р╕Вр╕Щр╕кр╣Ир╕Зр╣Ар╕гр╣Зр╕з р╣Гр╕Кр╣Йр╕Фр╕╡р╕бр╕▓р╕Бр╕Др╣Ир╕░ р╕Лр╕╖р╣Йр╕нр╣Гр╕Щр╕Щр╕╡р╣Йр╕гр╕▓р╕Др╕▓р╕Фр╕╡р╕бр╕▓р╕Б р╣Бр╕Юр╕Др╕кр╕┤р╕Щр╕Др╣Йр╕▓р╕Фр╕╡ р╕Вр╕Щр╕кр╣Ир╕Зр╣Ар╕гр╣Зр╕з
180,Kao Beauty & Personal Care,ЁЯТЦNUJOYЁЯТЦ,5,2024-08-04,р╕Чр╕│р╣Гр╕лр╣Йр╕Ьр╕┤р╕зр╣Ар╕Щр╕╡р╕вр╕Щр╣Бр╕ер╕░р╣Др╕бр╣Ир╕бр╕╡р╕Др╕зр╕▓р╕бр╣Ар╕Зр╕▓ р╣Ар╕лр╕бр╕▓р╕░р╕кр╕│р╕лр╕гр╕▒р╕Ър╣Гр╕Кр╣Йр╕Чр╕╕р╕Бр╕зр╕▒р╕Щ р╕Ыр╣Йр╕нр╕Зр╕Бр╕▒р╕Щр╣Бр╕кр╕Зр╣Бр╕Фр╕Фр╕Чр╕Щр╕Чр╕▓р╕Щ р╣Ар╕Ър╕▓р╕кр╕Ър╕▓р╕вр╣Бр╕ер╕░р╣Др╕бр╣Ир╕бр╕▒р╕Щ
181,Kao Beauty & Personal Care,m***t,5,2024-02-28,р╕Бр╕▓р╕гр╕Ир╕▒р╕Фр╕кр╣Ир╕Зр╕кр╕┤р╕Щр╕Др╣Йр╕▓р╣Бр╕ер╕░р╕Бр╕▓р╕гр╕Вр╕Щр╕кр╣Ир╕Зр╕кр╕┤р╕Щр╕Др╣Йр╕▓р╕гр╕зр╕Фр╣Ар╕гр╣Зр╕з р╕кр╕┤р╕Щр╕Др╣Йр╕▓р╕Ър╕гр╕гр╕Ир╕╕р╕Бр╕ер╣Ир╕нр╕Зр╕бр╕▓р╕нр╕вр╣Ир╕▓р╕Зр╕Фр╕╡ р╕бр╕╡р╕Бр╕▒р╕Щр╕Бр╕гр╕░р╣Бр╕Чр╕Б р╕кр╕┤р╕Щр╕Др╣Йр╕▓р╣Др╕бр╣Ир╣Др╕Фр╣Йр╕гр╕▒р╕Ър╕Др╕зр╕▓р╕бр╣Ар╕кр╕╡р╕вр╕лр╕▓р╕в
182,Kao Beauty & Personal Care,N***e,5,2024-02-29,р╕Ыр╕Бр╕Хр╕┤р╕Ир╕░р╕Лр╕╖р╣Йр╕нр╕Ьр╕ер╕┤р╕Хр╕ар╕▒р╕Ур╕Ср╣Мр╕Щр╕╡р╣Йр╕Чр╕╡р╣Ир╕Нр╕╡р╣Ир╕Ыр╕╕р╣Ир╕Щр╣Ар╕Юр╕гр╕▓р╕░р╕Ьр╕ер╕┤р╕Хр╕Ир╕▓р╕Бр╕Чр╕╡р╣Ир╕Щр╕▒р╣Ир╕Щ р╣Бр╕Хр╣Ир╕лр╕▓р╕Лр╕╖р╣Йр╕нр╕Чр╕╡р╣Ир╣Ар╕бр╕╖р╕нр╕Зр╣Др╕Чр╕вр╣Др╕бр╣Ир╣Др╕Фр╣Йр╣Ар╕ер╕в р╣Ар╕ер╕вр╕ер╕нр╕Зр╕бр╕▓ 1 р╕Вр╕зр╕Фр╣Ар╕Ыр╣Зр╕Щ р╕Ьр╕ер╕┤р╕Хр╕Чр╕╡р╣Ир╣Ар╕зр╕╡р╕вр╕Фр╕Щр╕▓р╕бр╕Др╣Ир╕░ р╣Др╕бр╣Ир╕гр╕╣р╣Йр╕Ир╕░р╕Фр╕╡р╣Ар╕лр╕бр╕╖р╕нр╕Щр╕Чр╕╡р╣Ир╕Юр╕╖р╣Йр╕Щр╕Чр╕╡р╣Ир╕Нр╕╡р╣Ир╕Ыр╕╕р╣Ир╕Щр╣Др╕лр╕б
183,Kao Beauty & Personal Care,р╕и***.,5,2024-08-11,р╕Бр╕▓р╕гр╕Ыр╣Йр╕нр╕Зр╕Бр╕▒р╕Щр╣Бр╕кр╕Зр╣Бр╕Фр╕Фр╕Чр╕╡р╣Ир╕вр╕▓р╕зр╕Щр╕▓р╕Щ р╕гр╕╣р╣Йр╕кр╕╢р╕Бр╕кр╕Ър╕▓р╕вр╕Ър╕Щр╕Ьр╕┤р╕з р╣Др╕бр╣Ир╕Чр╕┤р╣Йр╕Зр╕Др╕гр╕▓р╕Ър╕Вр╕▓р╕з р╕Щр╣Йр╕│р╕лр╕Щр╕▒р╕Бр╣Ар╕Ър╕▓р╣Бр╕ер╕░р╣Др╕бр╣Ир╕бр╕▒р╕Щр╣Ар╕вр╕┤р╣Йр╕б
184,Kao Beauty & Personal Care,р╕б***.,5,2024-02-07,р╣Гр╕Кр╣Йр╕Фр╕╡р╕бр╕▓р╕Бр╕Др╣Ир╕░ р╣Ар╕лр╕бр╕▓р╕░р╕кр╕│р╕лр╕гр╕▒р╕Ър╣Гр╕Кр╣Йр╕Чр╕╕р╕Бр╕зр╕▒р╕Щ р╕Лр╕╢р╕бр╣Ар╕Вр╣Йр╕▓р╕кр╕╣р╣Ир╕Ьр╕┤р╕зр╣Др╕Фр╣Йр╕нр╕вр╣Ир╕▓р╕Зр╕гр╕зр╕Фр╣Ар╕гр╣Зр╕з р╣Ар╕Ър╕▓р╕кр╕Ър╕▓р╕вр╣Бр╕ер╕░р╣Др╕бр╣Ир╕бр╕▒р╕Щ р╕гр╕╣р╣Йр╕кр╕╢р╕Бр╕кр╕Ър╕▓р╕вр╕Хр╣Ир╕нр╕Ьр╕┤р╕з
185,Kao Beauty & Personal Care,8***8,5,2023-02-17,р╕Др╕╕р╕Ур╕ар╕▓р╕Юр╕Фр╕╡ р╕Бр╕▒р╕Щр╣Бр╕Фр╕Фр╣Др╕Фр╣Йр╕Фр╕╡ р╣Др╕бр╣Ир╣Ар╕Ыр╣Зр╕Щр╕Др╕гр╕▓р╕Ъ р╣Ар╕Щр╕╖р╣Йр╕нр╕кр╕▒р╕бр╕Ьр╕▒р╕кр╣Ар╕Ыр╣Зр╕Щр╣Ар╕Щр╕╖р╣Йр╕нр╕Щр╣Йр╕│р╕Щр╕б р╕Ър╕▓р╕Зр╣Ар╕Ър╕▓ р╣Др╕бр╣Ир╕лр╕Щр╕▒р╕Бр╣Др╕бр╣Ир╕лр╕Щр╕▓ р╕Ыр╕гр╕░р╕кр╕┤р╕Чр╕Шр╕┤р╕ар╕▓р╕Юр╕Бр╕▒р╕Щр╣Бр╕Фр╕Фр╕Фр╕╡ р╕кр╕бр╕гр╕▓р╕Др╕▓ р╕лр╕Щр╣Йр╕▓р╕Вр╕▓р╕зр╣Гр╕к
186,Kao Beauty & Personal Care,я┐╜***я┐╜,5,2023-08-09,р╕кр╣Ир╕Зр╣Др╕зр╕бр╕▓р╕Бр╕Др╣Ир╕░ р╕Чр╕▒р╕Щр╣Гр╕Кр╣Й р╕кр╣Ир╕Зр╣Др╕зр╕бр╕▓р╕Бр╕Др╣Ир╕░ р╕Чр╕▒р╕Щр╣Гр╕Кр╣Й р╕кр╣Ир╕Зр╣Др╕зр╕бр╕▓р╕Бр╕Др╣Ир╕░ р╕Чр╕▒р╕Щр╣Гр╕Кр╣Й р╕кр╣Ир╕Зр╣Др╕зр╕бр╕▓р╕Бр╕Др╣Ир╕░ р╕Чр╕▒р╕Щр╣Гр╕Кр╣Й р╕кр╣Ир╕Зр╣Др╕зр╕бр╕▓р╕Бр╕Др╣Ир╕░ р╕Чр╕▒р╕Щр╣Гр╕Кр╣Й
187,Kao Beauty & Personal Care,р╕Щр╕▓р╕вр╕Ур╕▒р╕Рр╕Юр╕Зр╕Др╣МтАЛ р╕Щ.,5,2023-12-02,р╣Др╕бр╣Ир╣Ар╕лр╣Зр╕Щр╕гр╕нр╕вр╕Вр╕▓р╕з р╕гр╕╣р╣Йр╕кр╕╢р╕Бр╕кр╕Ър╕▓р╕вр╕Хр╣Ир╕нр╕Ьр╕┤р╕з р╕Ыр╣Йр╕нр╕Зр╕Бр╕▒р╕Щр╣Бр╕кр╕Зр╣Бр╕Фр╕Фр╕кр╕╣р╕З р╕Чр╕│р╣Гр╕лр╣Йр╕Ьр╕┤р╕зр╣Ар╕Щр╕╡р╕вр╕Щр╣Бр╕ер╕░р╣Др╕бр╣Ир╕бр╕╡р╕Др╕зр╕▓р╕бр╣Ар╕Зр╕▓ р╣Др╕бр╣Ир╕гр╕╣р╣Йр╕кр╕╢р╕Бр╕лр╕Щр╕▒р╕Бр╕Хр╣Ир╕нр╕Ьр╕┤р╕з
188,Kao Beauty & Personal Care,v***e,5,2023-11-04,р╕гр╣Йр╕▓р╕Щр╕Др╣Йр╕▓р╕кр╣Ир╕Зр╣Ар╕гр╣Зр╕з р╕Ър╕гр╕┤р╕Бр╕▓р╕гр╕Фр╕╡р╕бр╕▓р╕Б р╕кр╕┤р╕Щр╕Др╣Йр╕▓р╣Бр╕Юр╣Зр╕Др╕бр╕▓р╕нр╕вр╣Ир╕▓р╕Зр╕Фр╕╡ р╕кр╕┤р╕Щр╕Др╣Йр╕▓р╕Чр╕╡р╣Ир╣Др╕Фр╣Йр╕гр╕▒р╕Ър╣Ар╕лр╕бр╕╖р╕нр╕Щр╕Бр╕▒р╕Ър╕Чр╕╡р╣Ир╕кр╕▒р╣Ир╕З р╣Гр╕Кр╣Йр╕Зр╕▓р╕Щр╕Зр╣Ир╕▓р╕в р╕гр╕▓р╕Др╕▓р╕Цр╕╣р╕Бр╕Бр╕зр╣Ир╕▓р╕гр╣Йр╕▓р╕Щ
189,Kao Beauty & Personal Care,V***k,5,2023-05-18,р╣Ар╕Щр╕╖р╣Йр╕нр╕кр╕▒р╕бр╕Ьр╕▒р╕кр╕Фр╕╡ р╕Др╕╕р╕Ур╕ар╕▓р╕Юр╕Фр╕╡ р╕Ыр╕гр╕░р╕кр╕┤р╕Чр╕Шр╕┤р╕ар╕▓р╕Юр╕Фр╕╡ р╕кр╕┤р╕Щр╕Др╣Йр╕▓р╕бр╕╡р╕Др╕╕р╕Ур╕ар╕▓р╕Юр╕Фр╕╡р╕Лр╕╖р╣Йр╕нр╕бр╕▓р╕кр╕нр╕Зр╕нр╕▒р╕Щр╕Др╕Щр╕ер╕░р╕кр╕╡ р╣Др╕Фр╣Йр╕кр╣Ир╕зр╕Щр╕ер╕Фр╕Фр╣Йр╕зр╕вр╕кр╣Ир╕Зр╣Ар╕гр╣Зр╕зр╕Фр╕╡р╕бр╕▓р╕Б р╣Др╕зр╣Йр╕Ир╕░р╕кр╕▒р╣Ир╕Зр╕нр╕╡р╕Бр╕Ир╣Йр╕▓
190,Kao Beauty & Personal Care,0***5,5,2024-08-30,р╣Др╕бр╣Ир╕Чр╕┤р╣Йр╕Зр╕Др╕гр╕▓р╕Ър╕Вр╕▓р╕з р╣Гр╕лр╣Йр╕Др╕зр╕▓р╕бр╕Кр╕╕р╣Ир╕бр╕Кр╕╖р╣Йр╕Щр╣Бр╕Бр╣Ир╕Ьр╕┤р╕з р╣Др╕бр╣Ир╕Чр╕┤р╣Йр╕Зр╕Др╕гр╕▓р╕Ър╕Вр╕▓р╕з р╣Др╕бр╣Ир╕Чр╕┤р╣Йр╕Зр╕Др╕гр╕▓р╕Ър╕Вр╕▓р╕з р╣Гр╕лр╣Йр╕Др╕зр╕▓р╕бр╕Кр╕╕р╣Ир╕бр╕Кр╕╖р╣Йр╕Щр╣Бр╕Бр╣Ир╕Ьр╕┤р╕з р╣Гр╕лр╣Йр╕Др╕зр╕▓р╕бр╕Кр╕╕р╣Ир╕бр╕Кр╕╖р╣Йр╕Щр╣Бр╕Бр╣Ир╕Ьр╕┤р╕з р╣Ар╕лр╕бр╕▓р╕░р╕кр╕│р╕лр╕гр╕▒р╕Ър╕Бр╕▓р╕гр╣Гр╕Кр╣Йр╕Зр╕▓р╕Щр╕Чр╕╕р╕Бр╕зр╕▒р╕Щ
191,Kao Beauty & Personal Care,р╕И***р╣М,5,2024-07-19,р╣Др╕бр╣Ир╕гр╕╣р╣Йр╕кр╕╢р╕Бр╕лр╕Щр╕▒р╕Бр╕Хр╣Ир╕нр╕Ьр╕┤р╕з р╣Ар╕лр╕бр╕▓р╕░р╕кр╕│р╕лр╕гр╕▒р╕Ър╣Гр╕Кр╣Йр╕Чр╕╕р╕Бр╕зр╕▒р╕Щ р╣Ар╕Ър╕▓р╕кр╕Ър╕▓р╕вр╣Бр╕ер╕░р╣Др╕бр╣Ир╕бр╕▒р╕Щ р╣Др╕бр╣Ир╕Чр╕│р╣Гр╕лр╣Йр╕гр╕╣р╕Вр╕╕р╕бр╕Вр╕Щр╕нр╕╕р╕Фр╕Хр╕▒р╕Щ р╕Чр╕│р╣Гр╕лр╣Йр╣Ар╕лр╕бр╕╖р╕нр╕Щр╕бр╕╡р╣Бр╕кр╕Зр╕кр╕зр╣Ир╕▓р╕Зр╣Бр╕ер╕░р╕кр╕Фр╣Гр╕к
192,Kao Beauty & Personal Care,Thip H.,5,2024-05-07,р╣Ар╕Ър╕▓р╕кр╕Ър╕▓р╕вр╣Бр╕ер╕░р╣Др╕бр╣Ир╕бр╕▒р╕Щ р╕Ьр╕кр╕бр╕Бр╕▒р╕Ър╣Ар╕бр╕Др╕нр╕▒р╕Юр╣Др╕Фр╣Йр╕Фр╕╡ р╕Чр╕│р╣Гр╕лр╣Йр╣Ар╕лр╕бр╕╖р╕нр╕Щр╕бр╕╡р╣Бр╕кр╕Зр╕кр╕зр╣Ир╕▓р╕Зр╣Бр╕ер╕░р╕кр╕Фр╣Гр╕к р╣Ар╕лр╕бр╕▓р╕░р╕кр╕│р╕лр╕гр╕▒р╕Ър╕Бр╕┤р╕Ир╕Бр╕гр╕гр╕бр╕Бр╕ер╕▓р╕Зр╣Бр╕Ир╣Йр╕З р╕Лр╕╢р╕бр╣Ар╕Вр╣Йр╕▓р╕кр╕╣р╣Ир╕Ьр╕┤р╕зр╣Др╕Фр╣Йр╕нр╕вр╣Ир╕▓р╕Зр╕гр╕зр╕Фр╣Ар╕гр╣Зр╕з
193,Kao Beauty & Personal Care,р╕Ъ***.,5,2024-04-06,р╣Др╕бр╣Ир╕Чр╕│р╣Гр╕лр╣Йр╕гр╕╣р╕Вр╕╕р╕бр╕Вр╕Щр╕нр╕╕р╕Фр╕Хр╕▒р╕Щ р╕гр╕╣р╣Йр╕кр╕╢р╕Бр╕кр╕Ър╕▓р╕вр╕Хр╣Ир╕нр╕Ьр╕┤р╕з р╕Ыр╣Йр╕нр╕Зр╕Бр╕▒р╕Щр╣Бр╕кр╕Зр╣Бр╕Фр╕Фр╕кр╕╣р╕З р╣Ар╕Ър╕▓р╕кр╕Ър╕▓р╕вр╣Бр╕ер╕░р╣Др╕бр╣Ир╕бр╕▒р╕Щ р╣Др╕бр╣Ир╕гр╕╣р╣Йр╕кр╕╢р╕Бр╕лр╕Щр╕▒р╕Бр╕Хр╣Ир╕нр╕Ьр╕┤р╕з р╕Ьр╕кр╕бр╕Бр╕▒р╕Ър╣Ар╕бр╕Др╕нр╕▒р╕Юр╣Др╕Фр╣Йр╕Фр╕╡
194,Kao Beauty & Personal Care,р╕Юр╕╡р╣Ир╣Ар╕Ър╕Щр╕Лр╣М р╕л.,5,2024-03-29,р╣Др╕бр╣Ир╣Ар╕лр╣Зр╕Щр╕гр╕нр╕вр╕Вр╕▓р╕з р╕Ыр╣Йр╕нр╕Зр╕Бр╕▒р╕Щр╣Бр╕кр╕Зр╣Бр╕Фр╕Фр╕Чр╕Щр╕Чр╕▓р╕Щ р╕Чр╕│р╣Гр╕лр╣Йр╣Ар╕лр╕бр╕╖р╕нр╕Щр╕бр╕╡р╣Бр╕кр╕Зр╕кр╕зр╣Ир╕▓р╕Зр╣Бр╕ер╕░р╕кр╕Фр╣Гр╕к р╣Др╕бр╣Ир╕гр╕╣р╣Йр╕кр╕╢р╕Бр╕лр╕Щр╕▒р╕Бр╕Хр╣Ир╕нр╕Ьр╕┤р╕з р╣Ар╕лр╕бр╕▓р╕░р╕кр╕│р╕лр╕гр╕▒р╕Ър╕Бр╕┤р╕Ир╕Бр╕гр╕гр╕бр╕Бр╕ер╕▓р╕Зр╣Бр╕Ир╣Йр╕З р╕гр╕╣р╣Йр╕кр╕╢р╕Бр╕кр╕Ър╕▓р╕вр╕Хр╣Ир╕нр╕Ьр╕┤р╕з
195,Kao Beauty & Personal Care,Ratkamol T.,1,2022-11-16,р╣Ар╕Юр╕┤р╣Ир╕Зр╣Ар╕Др╕вр╕Лр╕╖р╣Йр╕н р╕Ьр╣Ир╕▓р╕Щр╕гр╣Йр╕▓р╕Щр╕нр╕нр╕Щр╣Др╕ер╕Щр╣Мр╕Др╕гр╕▒р╣Йр╕Зр╣Бр╕гр╕Бр╕Ър╕нр╕Бр╣Ар╕ер╕вр╕зр╣Ир╕▓р╣Др╕бр╣Ир╕Ыр╕гр╕░р╕Чр╕▒р╕Ър╣Гр╕И р╕Зр╕Зр╕Бр╕▒р╕Ър╕Хр╕гр╕гр╕Бр╕░р╕Бр╕▓р╕гр╣Гр╕лр╣Йр╕Вр╕нр╕Зр╣Бр╕Цр╕бр╕бр╕▓р╕Б р╕Др╕╖р╕нр╣Ар╕гр╕▓р╕кр╕▒р╣Ир╕Зр╣Др╕Ыр╕Чр╕▒р╣Йр╕Зр╕лр╕бр╕Ф 3 р╣Бр╕Хр╣И р╕Чр╕╡р╣Ир╕бр╕╣р╕ер╕Др╣Ир╕▓р╕Щр╣Йр╕нр╕вр╕Чр╕╡р╣Ир╕кр╕╕р╕Фр╕Бр╕ер╕▒р╕Ър╣Др╕Фр╣Йр╕Вр╕нр╕Зр╣Бр╕Цр╕бр╣Ар╕вр╕нр╕░р╕кр╕╕р╕Ф р╕Др╕╖р╕н р╕нр╕╖р╣Ир╕Щр╣Жр╣Др╕Фр╣Йр╣Бр╕Др╣Ир╣Бр╕Ьр╣Ир╕Щр╕нр╕Щр╕▓р╕бр╕▒р╕в 1 р╕Лр╕нр╕З р╣Бр╕Хр╣Ир╕нр╕нр╣Ар╕Фр╕нр╕гр╣Мр╕Чр╕╡р╣Ир╕бр╕╣р╕ер╕Др╣Ир╕▓р╕Щр╣Йр╕нр╕вр╕Чр╕╡р╣Ир╕кр╕╕р╕Фр╕Бр╕ер╕▒р╕Ър╣Др╕Фр╣Йр╣Бр╕Ьр╣Ир╕Щр╕нр╕Щр╕▓р╕бр╕▒р╕вр╕Ър╕зр╕Бр╕Бр╕▒р╕Ър╣Ар╕нр╕Щр╕Кр╕▒р╕зр╕гр╣Мр╕нр╕╡р╕Б 1 р╕Лр╕нр╕З р╕нр╕╡р╕Бр╕Чр╕▒р╣Йр╕Зр╕гр╣Йр╕▓р╕Щр╕Др╣Йр╕▓р╣Вр╕Ыр╕гр╣Вр╕бр╕Кр╕▒р╣Ир╕Щр╣Др╕бр╣Ир╕Кр╕▒р╕Фр╣Ар╕Ир╕Щр╣Др╕бр╣Ир╕кр╕▓р╕бр╕▓р╕гр╕Цр╕нр╣Ир╕▓р╕Щр╣Др╕Фр╣Йр╕зр╣Ир╕▓р╕Хр╣Йр╕нр╕Зр╕Лр╕╖р╣Йр╕нр╕Цр╕╢р╕Зр╕бр╕╣р╕ер╕Др╣Ир╕▓р╣Ар╕Чр╣Ир╕▓р╣Др╕лр╕гр╣Ир╕Цр╕╢р╕Зр╕Ир╕░р╣Др╕Фр╣Йр╕Вр╕нр╕Зр╣Бр╕Цр╕бр╕Юр╕Щр╕▒р╕Бр╕Зр╕▓р╕Щр╕Бр╣Зр╕Хр╕нр╕Ър╕Др╕│р╕Цр╕▓р╕бр╕Др╣Ир╕нр╕Щр╕Вр╣Йр╕▓р╕Зр╕Кр╣Йр╕▓р╕бр╕▓р╕Б р╕Бр╣Зр╣Ар╕Вр╣Йр╕▓р╣Гр╕Ир╕нр╣Ир╕░р╕Щр╕░р╕зр╣Ир╕▓р╕нр╕нр╣Ар╕Фр╕нр╕гр╣Мр╣Ар╕вр╕нр╕░р╕бр╕╡р╕ер╕╣р╕Бр╕Др╣Йр╕▓р╕кр╕нр╕Ър╕Цр╕▓р╕бр╣Ар╕Вр╣Йр╕▓р╕бр╕▓р╣Ар╕вр╕нр╕░р╕Бр╣Зр╣Др╕Ыр╕Др╕┤р╕Фр╕зр╕┤р╕Шр╕╡р╣Бр╕Бр╣Йр╕Ыр╕▒р╕Нр╕лр╕▓р╕Бр╕▒р╕Щр╣Ар╕нр╕▓р╣Ар╕нр╕Зр╣Бр╕ер╣Йр╕зр╕Бр╕▒р╕Щр╕Щр╕░р╕кр╕│р╕лр╕гр╕▒р╕Ър╣Ар╕гр╕▓р╕Др╕З р╕Ър╕▓р╕в
196,Kao Beauty & Personal Care,р╕ар╕▒р╕Чр╕гр╕ар╕гр╕Ур╣М р╕з.,1,2021-12-23,р╕ер╣Ир╕▓р╕Кр╣Йр╕▓р╣Гр╕Щр╕Бр╕▓р╕гр╕Ир╕▒р╕Фр╕кр╣Ир╕Зр╕нр╕вр╣Ир╕▓р╕Зр╕бр╕▓р╕Б р╕Др╕┤р╕Фр╕Хр╕▓р╕бр╕лр╕ер╕▓р╕вр╕Др╕гр╕▒р╣Йр╕З
197,Kao Beauty & Personal Care,р╕Ур╕▒р╕Рр╕Юр╕е р╕Ы.,3,2018-08-30,р╣Бр╕нр╕ер╕Бр╕нр╕ор╕нр╕ер╣Мр╣Бр╕гр╕Зр╕бр╕▓р╕Б
198,Kao Beauty & Personal Care,N***.,4,2023-03-20,р╣Др╕Фр╣Йр╕гр╕▒р╕Ър╕кр╕┤р╕Щр╕Др╣Йр╕▓р╣Бр╕ер╣Йр╕з р╕кр╕┤р╕Щр╕Др╣Йр╕▓р╕Др╕гр╕Ър╕Цр╣Йр╕зр╕Щр╕кр╕бр╕Ър╕╣р╕гр╕Ур╣Мр╕Фр╕╡р╕Хр╕гр╕Зр╕Хр╕▓р╕бр╕Чр╕╡р╣Ир╕кр╕▒р╣Ир╕З р╕ер╕нр╕Зр╣Гр╕Кр╣Йр╣Бр╕ер╣Йр╕зр╣Ар╕Щр╕╖р╣Йр╕нр╕Др╕гр╕╡р╕бр╕Лр╕╢р╕бр╣Ар╕гр╣Зр╕зр╕Фр╕╡ р╣Др╕бр╣Ир╣Ар╕лр╕Щр╕╡р╕вр╕зр╣Ар╕лр╕Щр╕нр╕░р╕лр╕Щр╕░
199,Kao Beauty & Personal Care,р╕Щр╕▒р╕Щр╕Чр╕гр╕▒р╕Хр╕Щр╣М р╕Ы.,4,2020-07-13,р╕кр╣Ир╕Зр╕Вр╕нр╕Зр╣Ар╕гр╣Зр╕з р╣Бр╕Хр╣Ир╕Вр╕нр╕Зр╕Ьр╕ер╕┤р╕Хр╕Хр╣Йр╕Щр╕Ыр╕╡ 2019 р╕Щр╕▓р╕Щр╣Др╕Ыр╕лр╕Щр╣Ир╕нр╕в
200,Kao Beauty & Personal Care,S***.,4,2021-12-21,р╕Ыр╕Бр╕Хр╕┤р╣Гр╕Кр╣Йр╕Хр╕▒р╕зр╕кр╕╡р╕Яр╣Йр╕▓р╕нр╕вр╕╣р╣И р╣Ар╕лр╣Зр╕Щр╕Хр╕▒р╕зр╕Щр╕╡р╣Йр╕гр╕╡р╕зр╕┤р╕зр╕Др╣Ир╕нр╕Щр╕Вр╣Йр╕▓р╕Зр╕Фр╕╡р╣Ар╕ер╕вр╕ер╕нр╕Зр╕кр╕▒р╣Ир╕З р╕вр╕▒р╕Зр╣Др╕бр╣Ир╣Др╕Фр╣Йр╕ер╕нр╕Зр╣Гр╕Кр╣Й р╕Ир╕▒р╕Фр╕кр╣Ир╕Зр╕гр╕зр╕Фр╣Ар╕гр╣Зр╕зр╕Фр╕╡
201,Kao Beauty & Personal Care,р╕Ю***.,4,2023-11-02,р╕кр╣Ир╕Зр╣Ар╕гр╣Зр╕з р╕кр╕┤р╕Щр╕Др╣Йр╕▓р╕Др╕гр╕Ър╕Цр╣Йр╕зр╕Щ р╣Бр╕Хр╣Ир╕Бр╕ер╣Ир╕нр╕Зр╕вр╕▒р╕Ър╣Ар╕вр╕┤р╕Щр╣Др╕Ыр╕лр╕Щр╣Ир╕нр╕вр╕Др╣Ир╕░
202,Kao Beauty & Personal Care,Nathanit P.,4,2021-08-09,р╕кр╣Ир╕Зр╣Ар╕гр╣Зр╕зр╕Фр╕╡р╕Др╣Ир╕░ р╣Бр╕Хр╣Ир╕Хр╕нр╕Щр╕кр╣Ир╕Зр╕Вр╕нр╕Хр╕┤р╕Зр╕Щр╕┤р╕Фр╕Щр╕╢р╕Зр╕Др╣Ир╕░ р╣Ар╕Вр╕╡р╕вр╕Щр╕Кр╕╖р╣Ир╕нр╕Бр╕░р╕Ър╣Ар╕ер╕Вр╕Чр╕╡р╣Ир╕лр╣Йр╕нр╕Зр╕Ьр╕┤р╕Фр╕Чр╕│р╣Гр╕лр╣Йр╕Щр╕┤р╕Хр╕┤р╕нр╕▓р╕Др╕▓р╕гр╕лр╕▓р╕Вр╕нр╕Зр╣Др╕бр╣Ир╕Юр╕Ър╕Др╣Ир╕░ р╕Эр╕▓р╕Бр╕Юр╕╡р╣Ир╕кр╣Ир╕Зр╕Вр╕нр╕Зр╣Ар╕Кр╣Зр╕Др╕лр╕Щр╣Ир╕нр╕вр╕Щр╕░р╕Др╕░ р╕Щр╕нр╕Бр╕Щр╕▒р╣Йр╕Щр╕Вр╕нр╕Зр╕Фр╕╡ р╕кр╣Ир╕Зр╕гр╕зр╕Фр╣Ар╕гр╣Зр╕зр╕Др╣Ир╕░
203,Kao Beauty & Personal Care,Too,4,2021-06-08,р╣Гр╕Кр╣Йр╕Ыр╕гр╕░р╕Ир╕│р╕Др╣Ир╕░
204,Kao Beauty & Personal Care,M***.,4,2021-06-12,р╕кр╕┤р╕Щр╕Др╣Йр╕▓р╣Вр╕нр╣Ар╕Д р╣Бр╕Юр╣Зр╕Др╕Вр╕нр╕Зр╕бр╕▓р╕Фр╕╡ р╣Бр╕Хр╣Ир╕гр╕нр╕кр╣Ир╕Зр╕Щр╕▓р╕Щр╕бр╕▓р╕Б р╕кр╕▒р╣Ир╕З7р╣Др╕Фр╣Йр╕Вр╕нр╕З11 р╕кр╣Ир╕Зр╣Ар╕гр╣Зр╕зр╕Бр╕зр╣Ир╕▓р╕Щр╕╡р╣Йр╕Ир╕░р╕Фр╕╡р╕бр╕▓р╕Б р╣Ар╕ер╕в р╕Ър╕▓р╕Зр╕нр╕▒р╕Щр╕Ьр╕ер╕┤р╕Хр╕Ыр╕╡20р╣Ар╕Фр╕╖р╕нр╕Щ10 р╕вр╕▒р╕Зр╕Юр╕нр╣Вр╕нр╣Ар╕Др╕нр╕вр╕╣р╣И р╕Ър╕▓р╕Зр╕нр╕▒р╕Щр╕Ьр╕ер╕┤р╕Хр╕Ыр╕╡21
205,Kao Beauty & Personal Care,W***.,5,2022-02-25,р╕кр╕┤р╕Щр╕Др╣Йр╕▓р╣Бр╕Юр╣Зр╕Др╕бр╕▓р╣Вр╕нр╣Ар╕Др╕Др╣Ир╕░ р╕Ър╕гр╕┤р╕Бр╕▓р╕гр╕Фр╕╡р╕кр╣Ир╕Зр╣Ар╕гр╣Зр╕з р╕Ьр╕ер╕┤р╕Х р╕ер╕нр╕Зр╣Гр╕Кр╣Йр╕Бр╣Ир╕нр╕Щ р╣Бр╕ер╣Йр╕зр╕Ир╕░р╕бр╕▓р╕гр╕╡р╕зр╕┤р╕зр╣Ар╕Юр╕┤р╣Ир╕б
206,Kao Beauty & Personal Care,Aung T.,5,2023-03-30,р╣Гр╕Хр╣Йр╕Вр╕зр╕Фр╕Др╕╖р╕нр╕зр╕▒р╕Щр╕Чр╕╡р╣Ир╕Ьр╕ер╕┤р╕Хр╣Гр╕Кр╣Ир╣Др╕лр╕бр╕Др╕░
207,Kao Beauty & Personal Care,Nirada,5,2024-03-17,р╕вр╕▒р╕Зр╣Др╕бр╣Ир╣Ар╕Др╕вр╣Гр╕Кр╣Й р╕кр╕▒р╣Ир╕Зр╕бр╕▓р╕Чр╕Фр╕ер╕нр╕Зр╕Бр╣Ир╕нр╕Щр╕Др╣Ир╕░ р╣Бр╕Юр╣Зр╕Др╕Ф р╕Ир╕▒р╕Фр╕кр╣Ир╕зр╣Др╕з
208,Kao Beauty & Personal Care,N***e,5,2024-02-29,р╕Ыр╕Бр╕Хр╕┤р╕Ир╕░р╕Лр╕╖р╣Йр╕нр╕Ьр╕ер╕┤р╕Хр╕ар╕▒р╕Ур╕Ср╣Мр╕Щр╕╡р╣Йр╕Чр╕╡р╣Ир╕Нр╕╡р╣Ир╕Ыр╕╕р╣Ир╕Щр╣Ар╕Юр╕гр╕▓р╕░р╕Ьр╕ер╕┤р╕Хр╕Ир╕▓р╕Бр╕Чр╕╡р╣Ир╕Щр╕▒р╣Ир╕Щ р╣Бр╕Хр╣Ир╕лр╕▓р╕Лр╕╖р╣Йр╕нр╕Чр╕╡р╣Ир╣Ар╕бр╕╖р╕нр╕Зр╣Др╕Чр╕вр╣Др╕бр╣Ир╣Др╕Фр╣Йр╣Ар╕ер╕в р╣Ар╕ер╕вр╕ер╕нр╕Зр╕бр╕▓ 1 р╕Вр╕зр╕Фр╣Ар╕Ыр╣Зр╕Щ р╕Ьр╕ер╕┤р╕Хр╕Чр╕╡р╣Ир╣Ар╕зр╕╡р╕вр╕Фр╕Щр╕▓р╕бр╕Др╣Ир╕░ р╣Др╕бр╣Ир╕гр╕╣р╣Йр╕Ир╕░р╕Фр╕╡р╣Ар╕лр╕бр╕╖р╕нр╕Щр╕Чр╕╡р╣Ир╕Юр╕╖р╣Йр╕Щр╕Чр╕╡р╣Ир╕Нр╕╡р╣Ир╕Ыр╕╕р╣Ир╕Щр╣Др╕лр╕б
209,Kao Beauty & Personal Care,р╕Ур╕▒р╕Пр╕Рр╕┤р╕Ур╕╡ р╕з.,5,2022-09-01,р╕кр╣Ир╕Зр╣Др╕з р╣Бр╕Юр╣Зр╕Др╕кр╕┤р╕Щр╕Др╣Йр╕▓р╕Фр╕╡р╕бр╕▓р╕Бр╕Др╕░ р╕Кр╕нр╕Ър╕Др╕гр╕╡р╕бр╕Бр╕▒р╕Щр╣Бр╕Фр╕Фр╕Хр╕▒р╕зр╕Щр╕╡р╣Йр╕бр╕▓р╕Бр╕Др╕░р╕Ър╕▓р╕Зр╣Ар╕Ър╕▓р╕кр╕│р╕лр╕гр╕▒р╕Ър╕Др╕Щр╕Ьр╕┤р╕зр╕лр╕Щр╣Йр╕▓р╣Бр╕лр╣Йр╕Зр╕Др╕░
210,Kao Beauty & Personal Care,р╕Ир╕╡р╕гр╕Щр╕▒р╕Щр╕Чр╣М р╕И.,5,2022-09-12,р╕Вр╕нр╕Зр╕Ир╕гр╕┤р╕З р╕гр╕▓р╕Др╕▓р╕Фр╕╡р╕Др╣Ир╕░
211,Kao Beauty & Personal Care,aeezaa,5,2022-04-21,р╣Гр╕Кр╣Йр╕Фр╕╡р╕Др╣Ир╕░р╕Бр╕▒р╕Щр╣Бр╕Фр╕Фр╣Др╕Фр╣Йр╕Фр╕╡ р╕Лр╕╢р╕бр╣Ар╕гр╣Зр╕з
212,Kao Beauty & Personal Care,р╕а***.,5,2023-03-07,р╕кр╕┤р╕Щр╕Др╣Йр╕▓р╕бр╕╡р╕Др╕╕р╕Ур╕ар╕▓р╕Юр╕бр╕▓р╕Бр╕Бр╕Бр╕Бр╕Бр╕Бр╕Бр╕Бр╕Бр╕Бр╕Бр╕Б р╕Бр╕▓р╕гр╣Бр╕Юр╣Зр╕Др╕Вр╕нр╕Зр╕бр╕▓р╕нр╕вр╣Ир╕▓р╕Зр╕Фр╕╡р╕бр╕▓р╕Б р╕бр╕╡р╕Др╕зр╕▓р╕бр╣Бр╕Щр╣Ир╕Щр╕лр╕Щр╕▓ р╕кр╕┤р╕Щр╕Др╣Йр╕▓р╣Др╕бр╣Ир╕бр╕╡р╕Др╕зр╕▓р╕бр╣Ар╕кр╕╡р╕вр╕лр╕▓р╕в р╕Бр╕▓р╕гр╕Ир╕▒р╕Фр╕кр╣Ир╕Зр╕кр╕┤р╕Щр╕Др╣Йр╕▓ р╕Хр╣Йр╕нр╕Зр╕гр╕нр╕кр╕┤р╕Щр╕Др╣Йр╕▓р╕гр╕нр╕кр╕┤р╕Щр╕Др╣Йр╕▓р╣Др╕бр╣Ир╣Ар╕Бр╕┤р╕Щ 24 р╕зр╕▒р╕Щ р╕Бр╣Зр╣Др╕Фр╣Йр╕гр╕▒р╕Ър╕кр╕┤р╕Щр╕Др╣Йр╕▓р╣Бр╕ер╣Йр╕зр╕зр╕зр╕з р╕Бр╕▓р╕гр╣Гр╕лр╣Йр╕Ър╕гр╕┤р╕Бр╕▓р╕гр╕Вр╕нр╕Зр╕Чр╕▓р╕Зр╕гр╣Йр╕▓р╕Щр╕Фр╕╡р╕бр╕▓р╕Б
213,Kao Beauty & Personal Care,p***p,5,2022-09-01,р╕Ир╕▒р╕Фр╕кр╣Ир╕Зр╣Др╕зр╕бр╕▓р╕Б р╕кр╕┤р╕Щр╕Др╣Йр╕▓р╕Др╕╕р╕Ур╕ар╕▓р╕Юр╕Фр╕╡ р╕Вр╕нр╕Ър╕Др╕╕р╕У
214,Kao Beauty & Personal Care,р╕Щр╕▓р╕вр╕Ур╕▒р╕Рр╕Юр╕Зр╕Др╣МтАЛ р╕Щ.,5,2023-12-02,р╣Др╕бр╣Ир╣Ар╕лр╣Зр╕Щр╕гр╕нр╕вр╕Вр╕▓р╕з р╕гр╕╣р╣Йр╕кр╕╢р╕Бр╕кр╕Ър╕▓р╕вр╕Хр╣Ир╕нр╕Ьр╕┤р╕з р╕Ыр╣Йр╕нр╕Зр╕Бр╕▒р╕Щр╣Бр╕кр╕Зр╣Бр╕Фр╕Фр╕кр╕╣р╕З р╕Чр╕│р╣Гр╕лр╣Йр╕Ьр╕┤р╕зр╣Ар╕Щр╕╡р╕вр╕Щр╣Бр╕ер╕░р╣Др╕бр╣Ир╕бр╕╡р╕Др╕зр╕▓р╕бр╣Ар╕Зр╕▓ р╣Др╕бр╣Ир╕гр╕╣р╣Йр╕кр╕╢р╕Бр╕лр╕Щр╕▒р╕Бр╕Хр╣Ир╕нр╕Ьр╕┤р╕з
215,Kao Beauty & Personal Care,р╕Ъ***.,5,2024-04-27,р╣Ар╕Щр╕╖р╣Йр╕нр╕кр╕▒р╕бр╕Ьр╕▒р╕к р╕Фр╕╡ р╕Фр╕╡ р╕Фр╕╡ р╕Фр╕╡р╣Гр╕Кр╣Йр╕бр╕▓р╕лр╕ер╕▓р╕вр╕лр╕ер╕нр╕Фр╣Бр╕ер╣Йр╕з р╕Др╕╕р╕бр╕бр╕▒р╕Щ р╣Др╕бр╣И р╕Др╕гр╕▓р╕Ъ р╕Лр╕╢р╕бр╣Др╕зр╣Гр╕Кр╣Йр╕Фр╕╡р╕Др╣Ир╕░ р╕кр╕▒р╣Ир╕Зр╕Лр╣Йр╕│р╣Бр╕Щр╣Ир╕Щр╕нр╕Щр╕гр╣Йр╕▓р╕Щр╕кр╣Ир╕Зр╕Вр╕нр╕Зр╣Др╕зр╕бр╕▓р╕Б
216,Kao Beauty & Personal Care,р╕Ъ***.,5,2024-04-06,р╣Др╕бр╣Ир╕Чр╕│р╣Гр╕лр╣Йр╕гр╕╣р╕Вр╕╕р╕бр╕Вр╕Щр╕нр╕╕р╕Фр╕Хр╕▒р╕Щ р╕гр╕╣р╣Йр╕кр╕╢р╕Бр╕кр╕Ър╕▓р╕вр╕Хр╣Ир╕нр╕Ьр╕┤р╕з р╕Ыр╣Йр╕нр╕Зр╕Бр╕▒р╕Щр╣Бр╕кр╕Зр╣Бр╕Фр╕Фр╕кр╕╣р╕З р╣Ар╕Ър╕▓р╕кр╕Ър╕▓р╕вр╣Бр╕ер╕░р╣Др╕бр╣Ир╕бр╕▒р╕Щ р╣Др╕бр╣Ир╕гр╕╣р╣Йр╕кр╕╢р╕Бр╕лр╕Щр╕▒р╕Бр╕Хр╣Ир╕нр╕Ьр╕┤р╕з р╕Ьр╕кр╕бр╕Бр╕▒р╕Ър╣Ар╕бр╕Др╕нр╕▒р╕Юр╣Др╕Фр╣Йр╕Фр╕╡
217,Kao Beauty & Personal Care,р╕ир╕┤р╕гр╕┤р╕ир╕▒р╕Бр╕Фр╕┤р╣М р╕И.,5,2021-12-13,р╕Ир╕▒р╕Фр╕кр╣Ир╕Зр╕гр╕зр╕Фр╣Ар╕гр╣Зр╕з р╕Хр╕гр╕Зр╕Ыр╕Б р╕Цр╕╣р╕Бр╕Бр╕зр╣Ир╕▓р╣Гр╕Щр╕лр╣Йр╕▓р╕З
218,EVEANDBOY,р╕гр╕кр╕кр╕╕р╕Др╕Щр╕Шр╣М р╕к.,4,2021-04-01,р╕вр╕▒р╕Зр╣Др╕бр╣Ир╣Ар╕Др╕вр╣Гр╕Кр╣Й р╕Хр╣Йр╕нр╕Зр╕ер╕нр╕Зр╕Бр╣Ир╕нр╕Щ р╕ер╕▒р╕Бр╕йр╕Ур╕░р╣Ар╕Ыр╣Зр╕Щр╕Щр╣Йр╕│р╕Щр╕б р╣Бр╕Хр╣Ир╕кр╣Ир╕Зр╕Кр╣Йр╕▓ р╕кр╕▒р╣Ир╕Зр╕зр╕▒р╕Щр╣Ар╕кр╕▓р╕гр╣Мр╕бр╕▓р╕зр╕▒р╕Щр╕Юр╕др╕лр╕▒р╕к р╣Бр╕Юр╕Др╕кр╕┤р╕Щр╕Др╣Йр╕▓р╕бр╕▓р╕Фр╕╡
219,EVEANDBOY,р╕Фр╕▓р╕гр╕Бр╕▓ р╕Ъ.,5,2020-04-21,р╣Гр╕Кр╣Йр╕Чр╕╕р╕Бр╕зр╕▒р╕Щ р╣Бр╕Юр╣Зр╕Др╣Ар╕Бр╕Ир╣Ар╕гр╕╡р╕вр╕Ър╕гр╣Йр╕нр╕вр╕Фр╕╡р╕Др╣Ир╕░
220,EVEANDBOY,р╕Фр╕бр╕┤р╕кр╕▓ р╕Х.,5,2020-06-09,р╕кр╕▒р╣Ир╕Зр╕Бр╕▒р╕Щ р╣Ар╕Фр╕Фр╕бр╕▓р╕кр╕нр╕Зр╕Вр╕зр╕Ф р╕Фр╣Йр╕зр╕вр╣Ар╕Ыр╣Зр╕Щ р╕кр╣Ир╕Зр╣Ар╕гр╣Зр╕зр╕Фр╣Йр╕зр╕в
221,EVEANDBOY,р╣Вр╕Ф р╣Б.,5,2020-08-15,р╣Бр╕Юр╣Зр╕Др╕Вр╕нр╕Зр╕Ир╕▒р╕Фр╕кр╣Ир╕Зр╕Фр╕╡р╕Др╣Ир╕░
222,EVEANDBOY,8***8,5,2023-12-20,р╣Др╕Фр╣Йр╕гр╕▒р╕Ър╕кр╕┤р╕Щр╕Др╣Йр╕▓р╣Ар╕гр╕╡р╕вр╕Ър╕гр╣Йр╕нр╕вр╣Бр╕ер╣Йр╕зр╕Др╣Ир╕░ р╕кр╕┤р╕Щр╕Др╣Йр╕▓р╣Ар╕гр╕╡р╕вр╕Ър╕гр╣Йр╕нр╕вр╕Др╕гр╕Ър╕Цр╣Йр╕зр╕Щр╕кр╕бр╕Ър╕╣р╕гр╕Ур╣Мр╣Др╕бр╣Ир╣Ар╕кр╕╡р╕вр╕лр╕▓р╕в р╕Чр╕▓р╕Зр╕гр╣Йр╕▓р╕Щр╕кр╣Ир╕Зр╣Ар╕гр╣Зр╕зр╕бр╕▓р╕Б
223,EVEANDBOY,Pisanu O.,5,2024-07-20,р╕Ър╕╡р╣Вр╕нр╣Ар╕гр╕вр╕╣р╕зр╕╡р╕гр╕▓р╕Др╕▓р╣Др╕бр╣Ир╣Бр╕Юр╕З р╣Бр╕Цр╕бр╣Гр╕Кр╣Йр╣Ар╕лр╕гр╕╡р╕вр╕Нр╕ер╕Фр╣Др╕Фр╣Йр╕Фр╣Йр╕зр╕в р╕Др╕╕р╣Йр╕бр╕бр╕▓р╕Бр╣Ар╕бр╕╖р╣Ир╕нр╣Ар╕Чр╕╡р╕вр╕Ър╕Бр╕▒р╕Ър╣Гр╕Щр╕лр╣Йр╕▓р╕Зр╕кр╕гр╕гр╕Юр╕кр╕┤р╕Щр╕Др╣Йр╕▓р╕Чр╕▒р╣Ир╕зр╣Др╕Ы
224,EVEANDBOY,р╕а***.,5,2024-04-05,р╕Ир╕▒р╕Фр╕кр╣Ир╕Зр╣Др╕з р╣Бр╕Юр╣Зр╕Др╕кр╕┤р╕Щр╕Др╣Йр╕▓р╕бр╕▓р╕Фр╕╡ р╕гр╕▓р╕Др╕▓р╕Цр╕╣р╕Б р╕бр╕╡р╕кр╣Ир╕зр╕Щр╕ер╕Фр╕бр╕▓р╕Бр╕бр╕▓р╕в р╕кр╕┤р╕Щр╕Др╣Йр╕▓р╕Др╕╕р╣Йр╕бр╕Др╣Ир╕▓р╕Бр╕▒р╕Ър╕гр╕▓р╕Др╕▓
225,EVEANDBOY,z***t,5,2022-02-12,р╕кр╣Ир╕Зр╣Ар╕гр╣Зр╕з р╣Бр╕Юр╕Др╕кр╕┤р╕Щр╕Др╣Йр╕▓р╕Фр╕╡р╕бр╕▓р╕Б
226,EVEANDBOY,Pisanu O.,5,2024-07-31,р╕Ър╕╡р╣Вр╕нр╣Ар╕гр╕вр╕╣р╕зр╕╡ р╣Гр╕Кр╣Йр╕Ыр╕гр╕░р╕Ир╕│ р╕Чр╕▓р╣Бр╕ер╣Йр╕зр╣Др╕бр╣Ир╣Бр╕Юр╣Й р╕нр╣Ир╕нр╕Щр╣Вр╕вр╕Щр╕Хр╣Ир╕нр╕Ьр╕┤р╕з р╕Ыр╣Йр╕нр╕Зр╕Бр╕▒р╕Щр╣Бр╕кр╕Зр╕вр╕╣р╕зр╕╡р╣Др╕Фр╣Йр╕Фр╣Йр╕зр╕вр╕Щр╕░
227,EVEANDBOY,р╕нр╕▒р╕Щр╕Щр╕┤р╕Юр╕г р╕Ю.,5,2024-01-05,р╕кр╕┤р╕Щр╕Др╣Йр╕▓р╕Др╕гр╕Ър╕Цр╣Йр╕зр╕Щ
228,Kao Beauty & Personal Care,Yuwadee K.,5,2024-07-11,р╕кр╕┤р╕Щр╕Др╣Йр╕▓р╕Др╕гр╕Ъ р╣Др╕Фр╣Йр╕Вр╕нр╕Зр╣Бр╕Цр╕бр╕Фр╣Йр╕зр╕в р╕Щр╣Ир╕▓р╕гр╕▒р╕Бр╕бр╕▓р╕Б р╕Вр╕нр╕Ър╕Др╕╕р╕Ур╕Щр╕░р╕Др╕░ р╕нр╣Ир╕нр╕Щр╣Вр╕вр╕Щр╕Хр╣Ир╕нр╕Ьр╕┤р╕з р╣Ар╕лр╕бр╕▓р╕░р╕кр╕│р╕лр╕гр╕▒р╕Ър╣Гр╕Кр╣Йр╕Чр╕╕р╕Бр╕зр╕▒р╕Щ р╣Др╕бр╣Ир╕Чр╕│р╣Гр╕лр╣Йр╕гр╕╣р╕Вр╕╕р╕бр╕Вр╕Щр╕нр╕╕р╕Фр╕Хр╕▒р╕Щ р╕Ыр╣Йр╕нр╕Зр╕Бр╕▒р╕Щр╕гр╕▒р╕Зр╕кр╕╡ р╕Щр╕▓р╕Щр╕Щр╕▒р╕Ър╕Кр╕▒р╣Ир╕зр╣Вр╕бр╕З р╕Кр╣Ир╕зр╕вр╣Ар╕Хр╕гр╕╡р╕вр╕бр╕Ьр╕┤р╕зр╣Гр╕лр╣Йр╕Юр╕гр╣Йр╕нр╕бр╕кр╕│р╕лр╕гр╕▒р╕Ър╕Бр╕▓р╕гр╣Бр╕Хр╣Ир╕Зр╕лр╕Щр╣Йр╕▓ р╣Гр╕Кр╣Йр╕Зр╣Ир╕▓р╕вр╣Бр╕ер╕░р╣Ар╕Бр╕ер╕╡р╣Ир╕вр╕Зр╣Ир╕▓р╕в р╕Ыр╣Йр╕нр╕Зр╕Бр╕▒р╕Щр╣Бр╕Фр╕Фр╣Др╕Фр╣Йр╕нр╕вр╣Ир╕▓р╕Зр╕бр╕╡р╕Ыр╕гр╕░р╕кр╕┤р╕Чр╕Шр╕┤р╕ар╕▓р╕Ю
229,Kao Beauty & Personal Care,р╣Ар╕Кр╕ер╕З,5,2024-03-26,р╕кр╕┤р╕Щр╕Др╣Йр╕▓р╕Кр╣Ир╕зр╕Зр╕Ир╕▒р╕Фр╣Вр╕Ыр╕г р╕гр╕▓р╕Др╕▓р╕Др╕╖р╕нр╕Фр╕╡р╕бр╕▓р╕Б1р╣Бр╕Цр╕б1р╕нр╕╡р╕Фр╕Хр╣Ир╕▓р╕Зр╕лр╕▓р╕Б р╕Бр╕▓р╕гр╕Ир╕▒р╕Фр╕кр╣Ир╕Зр╕гр╕зр╕Фр╣Ар╕гр╣Зр╕зр╕бр╕▓р╕Бр╕кр╕▒р╣Ир╕Зр╕бр╕▓р╕лр╕ер╕▓р╕вр╕Кр╕┤р╣Йр╕Щр╣Вр╕Фр╕вр╣Ар╕Йр╕Юр╕▓р╕░р╕Бр╕▒р╕Щр╣Бр╕Фр╕Фр╕Чр╕╡р╣И1р╣Бр╕Цр╕б1 р╣Бр╕ер╕░р╕вр╕▒р╕Зр╕бр╕╡р╣Бр╕Цр╕бр╕Щр╣Йр╕│р╕вр╕▓р╕вр╣Йр╕нр╕бр╕кр╕╡р╕Ьр╕бр╕бр╕▓р╣Ар╕Юр╕┤р╣Ир╕бр╣Гр╕лр╣Йр╕нр╕╡р╕Б р╕Бр╕▒р╕Щр╣Бр╕Фр╕Фр╕Хр╕▒р╕зр╕Щр╕╡р╣Йр╣Ар╕Ыр╣Зр╕Щр╕Щр╣Йр╕│р╣Др╕бр╣Ир╣Гр╕Кр╣Ир╕Др╕гр╕╡р╕б р╕Чр╕▓р╣Бр╕ер╣Йр╕зр╕Ир╕░р╕нр╕нр╕Бр╕бр╕▒р╕Щ р╕Кр╣Ир╕зр╕Зр╣Бр╕гр╕Бр╣Бр╕ер╕░р╕Лр╕╢р╕бр╕лр╕▓р╕вр╣Др╕Ы
230,Kao Beauty & Personal Care,р╕зр╕гр╕┤р╕Нр╕Нр╕▓ р╣А.,5,2024-03-29,р╣Ар╕Ър╕▓р╕Ър╕▓р╕Зр╣Бр╕ер╕░р╣Др╕бр╣Ир╕бр╕▒р╕Щ р╕нр╣Ир╕нр╕Щр╣Вр╕вр╕Щр╕Хр╣Ир╕нр╕Ьр╕┤р╕з р╣Ар╕Щр╕╖р╣Йр╕нр╕кр╕▒р╕бр╕Ьр╕▒р╕кр╕Щр╕╕р╣Ир╕бр╕кр╕Ър╕▓р╕в р╕кр╣Ир╕Зр╣Др╕з р╣Бр╕Юр╕Др╕Фр╕╡ р╕бр╕╡р╕Вр╕нр╕Зр╣Бр╕Цр╕бр╣Гр╕лр╣Йр╕Фр╣Йр╕зр╕в р╣Вр╕Ыр╕гр╣Вр╕бр╕Кр╕▒р╣Ир╕Щр╕Фр╕╡
231,Kao Beauty & Personal Care,MB,5,20240929,р╣Др╕бр╣Ир╕нр╕╕р╕Фр╕Хр╕▒р╕Щр╕гр╕╣р╕Вр╕╕р╕бр╕Вр╕Щ р╕Бр╕▓р╕гр╕Ыр╣Йр╕нр╕Зр╕Бр╕▒р╕Щ р╕кр╕╣р╕З р╣Ар╕Щр╕╖р╣Йр╕нр╕кр╕▒р╕бр╕Ьр╕▒р╕кр╣Ар╕гр╕╡р╕вр╕Ър╣Бр╕ер╕░р╕кр╕Ър╕▓р╕в р╕Вр╕Щр╕▓р╕Фр╕Чр╕╡р╣Ир╣Ар╕лр╕бр╕▓р╕░р╕Бр╕▒р╕Ър╕Бр╕▓р╕гр╣Ар╕Фр╕┤р╕Щр╕Чр╕▓р╕З
232,Kao Beauty & Personal Care,palmmy,5,2024-07-22,р╣Др╕бр╣Ир╕Чр╕│р╣Гр╕лр╣Йр╕гр╕╣р╕Вр╕╕р╕бр╕Вр╕Щр╕нр╕╕р╕Фр╕Хр╕▒р╕Щ р╣Др╕бр╣Ир╕Чр╕│р╣Гр╕лр╣Йр╕Ьр╕┤р╕зр╕Фр╕╣р╕Вр╕▓р╕зр╣Бр╕ер╕░р╕лр╕бр╕нр╕З р╕Чр╕│р╣Гр╕лр╣Йр╕Ьр╕┤р╕зр╕Фр╕╣р╣Ар╕Щр╕╡р╕вр╕Щр╣Ар╕гр╕╡р╕вр╕Ъ р╣Ар╕Щр╕╡р╕вр╕Щр╣Ар╕гр╕╡р╕вр╕Ър╣Бр╕ер╕░р╕Фр╕╣р╕Шр╕гр╕гр╕бр╕Кр╕▓р╕Хр╕┤ р╕нр╣Ир╕нр╕Щр╣Вр╕вр╕Щр╕Хр╣Ир╕нр╕Ьр╕┤р╕з р╣Ар╕лр╕бр╕▓р╕░р╕кр╕│р╕лр╕гр╕▒р╕Ър╣Гр╕Кр╣Йр╕Чр╕╕р╕Бр╕зр╕▒р╕Щ р╕Кр╣Ир╕зр╕вр╣Ар╕Хр╕гр╕╡р╕вр╕бр╕Ьр╕┤р╕зр╣Гр╕лр╣Йр╕Юр╕гр╣Йр╕нр╕бр╕кр╕│р╕лр╕гр╕▒р╕Ър╕Бр╕▓р╕гр╣Бр╕Хр╣Ир╕Зр╕лр╕Щр╣Йр╕▓
233,Kao Beauty & Personal Care,Pick G.,5,2024-02-10,р╕кр╣Ир╕Зр╣Др╕зр╕бр╕▓р╕Б р╣Бр╕Юр╣Зр╕Др╕кр╕┤р╕Щр╕Др╣Йр╕▓р╕бр╕▓р╕нр╕вр╣Ир╕▓р╕Зр╕Фр╕╡ р╕кр╕┤р╕Щр╕Др╣Йр╕▓р╕Хр╕гр╕Зр╕Хр╕▓р╕бр╣Вр╕Жр╕йр╕Ур╕▓ р╕вр╕▒р╕Зр╣Др╕бр╣Ир╣Ар╕Др╕вр╣Гр╕Кр╣Йр╕кр╕╡р╕Щр╕╡р╣Й р╣Бр╕Хр╣Ир╕бр╕▒р╣Ир╕Щр╣Гр╕Ир╣Гр╕Щр╕вр╕╡р╣Ир╕лр╣Йр╕н р╕гр╕▓р╕Др╕▓р╕Цр╕╣р╕Бр╕Бр╕зр╣Ир╕▓р╕Вр╣Йр╕▓р╕Зр╕Щр╕нр╕Бр╣Ар╕вр╕нр╕░р╣Ар╕ер╕в р╕бр╕╡р╕Вр╕нр╕Зр╣Бр╕Цр╕бр╕нр╕╡р╕Бр╕Фр╣Йр╕зр╕в р╕Кр╕нр╕Ъ
234,Kao Beauty & Personal Care,S***.,5,2024-04-28,р╕кр╣Ир╕Зр╣Ар╕гр╣Зр╕зр╕бр╕▓р╕Бр╕Бр╕Бр╕Бр╕Б р╕вр╕▒р╕Зр╣Др╕бр╣Ир╣Др╕Фр╣Йр╕ер╕нр╕Зр╣Гр╕Кр╣Йр╣Ар╕ер╕в р╕кр╣Ир╕зр╕Щр╕Хр╕▒р╕зр╣Ар╕Др╕вр╣Гр╕Кр╣Йр╣Бр╕Ър╕Ър╕Вр╕зр╕Фр╕Яр╣Йр╕▓ р╕Др╕╖р╕нр╕Фр╕╡р╕Др╕╖р╕нр╕Ир╕╢р╣Йр╕З р╕Щр╕╡р╣Ир╕ер╕нр╕Зр╣Ар╕Ыр╕ер╕╡р╣Ир╕вр╕Щр╕бр╕▓р╣Гр╕Кр╣Йр╕кр╕╡р╕Кр╕бр╕Юр╕╣р╕Ър╣Йр╕▓р╕З р╣Бр╕Юр╕Зр╕Вр╕╢р╣Йр╕Щр╕бр╕▓ р╕Щр╕╢р╕Зр╕Бр╣Йр╕нр╕вр╕▓р╕Бр╕ер╕нр╕З р╣Др╕Фр╣Йр╣Бр╕Хр╣Ир╕лр╕зр╕▒р╕Зр╕зр╣Ир╕▓р╕лр╕Щр╣Йр╕▓р╕Ир╕░р╣Др╕бр╣Ир╣Ар╕Чр╕▓р╕Щр╕░р╕Др╕░ р╕Ир╕▓р╕Бр╣Гр╕Ир╕кр╕▓р╕зр╕Ьр╕┤р╕зр╕кр╕нр╕Зр╕кр╕╡
235,Kao Beauty & Personal Care,I***a,5,2024-09-28,3
236,Kao Beauty & Personal Care,Jubbjang J.,5,2024-09-08,р╣Ар╕лр╕бр╕▓р╕░р╕кр╕│р╕лр╕гр╕▒р╕Ър╕Бр╕▓р╕гр╣Гр╕Кр╣Йр╕Зр╕▓р╕Щр╕Чр╕╕р╕Бр╕зр╕▒р╕Щ р╣Ар╕Щр╕╖р╣Йр╕нр╕кр╕▒р╕бр╕Ьр╕▒р╕кр╣Ар╕гр╕╡р╕вр╕Ър╣Бр╕ер╕░р╕кр╕Ър╕▓р╕в р╕Чр╕│р╣Гр╕лр╣Йр╕Ьр╕┤р╕зр╕Фр╕╣р╕кр╕зр╣Ир╕▓р╕Зр╣Бр╕ер╕░р╣Ар╕Ыр╕ер╣Ир╕Зр╕Ыр╕ер╕▒р╣Ир╕З р╕Щр╣Йр╕│р╕лр╕Щр╕▒р╕Бр╣Ар╕Ър╕▓р╣Бр╕ер╕░р╣Др╕бр╣Ир╕бр╕▒р╕Щр╣Ар╕вр╕┤р╣Йр╕б р╕Бр╕▓р╕гр╕Ыр╣Йр╕нр╕Зр╕Бр╕▒р╕Щ р╕кр╕╣р╕З р╕Зр╣Ир╕▓р╕вр╕Хр╣Ир╕нр╕Бр╕▓р╕гр╕Чр╕▓р╣Бр╕ер╕░р╕Ьр╕кр╕б
237,Kao Beauty & Personal Care,р╕Ш***.,5,2024-09-01,р╕Бр╕▓р╕гр╕Ыр╕Бр╕Ыр╣Йр╕нр╕Зр╕Ир╕▓р╕Бр╣Бр╕кр╕Зр╣Бр╕Фр╕Фр╕Чр╕╡р╣Ир╕бр╕╡р╕Ыр╕гр╕░р╕кр╕┤р╕Чр╕Шр╕┤р╕ар╕▓р╕Ю р╕Бр╕▓р╕гр╕Ыр╣Йр╕нр╕Зр╕Бр╕▒р╕Щ р╕кр╕╣р╕З р╣Др╕бр╣Ир╕Чр╕┤р╣Йр╕Зр╕Др╕гр╕▓р╕Ър╕Вр╕▓р╕з р╣Гр╕лр╣Йр╕Рр╕▓р╕Щр╕Чр╕╡р╣Ир╣Ар╕гр╕╡р╕вр╕Ър╣Ар╕Щр╕╡р╕вр╕Щр╕кр╕│р╕лр╕гр╕▒р╕Ър╕Бр╕▓р╕гр╣Бр╕Хр╣Ир╕Зр╕лр╕Щр╣Йр╕▓ р╕Зр╣Ир╕▓р╕вр╕Хр╣Ир╕нр╕Бр╕▓р╕гр╕Чр╕▓р╣Бр╕ер╕░р╕Ьр╕кр╕б
238,Kao Beauty & Personal Care,р╕з***.,5,2024-08-14,р╣Гр╕лр╣Йр╕Ьр╕┤р╕зр╕Чр╕╡р╣Ир╕Фр╕╣р╣Ар╕Ыр╣Зр╕Щр╕Шр╕гр╕гр╕бр╕Кр╕▓р╕Хр╕┤ р╕Зр╣Ир╕▓р╕вр╕Хр╣Ир╕нр╕Бр╕▓р╕гр╕Чр╕▓р╣Бр╕ер╕░р╕Ьр╕кр╕б р╣Гр╕лр╣Йр╕Рр╕▓р╕Щр╕Чр╕╡р╣Ир╣Ар╕гр╕╡р╕вр╕Ър╣Ар╕Щр╕╡р╕вр╕Щр╕кр╕│р╕лр╕гр╕▒р╕Ър╕Бр╕▓р╕гр╣Бр╕Хр╣Ир╕Зр╕лр╕Щр╣Йр╕▓ р╕Щр╣Йр╕│р╕лр╕Щр╕▒р╕Бр╣Ар╕Ър╕▓р╣Бр╕ер╕░р╣Др╕бр╣Ир╕бр╕▒р╕Щр╣Ар╕вр╕┤р╣Йр╕б р╣Ар╕лр╕бр╕▓р╕░р╕кр╕│р╕лр╕гр╕▒р╕Ър╕Бр╕▓р╕гр╣Гр╕Кр╣Йр╕Зр╕▓р╕Щр╕Чр╕╕р╕Бр╕зр╕▒р╕Щ
239,Kao Beauty & Personal Care,N***.,5,2024-08-01,р╕кр╣Ир╕Зр╣Ар╕гр╣Зр╕з р╣Вр╕Ыр╕гр╕Фр╕╡ р╕бр╕╡р╕Вр╕нр╕Зр╣Бр╕Цр╕б р╣Бр╕ор╕Ыр╕Ыр╕╡р╣Йр╕Др╣Ир╕▓ р╣Ар╕Ър╕▓р╕Ър╕▓р╕Зр╣Бр╕ер╕░р╣Др╕бр╣Ир╕бр╕▒р╕Щ р╣Ар╕Щр╕╖р╣Йр╕нр╕кр╕▒р╕бр╕Ьр╕▒р╕кр╕Щр╕╕р╣Ир╕бр╕кр╕Ър╕▓р╕в р╣Гр╕Кр╣Йр╕Зр╣Ир╕▓р╕вр╣Бр╕ер╕░р╣Ар╕Бр╕ер╕╡р╣Ир╕вр╕Зр╣Ир╕▓р╕в р╣Ар╕Щр╕╡р╕вр╕Щр╣Ар╕гр╕╡р╕вр╕Ър╣Бр╕ер╕░р╕Фр╕╣р╕Шр╕гр╕гр╕бр╕Кр╕▓р╕Хр╕┤
240,Kao Beauty & Personal Care,N***e,5,2024-08-03,р╕Др╕╕р╕Ур╕ар╕▓р╕Ю р╕Фр╕╡р╕бр╕▓р╕Бр╕Др╣Ир╕░ р╣Ар╕Щр╕╖р╣Йр╕нр╕кр╕▒р╕бр╕Ьр╕▒р╕к р╕Ър╕▓р╕Зр╣Ар╕Ър╕▓р╣Др╕бр╣Ир╣Ар╕лр╕Щр╕╡р╕вр╕зр╣Ар╕лр╕Щр╕нр╕░р╕лр╕Щр╕░р╕Щр╕░ р╣Др╕бр╣Ир╣Ар╕Ыр╣Зр╕Щр╕Др╕гр╕▓р╕Ъ р╕Ыр╕гр╕░р╕кр╕┤р╕Чр╕Шр╕┤р╕ар╕▓р╕Ю р╕Бр╕▒р╕Щр╣Бр╕Фр╕Фр╣Др╕Фр╣Йр╕Фр╕╡р╕Др╣Ир╕░ р╕Бр╕ер╕┤р╣Ир╕Щр╕лр╕нр╕бр╕нр╣Ир╕нр╕Щ
241,Kao Beauty & Personal Care,р╕а***.,5,2024-08-03,р╣Гр╕Кр╣Йр╕Зр╣Ир╕▓р╕вр╣Бр╕ер╕░р╣Ар╕Бр╕ер╕╡р╣Ир╕вр╕Зр╣Ир╕▓р╕в р╕Вр╕Щр╕▓р╕Фр╣Ар╕ер╣Зр╕Бр╕кр╕░р╕Фр╕зр╕Бр╕Хр╕┤р╕Фр╕Хр╕▒р╕з р╕Чр╕│р╣Гр╕лр╣Йр╕Ьр╕┤р╕зр╕Фр╕╣р╕Бр╕гр╕░р╕Ир╣Ир╕▓р╕Зр╣Гр╕кр╣Бр╕ер╕░р╕кр╕Фр╣Гр╕к р╣Др╕бр╣Ир╕Чр╕│р╣Гр╕лр╣Йр╕гр╕╣р╕Вр╕╕р╕бр╕Вр╕Щр╕нр╕╕р╕Фр╕Хр╕▒р╕Щ р╕Ыр╣Йр╕нр╕Зр╕Бр╕▒р╕Щр╣Бр╕Фр╕Фр╣Др╕Фр╣Йр╕нр╕вр╣Ир╕▓р╕Зр╕бр╕╡р╕Ыр╕гр╕░р╕кр╕┤р╕Чр╕Шр╕┤р╕ар╕▓р╕Ю р╕Ыр╣Йр╕нр╕Зр╕Бр╕▒р╕Щр╣Бр╕Фр╕Фр╣Др╕Фр╣Йр╕нр╕вр╣Ир╕▓р╕Зр╕бр╕╡р╕Ыр╕гр╕░р╕кр╕┤р╕Чр╕Шр╕┤р╕ар╕▓р╕Ю
242,Kao Beauty & Personal Care,Tukta P.,5,2024-07-09,р╕кр╕┤р╕Щр╕Др╣Йр╕▓р╕кр╣Ир╕Зр╣Ар╕гр╣Зр╕зр╕зр╕зр╕зр╕зр╕з р╕Ыр╣Йр╕нр╕Зр╕Бр╕▒р╕Щр╣Бр╕Фр╕Ф р╕кр╕╣р╕З р╕Кр╣Ир╕зр╕вр╣Ар╕Хр╕гр╕╡р╕вр╕бр╕Ьр╕┤р╕зр╣Гр╕лр╣Йр╕Юр╕гр╣Йр╕нр╕бр╕кр╕│р╕лр╕гр╕▒р╕Ър╕Бр╕▓р╕гр╣Бр╕Хр╣Ир╕Зр╕лр╕Щр╣Йр╕▓ р╣Ар╕Щр╕╡р╕вр╕Щр╣Ар╕гр╕╡р╕вр╕Ър╣Бр╕ер╕░р╕Фр╕╣р╕Шр╕гр╕гр╕бр╕Кр╕▓р╕Хр╕┤ р╣Ар╕лр╕бр╕▓р╕░р╕кр╕│р╕лр╕гр╕▒р╕Ър╣Гр╕Кр╣Йр╕Чр╕╕р╕Бр╕зр╕▒р╕Щ
243,Kao Beauty & Personal Care,PenkaeтАЛ T.,5,2024-06-28,р╕Чр╕│р╣Гр╕лр╣Йр╕Ьр╕┤р╕зр╕Фр╕╣р╣Ар╕Щр╕╡р╕вр╕Щр╣Ар╕гр╕╡р╕вр╕Ъ р╣Др╕бр╣Ир╕Чр╕│р╣Гр╕лр╣Йр╕гр╕╣р╕Вр╕╕р╕бр╕Вр╕Щр╕нр╕╕р╕Фр╕Хр╕▒р╕Щ р╣Ар╕Ър╕▓р╕Ър╕▓р╕Зр╣Бр╕ер╕░р╣Др╕бр╣Ир╕бр╕▒р╕Щ р╕Ыр╣Йр╕нр╕Зр╕Бр╕▒р╕Щр╣Бр╕Фр╕Ф р╕кр╕╣р╕З р╣Гр╕Кр╣Йр╕Зр╣Ир╕▓р╕вр╣Бр╕ер╕░р╣Ар╕Бр╕ер╕╡р╣Ир╕вр╕Зр╣Ир╕▓р╕в р╣Ар╕Щр╕╖р╣Йр╕нр╕кр╕▒р╕бр╕Ьр╕▒р╕кр╕Щр╕╕р╣Ир╕бр╕кр╕Ър╕▓р╕в
244,Kao Beauty & Personal Care,р╕Ю***.,5,2024-05-25,р╣Др╕Фр╣Йр╕гр╕▒р╕Ър╕Вр╕нр╕Зр╣Ар╕гр╕╡р╕вр╕Ър╕гр╣Йр╕нр╕вр╣Бр╕ер╣Йр╕зр╕Др╣Ир╕░р╕кр╕┤р╕Щр╕Др╣Йр╕▓р╕кр╣Ир╕Зр╕бр╕▓р╣Др╕з 2 р╕зр╕▒р╕Щр╕Бр╣Зр╣Др╕Фр╣Йр╕гр╕▒р╕Ър╕Вр╕нр╕Зр╣Бр╕ер╣Йр╕зр╕Лр╕╖р╣Йр╕н 1 р╣Бр╕Цр╕б 1 р╣Ар╕Ыр╣Зр╕Щр╣Бр╕Юр╣Зр╕Др╕Др╕╣р╣Ир╕гр╕▓р╕Др╕▓р╕Бр╣Зр╣Гр╕Кр╣Йр╣Др╕Фр╣Йр╕Др╣Ир╕░р╕Бр╕ер╕▓р╕Зр╣Жр╣Др╕бр╣Ир╕Цр╕╣р╕Бр╣Др╕бр╣Ир╣Бр╕Юр╕З
245,Kao Beauty & Personal Care,р╕кр╕зр╕ер╕▒р╕Бр╕йр╕Ур╣М р╣А.,5,2024-06-04,р╣Ар╕Ър╕▓р╕Ър╕▓р╕Зр╣Бр╕ер╕░р╣Др╕бр╣Ир╕бр╕▒р╕Щ р╕Кр╣Ир╕зр╕вр╣Ар╕Хр╕гр╕╡р╕вр╕бр╕Ьр╕┤р╕зр╣Гр╕лр╣Йр╕Юр╕гр╣Йр╕нр╕бр╕кр╕│р╕лр╕гр╕▒р╕Ър╕Бр╕▓р╕гр╣Бр╕Хр╣Ир╕Зр╕лр╕Щр╣Йр╕▓ р╣Ар╕Щр╕╡р╕вр╕Щр╣Ар╕гр╕╡р╕вр╕Ър╣Бр╕ер╕░р╕Фр╕╣р╕Шр╕гр╕гр╕бр╕Кр╕▓р╕Хр╕┤ р╕Чр╕│р╣Гр╕лр╣Йр╕Ьр╕┤р╕зр╕Фр╕╣р╕Бр╕гр╕░р╕Ир╣Ир╕▓р╕Зр╣Гр╕кр╣Бр╕ер╕░р╕кр╕Фр╣Гр╕к
246,Kao Beauty & Personal Care,р╕ар╕▓р╕зр╕┤р╕Ур╕╡ р╕Ю.,5,2024-05-02,р╕Кр╣Ир╕зр╕вр╣Ар╕Хр╕гр╕╡р╕вр╕бр╕Ьр╕┤р╕зр╣Гр╕лр╣Йр╕Юр╕гр╣Йр╕нр╕бр╕кр╕│р╕лр╕гр╕▒р╕Ър╕Бр╕▓р╕гр╣Бр╕Хр╣Ир╕Зр╕лр╕Щр╣Йр╕▓ р╕Чр╕│р╣Гр╕лр╣Йр╕Ьр╕┤р╕зр╕Фр╕╣р╕Бр╕гр╕░р╕Ир╣Ир╕▓р╕Зр╣Гр╕кр╣Бр╕ер╕░р╕кр╕Фр╣Гр╕к р╣Ар╕Щр╕╖р╣Йр╕нр╕кр╕▒р╕бр╕Ьр╕▒р╕кр╕Щр╕╕р╣Ир╕бр╕кр╕Ър╕▓р╕в р╣Гр╕Кр╣Йр╕Зр╣Ир╕▓р╕вр╣Бр╕ер╕░р╣Ар╕Бр╕ер╕╡р╣Ир╕вр╕Зр╣Ир╕▓р╕в
247,Kao Beauty & Personal Care,р╕И***.,5,2024-05-03,р╕Др╕╕р╕Ур╕ар╕▓р╕Юр╕Фр╕╡р╕Чр╕▓р╣Бр╕ер╣Йр╕зр╣Ар╕лр╕бр╕╖р╕нр╕Щр╕Ир╕░р╕бр╕▒р╕Щр╣Бр╕Хр╣Ир╕Чр╕┤р╣Йр╕Зр╣Др╕зр╣Йр╕кр╕▒р╕Бр╕Др╕гр╕╣р╣Ир╕Ир╕░р╣Ар╕гр╕┤р╣Ир╕бр╣Бр╕лр╣Йр╕З р╣Ар╕Щр╕╖р╣Йр╕нр╕кр╕▒р╕бр╕Ьр╕▒р╕кр╣Ар╕лр╕ер╕зр╕Хр╣Йр╕нр╕Зр╣Ар╕Вр╕вр╣Ир╕▓р╕Бр╣Ир╕нр╕Щр╣Гр╕Кр╣Й р╕Ыр╕гр╕░р╕кр╕┤р╕Чр╕Шр╕┤р╕ар╕▓р╕Юр╕Щр╣Ир╕▓р╕Ир╕░р╕Фр╕╡ 50
248,Kao Beauty & Personal Care,M***B,5,2024-05-04,р╣Ар╕Щр╕╡р╕вр╕Щр╣Ар╕гр╕╡р╕вр╕Ър╣Бр╕ер╕░р╕Фр╕╣р╕Шр╕гр╕гр╕бр╕Кр╕▓р╕Хр╕┤ р╣Др╕бр╣Ир╕Чр╕│р╣Гр╕лр╣Йр╕Ьр╕┤р╕зр╕Фр╕╣р╕Вр╕▓р╕зр╣Бр╕ер╕░р╕лр╕бр╕нр╕З р╕Вр╕Щр╕▓р╕Фр╣Ар╕ер╣Зр╕Бр╕кр╕░р╕Фр╕зр╕Бр╕Хр╕┤р╕Фр╕Хр╕▒р╕з р╕Чр╕│р╣Гр╕лр╣Йр╕Ьр╕┤р╕зр╕Фр╕╣р╕Бр╕гр╕░р╕Ир╣Ир╕▓р╕Зр╣Гр╕кр╣Бр╕ер╕░р╕кр╕Фр╣Гр╕к
249,Kao Beauty & Personal Care,Kratai T.,5,2024-04-10,р╣Ар╕лр╕бр╕▓р╕░р╕кр╕│р╕лр╕гр╕▒р╕Ър╣Гр╕Кр╣Йр╕Чр╕╕р╕Бр╕зр╕▒р╕Щ р╕Ыр╣Йр╕нр╕Зр╕Бр╕▒р╕Щр╣Бр╕Фр╕Фр╣Др╕Фр╣Йр╕нр╕вр╣Ир╕▓р╕Зр╕бр╕╡р╕Ыр╕гр╕░р╕кр╕┤р╕Чр╕Шр╕┤р╕ар╕▓р╕Ю р╕Ыр╣Йр╕нр╕Зр╕Бр╕▒р╕Щр╕гр╕▒р╕Зр╕кр╕╡ р╕Щр╕▓р╕Щр╕Щр╕▒р╕Ър╕Кр╕▒р╣Ир╕зр╣Вр╕бр╕З р╣Гр╕Кр╣Йр╕Зр╣Ир╕▓р╕вр╣Бр╕ер╕░р╣Ар╕Бр╕ер╕╡р╣Ир╕вр╕Зр╣Ир╕▓р╕в
250,Kao Beauty & Personal Care,RAPEEPAN,5,2024-08-10,р╕кр╕┤р╕Щр╕Др╣Йр╕▓р╣Др╕Фр╣Йр╕Др╕╕р╕Ур╕ар╕▓р╕Юр╕Вр╕нр╕Зр╣Бр╕Чр╣Й р╕Ир╕▒р╕Фр╕кр╣Ир╕Зр╣Бр╕Юр╣Зр╕Др╣Ар╕Бр╕Ир╕Фр╕╡р╕бр╕▓р╕Б р╕бр╕╡р╕Вр╕нр╕Зр╣Бр╕Цр╕бр╕бр╕▓р╣Гр╕лр╣Йр╕Фр╣Йр╕зр╕вр╕кр╕┤р╕Щр╕Др╣Йр╕▓р╕Др╕гр╕Ър╕Цр╣Йр╕зр╕Щр╕Цр╕╣р╕Бр╕Хр╣Йр╕нр╕Зр╕Хр╕▓р╕бр╕Чр╕╡р╣Ир╕кр╕▒р╣Ир╕З
251,Kao Beauty & Personal Care,р╕Ф***р╕Щ,5,2024-07-02,р╣Ар╕Щр╕╡р╕вр╕Щр╣Ар╕гр╕╡р╕вр╕Ър╣Бр╕ер╕░р╕Фр╕╣р╕Шр╕гр╕гр╕бр╕Кр╕▓р╕Хр╕┤ р╣Др╕бр╣Ир╕Чр╕│р╣Гр╕лр╣Йр╕Ьр╕┤р╕зр╕Фр╕╣р╕Вр╕▓р╕зр╣Бр╕ер╕░р╕лр╕бр╕нр╕З р╕Вр╕Щр╕▓р╕Фр╣Ар╕ер╣Зр╕Бр╕кр╕░р╕Фр╕зр╕Бр╕Хр╕┤р╕Фр╕Хр╕▒р╕з р╣Ар╕Ър╕▓р╕Ър╕▓р╕Зр╣Бр╕ер╕░р╣Др╕бр╣Ир╕бр╕▒р╕Щ
252,Kao Beauty & Personal Care,р╕з***.,5,2024-03-27,р╣Др╕Фр╣Йр╕гр╕▓р╕Др╕▓р╕Фр╕╡р╕Др╕╕р╣Йр╕бр╕Др╣Ир╕▓р╕гр╕▓р╕Др╕▓р╕Фр╕╡р╕Чр╕╡р╣Ир╕кр╕╕р╕Фр╣Ар╕ер╕вр╕Ир╕▒р╕Фр╕Ър╣Ир╕нр╕вр╣Жр╕Щр╕Юр╕Др╕░р╣Др╕Фр╣Йр╕гр╕▓р╕Др╕▓р╕Фр╕╡р╕Др╕╕р╣Йр╕бр╕Др╣Ир╕▓р╕гр╕▓р╕Др╕▓р╕Фр╕╡р╕Чр╕╡р╣Ир╕кр╕╕р╕Фр╣Ар╕ер╕вр╕Ир╕▒р╕Фр╕Ър╣Ир╕нр╕вр╣Жр╕Щр╕Юр╕Др╕░
253,Kao Beauty & Personal Care,р╕Щр╕▓р╕вр╕Ур╕▒р╕Рр╕Юр╕Зр╕Др╣МтАЛ р╕Щ.,5,2024-03-31,р╕Чр╕│р╣Гр╕лр╣Йр╕Ьр╕┤р╕зр╕Фр╕╣р╕Бр╕гр╕░р╕Ир╣Ир╕▓р╕Зр╣Гр╕кр╣Бр╕ер╕░р╕кр╕Фр╣Гр╕к р╣Др╕бр╣Ир╕Чр╕│р╣Гр╕лр╣Йр╕Ьр╕┤р╕зр╕Фр╕╣р╕Вр╕▓р╕зр╣Бр╕ер╕░р╕лр╕бр╕нр╕З р╕нр╣Ир╕нр╕Щр╣Вр╕вр╕Щр╕Хр╣Ир╕нр╕Ьр╕┤р╕з р╕Вр╕Щр╕▓р╕Фр╣Ар╕ер╣Зр╕Бр╕кр╕░р╕Фр╕зр╕Бр╕Хр╕┤р╕Фр╕Хр╕▒р╕з р╕Кр╣Ир╕зр╕вр╣Ар╕Хр╕гр╕╡р╕вр╕бр╕Ьр╕┤р╕зр╣Гр╕лр╣Йр╕Юр╕гр╣Йр╕нр╕бр╕кр╕│р╕лр╕гр╕▒р╕Ър╕Бр╕▓р╕гр╣Бр╕Хр╣Ир╕Зр╕лр╕Щр╣Йр╕▓
254,Kao Beauty & Personal Care,Ning M.,5,2023-10-14,р╕Ыр╣Йр╕нр╕Зр╕Бр╕▒р╕Щр╣Бр╕кр╕Зр╣Бр╕Фр╕Фр╕Чр╕╡р╣Ир╕Фр╕╡р╕бр╕▓р╕Б р╣Ар╕Щр╕╖р╣Йр╕нр╕Щр╕╕р╣Ир╕бр╣Бр╕ер╕░р╕кр╕Ър╕▓р╕вр╕Хр╣Ир╕нр╕Ьр╕┤р╕з р╕Ыр╣Йр╕нр╕Зр╕Бр╕▒р╕Щр╕Щр╕▓р╕Щр╕Щр╕▒р╕Ър╕Кр╕▒р╣Ир╕зр╣Вр╕бр╕З р╣Др╕бр╣Ир╕Чр╕│р╣Гр╕лр╣Йр╕Ьр╕┤р╕зр╕Вр╕▓р╕зр╣Бр╕ер╕░р╣Ар╕лр╕бр╕╖р╕нр╕Щр╕лр╕Щр╣Йр╕▓р╕лр╕бр╕╢р╕Б р╕нр╣Ир╕нр╕Щр╣Вр╕вр╕Щр╕Хр╣Ир╕нр╕Ьр╕┤р╕зр╕Чр╕╡р╣Ир╕бр╕╡р╕Др╕зр╕▓р╕бр╣Др╕зр╕Хр╣Ир╕нр╕кр╕┤р╣Ир╕Зр╣Бр╕Ыр╕ер╕Бр╕Ыр╕ер╕нр╕б р╕нр╣Ир╕нр╕Щр╣Вр╕вр╕Щр╕Хр╣Ир╕нр╕Ьр╕┤р╕зр╕Чр╕╡р╣Ир╕бр╕╡р╕Др╕зр╕▓р╕бр╣Др╕зр╕Хр╣Ир╕нр╕кр╕┤р╣Ир╕Зр╣Бр╕Ыр╕ер╕Бр╕Ыр╕ер╕нр╕б
255,Kao Beauty & Personal Care,Kevalin G.,5,2024-07-23,р╕Ыр╣Йр╕нр╕Зр╕Бр╕▒р╕Щр╣Бр╕Фр╕Ф р╕кр╕╣р╕З р╕Ыр╣Йр╕нр╕Зр╕Бр╕▒р╕Щр╣Бр╕Фр╕Фр╣Др╕Фр╣Йр╕нр╕вр╣Ир╕▓р╕Зр╕бр╕╡р╕Ыр╕гр╕░р╕кр╕┤р╕Чр╕Шр╕┤р╕ар╕▓р╕Ю р╣Ар╕Щр╕╡р╕вр╕Щр╣Ар╕гр╕╡р╕вр╕Ър╣Бр╕ер╕░р╕Фр╕╣р╕Шр╕гр╕гр╕бр╕Кр╕▓р╕Хр╕┤
256,Kao Beauty & Personal Care,T***y,5,2023-08-28,р╕кр╕┤р╕Щр╕Др╣Йр╕▓р╕Фр╕╡ р╕кр╣Ир╕Зр╣Др╕з р╕Хр╕гр╕Зр╕Ыр╕Б р╕гр╕▓р╕Др╕▓р╣Др╕бр╣Ир╣Бр╕Юр╕З р╕зр╕▒р╕кр╕Фр╕╕р╣Вр╕нр╣Ар╕Д р╕кр╣Ир╕Зр╣Др╕зр╣Бр╕ер╕░р╕гр╕зр╕Фр╣Ар╕гр╣Зр╕з р╕Цр╣Йр╕▓р╕бр╕╡р╕Др╕гр╕▒р╣Йр╕Зр╕лр╕Щр╣Йр╕▓ р╕бр╕╡р╕Лр╕╖р╣Йр╕нр╕Хр╣Ир╕нр╣Бр╕Щр╣Ир╕Щр╕нр╕Щ р╕Кр╕нр╕Ър╕бр╕▓р╕Б
257,Kao Beauty & Personal Care,M***K,5,2023-06-22,р╕Др╕╕р╕Ур╕ар╕▓р╕Юр╕Вр╕нр╕Зр╕кр╕┤р╕Щр╕Др╣Йр╕▓р╕Фр╕╡ р╕бр╕╡р╕Др╕зр╕▓р╕бр╕Др╕╕р╣Йр╕бр╕Др╣Ир╕▓ р╣Гр╕Кр╣Йр╕Зр╕▓р╕Щр╣Др╕Фр╣Йр╕Фр╕╡ р╣Бр╕Юр╣Зр╕Др╕кр╕┤р╕Щр╕Др╣Йр╕▓р╕бр╕▓р╕Фр╕╡ р╕Бр╕ер╣Ир╕нр╕Зр╕бр╕▓р╣Гр╕Щр╕кр╕ар╕▓р╕Юр╣Др╕бр╣Ир╕Фр╕╡ р╣Бр╕Хр╣И р╣Др╕бр╣Ир╕бр╕╡р╕нр╕░р╣Др╕гр╣Ар╕кр╕╡р╕вр╕лр╕▓р╕в р╣Др╕Фр╣Йр╕Др╕гр╕Ър╕Чр╕╕р╕Бр╕Кр╕┤р╣Йр╕Щр╕Хр╕▓р╕бр╕Чр╕╡р╣Ир╕кр╕▒р╣Ир╕З р╕Ир╕▒р╕Фр╕кр╣Ир╕Зр╣Ар╕гр╣Зр╕зр╕Фр╕╡р╕Др╣Ир╕░ р╕Юр╕Щр╕Зр╕Ир╕▒р╕Фр╕кр╣Ир╕Зр╕Фр╕╡ р╕бр╕╡р╣Вр╕Чр╕гр╕бр╕▓р╣Бр╕Ир╣Йр╕Зр╕Бр╣Ир╕нр╕Щр╕кр╣Ир╕Зр╕Фр╣Йр╕зр╕вр╕Др╣Ир╕░
258,Kao Beauty & Personal Care,Jirachada T.,5,2024-06-18,р╕кр╣Ир╕Зр╣Ар╕гр╣Зр╕зр╕бр╕▓р╕Б р╕гр╕▓р╕Др╕▓р╕Фр╕╡р╕бр╕▓р╕Б р╣Гр╕Кр╣Йр╣Вр╕Др╣Йр╕Фр╕ер╕Фр╣Др╕Фр╣Йр╕нр╕╡р╕Б р╕Др╕╕р╣Йр╕бр╕бр╕▓р╕Б
259,Kao Beauty & Personal Care,Numphung J.,5,2024-03-28,р╕нр╕вр╣Ир╕▓р╕Зр╕Фр╕╡р╕бр╕▓р╕Б р╕гр╕▓р╕Др╕▓р╕Фр╕╡р╕бр╕▓р╕Б р╣Бр╕Щр╕░р╕Щр╕│р╣Ар╕ер╕вр╕Щр╕░р╕Др╕░
260,Kao Beauty & Personal Care,W***.,5,2024-01-14,р╕Кр╣Ир╕зр╕вр╣Ар╕Хр╕гр╕╡р╕вр╕бр╕Ьр╕┤р╕зр╣Гр╕лр╣Йр╕Юр╕гр╣Йр╕нр╕бр╕кр╕│р╕лр╕гр╕▒р╕Ър╕Бр╕▓р╕гр╣Бр╕Хр╣Ир╕Зр╕лр╕Щр╣Йр╕▓ р╕Ыр╣Йр╕нр╕Зр╕Бр╕▒р╕Щр╣Бр╕Фр╕Ф р╕кр╕╣р╕З р╣Ар╕лр╕бр╕▓р╕░р╕кр╕│р╕лр╕гр╕▒р╕Ър╣Гр╕Кр╣Йр╕Чр╕╕р╕Бр╕зр╕▒р╕Щ р╣Ар╕лр╕бр╕▓р╕░р╕кр╕│р╕лр╕гр╕▒р╕Ър╣Гр╕Кр╣Йр╕Чр╕╕р╕Бр╕зр╕▒р╕Щ
261,Kao Beauty & Personal Care,8***6,5,2024-01-08,р╕Др╕╕р╕Ур╕ар╕▓р╕Ю р╕Хр╣Йр╕нр╕Зр╕ер╕нр╕Зр╣Гр╕Кр╣Йр╕Др╣Ир╕░ р╣Ар╕Щр╕╖р╣Йр╕нр╕кр╕▒р╕бр╕Ьр╕▒р╕к р╕Щр╕╕р╣Ир╕бр╕Др╣Ир╕░ р╕Ыр╕гр╕░р╕кр╕┤р╕Чр╕Шр╕┤р╕ар╕▓р╕Ю р╕Хр╣Йр╕нр╕Зр╕Хр╕┤р╕Фр╕Хр╕▓р╕бр╕Др╣Ир╕░р╣Бр╕Др╣Ир╕Бр╕▓р╕гр╕Лр╕╢р╕бр╕Лр╕▒р╕Ър╣Ар╕гр╣Зр╕зр╕Др╣Ир╕░
262,Kao Beauty & Personal Care,T***y,5,2023-04-30,р╕кр╕┤р╕Щр╕Др╣Йр╕▓р╕Фр╕╡ р╕кр╣Ир╕Зр╣Др╕з р╕Хр╕гр╕Зр╕Ыр╕Б р╕гр╕▓р╕Др╕▓р╣Др╕бр╣Ир╣Бр╕Юр╕З р╕зр╕▒р╕кр╕Фр╕╕р╣Вр╕нр╣Ар╕Д р╕кр╣Ир╕Зр╣Др╕зр╣Бр╕ер╕░р╕гр╕зр╕Фр╣Ар╕гр╣Зр╕з р╕Цр╣Йр╕▓р╕бр╕╡р╕Др╕гр╕▒р╣Йр╕Зр╕лр╕Щр╣Йр╕▓ р╕бр╕╡р╕Лр╕╖р╣Йр╕нр╕Хр╣Ир╕нр╣Бр╕Щр╣Ир╕Щр╕нр╕Щ р╕Кр╕нр╕Ър╕бр╕▓р╕Б
263,Kao Beauty & Personal Care,P***.,5,2024-01-07,р╕Чр╕▓р╕Зр╕гр╣Йр╕▓р╕Щр╣Бр╕Юр╣Зр╕Др╕кр╕┤р╕Щр╕Др╣Йр╕▓р╕бр╕▓р╕Фр╕╡ р╕Ир╕▒р╕Фр╕кр╣Ир╕Зр╕гр╕зр╕Фр╣Ар╕гр╣Зр╕з р╣Др╕Фр╣Йр╕Вр╕нр╕Зр╕Цр╕╣р╕Бр╕Хр╣Йр╕нр╕Зр╕Др╕гр╕Ър╕Цр╣Йр╕зр╕Щ р╣Бр╕Хр╣Ир╕Бр╕ер╣Ир╕нр╕Зр╕бр╕╡р╕гр╣Ир╕нр╕Зр╕гр╕нр╕вр╕Цр╕╣р╕Бр╣Ар╕Ир╕▓р╕░
264,Kao Beauty & Personal Care,р╕Щр╕др╕бр╕┤р╕Хр╕г р╕л.,5,2024-02-05,р╕Др╕гр╕╡р╕бр╕Др╕╕р╕Ур╕ар╕▓р╕Юр╕Фр╕╡ р╣Бр╕Юр╣Зр╕Др╕Фр╕╡р╕кр╣Ир╕Зр╣Др╕з р╕Вр╕нр╕Зр╣Бр╕Чр╣Йр╣Бр╕Щр╣Ир╕Щр╕нр╕Щ
265,Kao Beauty & Personal Care,р╕Б***.,5,2024-03-04,р╕Др╕╕р╕Ур╕ар╕▓р╕Ю р╕Фр╕╡ р╣Ар╕Кр╕╖р╣Ир╕нр╕бр╕▒р╣Ир╕Щр╣Бр╕Ър╕гр╕Щр╕Фр╣Мр╕Щр╕╡р╣Й
266,Kao Beauty & Personal Care,P***l,5,2023-11-27,р╣Ар╕Ър╕▓р╕Ър╕▓р╕Зр╣Бр╕ер╕░р╣Др╕бр╣Ир╕бр╕▒р╕Щ р╣Ар╕Щр╕╡р╕вр╕Щр╣Ар╕гр╕╡р╕вр╕Ър╣Бр╕ер╕░р╕Фр╕╣р╕Шр╕гр╕гр╕бр╕Кр╕▓р╕Хр╕┤ р╣Др╕бр╣Ир╕Чр╕│р╣Гр╕лр╣Йр╕Ьр╕┤р╕зр╕Фр╕╣р╕Вр╕▓р╕зр╣Бр╕ер╕░р╕лр╕бр╕нр╕З р╕Чр╕│р╣Гр╕лр╣Йр╕Ьр╕┤р╕зр╕Фр╕╣р╣Ар╕Щр╕╡р╕вр╕Щр╣Ар╕гр╕╡р╕вр╕Ъ
267,Kao Beauty & Personal Care,Nathatai M.,5,2024-08-18,р╣Ар╕Щр╕╖р╣Йр╕нр╕кр╕▒р╕бр╕Ьр╕▒р╕кр╣Ар╕гр╕╡р╕вр╕Ър╣Ар╕Щр╕╡р╕вр╕Щр╣Бр╕ер╕░р╕кр╕Ър╕▓р╕в р╕Бр╕▓р╕гр╕Ыр╣Йр╕нр╕Зр╕Бр╕▒р╕Щ р╕кр╕╣р╕З р╕Ыр╣Йр╕нр╕Зр╕Бр╕▒р╕Щр╕гр╕▒р╕Зр╕кр╕╡ р╕Щр╕▓р╕Щр╕Щр╕▒р╕Ър╕Кр╕▒р╣Ир╕зр╣Вр╕бр╕З р╕Бр╕▓р╕гр╕Ыр╕Бр╕Ыр╣Йр╕нр╕Зр╕Ир╕▓р╕Бр╣Бр╕кр╕Зр╣Бр╕Фр╕Фр╕Чр╕╡р╣Ир╕бр╕╡р╕Ыр╕гр╕░р╕кр╕┤р╕Чр╕Шр╕┤р╕ар╕▓р╕Ю р╕Лр╕╖р╣Йр╕нр╕Хр╕нр╕Щр╕Ир╕▒р╕Фр╣Вр╕Ыр╕гр╕Др╕╕р╣Йр╕бр╕Др╣Ир╕▓р╕бр╕▓р╕Бр╕Др╣Ир╕░
268,Kao Beauty & Personal Care,nnp,5,2023-09-17,р╣Др╕Фр╣Йр╕гр╕▒р╕Ър╕кр╕┤р╕Щр╕Др╣Йр╕▓ р╣Бр╕ер╣Йр╕зр╕Щр╕░ р╕Хр╣Йр╕нр╕Зр╣Др╕Ыр╕ер╕нр╕Зр╣Гр╕Кр╣Йр╕Бр╣Ир╕нр╕Щр╕зр╣Ир╕▓р╕Фр╕╡р╕бр╕▒р╣Йр╕вр╕вр╕в р╣Бр╕Хр╣Ир╣Др╕Фр╣Йр╕бр╕▓р╕Хр╕нр╕Щр╕ер╕Фр╕гр╕▓р╕Др╕▓р╣Бр╕ер╕░р╣Др╕Фр╣Йр╕гр╕▒р╕Ъ р╕Др╕╖р╕Щ 15 р╕Цр╕╖р╕нр╕зр╣Ир╕▓р╕Др╕╕р╣Йр╕бр╕Др╣Ир╕▓
269,Kao Beauty & Personal Care,N***t,5,2023-07-16,р╣Др╕бр╣Ир╕гр╕╣р╣Йр╕зр╣Ир╕▓р╕Ьр╕┤р╕Фр╕нр╕░р╣Др╕гр╕лр╕гр╕╖р╕нр╣Ар╕Ыр╕ер╣Ир╕▓ р╕лр╕гр╕╖р╕нр╕зр╣Ир╕▓р╕Лр╕╖р╣Йр╕нр╣Ар╕вр╕нр╕░р╣Ар╕ер╕вр╕бр╕╡р╕Вр╕нр╕Зр╣Бр╕Цр╕бр╕бр╕▓р╕нр╕╡р╕Бр╕кр╕нр╕Зр╕Вр╕зр╕Ф р╕Вр╕нр╕Ър╕Др╕╕р╕Ур╕бр╕▓р╕Бр╕Др╣Ир╕░ р╣Ар╕бр╕╖р╣Ир╕н 77 р╕Чр╕Фр╕ер╕нр╕Зр╕Лр╕╖р╣Йр╕н1р╕Вр╕зр╕Ф р╣Бр╕Хр╣Ир╕Юр╕нр╕ер╕нр╕Зр╣Гр╕Кр╣Йр╣Бр╕ер╣Йр╕з р╣Гр╕Кр╣Йр╕Фр╕╡р╕бр╕▓р╕Б р╕Лр╕╢р╕бр╣Ар╕Вр╣Йр╕▓р╣Др╕Ыр╣Гр╕Щр╕Ьр╕┤р╕зр╕лр╕Щр╣Йр╕▓р╣Ар╕гр╣Зр╕зр╕бр╕▓р╕Б р╕Чр╕│р╣Гр╕лр╣Йр╕лр╕Щр╣Йр╕▓р╕Вр╕▓р╕зр╕Вр╕╢р╣Йр╕Щ р╣Гр╕кр╕Вр╕╢р╣Йр╕Щ р╕Бр╣Зр╣Ар╕ер╕вр╕кр╕▒р╣Ир╕Зр╕бр╕▓р╕нр╕╡р╕Б р╣Бр╕Юр╕Др╕Др╕╣р╣И р╕кр╕нр╕Зр╕Др╕╣р╣И р╣Ар╕бр╕╖р╣Ир╕н157 р╣Ар╕Ыр╣Зр╕Щр╕Вр╕нр╕Зр╣Гр╕лр╕бр╣И р╣Бр╕ер╕░р╕гр╕▓р╕Др╕▓р╕Хр╕Б р╕Вр╕зр╕Фр╕ер╕░ 65 р╣Вр╕нр╣Йр╕вр╕вр╕вр╕Ър╣Йр╕▓р╣Др╕Ыр╣Бр╕ер╣Йр╕з р╕кр╣Ир╕Зр╕Вр╕нр╕Зр╣Ар╕гр╣Зр╕зр╕бр╕▓р╕Б р╕кр╕▒р╣Ир╕З15 р╕кр╣Ир╕З16
270,Kao Beauty & Personal Care,р╕Бр╕▒р╕ер╕вр╕▓,5,2023-09-11,р╕кр╣Ир╕Зр╕Кр╣Йр╕▓р╕Щр╕┤р╕Фр╕лр╕Щр╣Ир╕нр╕вр╣Бр╕Хр╣Ир╕Хр╕▓р╕бр╕Бр╕│р╕лр╕Щр╕Фр╕Др╣Ир╕░ р╕Фр╕╡р╕кр╣Ир╕Зр╕Кр╣Йр╕▓р╕Щр╕┤р╕Фр╕лр╕Щр╣Ир╕нр╕вр╣Бр╕Хр╣Ир╕Хр╕▓р╕бр╕Бр╕│р╕лр╕Щр╕Фр╕Др╣Ир╕░ р╕Фр╕╡р╕кр╣Ир╕Зр╕Кр╣Йр╕▓р╕Щр╕┤р╕Фр╕лр╕Щр╣Ир╕нр╕вр╣Бр╕Хр╣Ир╕Хр╕▓р╕бр╕Бр╕│р╕лр╕Щр╕Фр╕Др╣Ир╕░ р╕Фр╕╡
271,Kao Beauty & Personal Care,р╕Ю***.,5,2023-03-14,р╣Др╕Фр╣Йр╕гр╕▒р╕Ър╕кр╕┤р╕Щр╕Др╣Йр╕▓р╣Бр╕ер╣Йр╕зр╕Др╣Ир╕░ р╕Бр╕▓р╕гр╕Ир╕▒р╕Фр╕кр╣Ир╕Зр╕кр╕┤р╕Щр╕Др╣Йр╕▓р╕кр╕░р╕Фр╕зр╕Бр╕гр╕зр╕Фр╣Ар╕гр╣Зр╕з р╕Ър╕гр╕гр╕Ир╕╕р╣Бр╕Юр╣Зр╕Др╕кр╕┤р╕Щр╕Др╣Йр╕▓р╕бр╕▓р╣Ар╕гр╕╡р╕вр╕Ър╕гр╣Йр╕нр╕вр╣Бр╕Щр╣Ир╕Щр╕лр╕Щр╕▓р╕Фр╕╡ р╕Др╕╕р╕Ур╕ар╕▓р╕Юр╕кр╕┤р╕Щр╕Др╣Йр╕▓р╣Ар╕лр╕бр╕▓р╕░р╕кр╕бр╕Хр╣Ир╕нр╕гр╕▓р╕Др╕▓р╕Др╣Ир╕░
272,Kao Beauty & Personal Care,PenkaeтАЛ T.,5,2024-02-06,р╕Бр╕▒р╕Щр╣Бр╕Фр╕Фр╕Щр╣Йр╕│р╕Щр╕б р╣Гр╕Кр╣Й р╣Вр╕Ыр╕г 22 р╣Бр╕Юр╕Др╕Фр╕╡ р╕кр╣Ир╕Зр╣Др╕з р╣Гр╕Кр╣Йр╕Ыр╕гр╕░р╕Ир╕│р╕Бр╕▒р╕Щр╣Бр╕Фр╕Фр╕Ър╕┤р╣Вр╕н р╣Гр╕Кр╣Йр╕Фр╕╡р╕Чр╕╕р╕Бр╣Бр╕Ър╕Ър╕Др╣Ир╕░
273,Kao Beauty & Personal Care,A***.,5,2024-02-13,р╕Чр╕│р╣Гр╕лр╣Йр╕Ьр╕┤р╕зр╕Фр╕╣р╕Бр╕гр╕░р╕Ир╣Ир╕▓р╕Зр╣Гр╕кр╣Бр╕ер╕░р╕кр╕Фр╣Гр╕к р╣Ар╕Щр╕╡р╕вр╕Щр╣Ар╕гр╕╡р╕вр╕Ър╣Бр╕ер╕░р╕Фр╕╣р╕Шр╕гр╕гр╕бр╕Кр╕▓р╕Хр╕┤ р╕Вр╕Щр╕▓р╕Фр╣Ар╕ер╣Зр╕Бр╕кр╕░р╕Фр╕зр╕Бр╕Хр╕┤р╕Фр╕Хр╕▒р╕з
274,Kao Beauty & Personal Care,Gandhi B.,5,2023-12-19,р╕Кр╣Ир╕зр╕вр╕Ыр╕Бр╕Ыр╣Йр╕нр╕Зр╕Ир╕▓р╕Бр╣Бр╕кр╕Зр╣Бр╕Фр╕Фр╕кр╕╣р╕З р╕кр╕┤р╕Щр╕Др╣Йр╕▓р╕бр╕╡р╕Др╕╕р╕Ур╕ар╕▓р╕Ю р╕Лр╕╖р╣Йр╕нр╕бр╕▓р╕лр╕ер╕▓р╕вр╕Др╕гр╕▒р╣Йр╕Зр╕лр╕ер╕▓р╕вр╕нр╕вр╣Ир╕▓р╕З р╣Др╕бр╣Ир╣Ар╕Др╕вр╕кр╣Ир╕Зр╕Вр╕нр╕Зр╕Ьр╕┤р╕Ф р╕гр╕▓р╕Др╕▓р╕Фр╕╡р╕Кр╣Ир╕зр╕З 1212 р╕бр╕╡р╕Вр╕нр╕Зр╣Бр╕Цр╕б
275,Kao Beauty & Personal Care,р╕з***.,5,2023-11-28,р╕кр╕┤р╕Щр╕Др╣Йр╕▓р╕Др╕╕р╕Ур╕ар╕▓р╕Юр╕Фр╕╡р╕бр╕▓р╕Б р╕Ир╕▒р╕Фр╕кр╣Ир╕Зр╣Др╕Фр╣Йр╕гр╕зр╕Фр╣Ар╕гр╣Зр╕з р╕кр╕┤р╕Щр╕Др╣Йр╕▓р╕Чр╕╡р╣Ир╣Др╕Фр╣Йр╕Др╣Ир╕нр╕вр╕Вр╣Йр╕▓р╕Зр╣Др╕Бр╕ер╣Ар╕ер╕в р╣Ар╕Др╕вр╣Гр╕Кр╣Й р╕зр╕Фр╕╡р╣Ар╕ер╕вр╕Лр╕╖р╣Йр╕нр╕Лр╣Йр╕│р╕гр╕нр╕Ър╕Чр╕╡р╣И34 р╕Щр╕│р╣Ар╕ер╕в р╕Лр╕╖р╣Йр╕нр╕Кр╣Ир╕зр╕Зр╕Чр╕╡р╣Ир╕бр╕╡р╣Вр╕Ыр╕гр╕Др╕╖р╕нр╣Ар╕Фр╣Зр╕Фр╕кр╕╕р╕Ф р╕Др╣Ир╕▓р╕гр╕▓р╕Др╕▓р╕Фр╕╡р╕Др╕╕р╣Йр╕бр╕бр╕▓р╕Б
276,Kao Beauty & Personal Care,p***g,5,2023-03-10,р╣Др╕Фр╣Йр╕гр╕▒р╕Ър╕кр╕┤р╕Щр╕Др╣Йр╕▓р╣Ар╕гр╕╡р╕вр╕Ър╕гр╣Йр╕нр╕вр╕Др╣Ир╕░ р╕кр╕▒р╣Ир╕З 33 р╕гр╕▒р╕Ър╕зр╕▒р╕Щр╕Чр╕╡р╣И 10 р╕гр╕▓р╕Др╕▓р╕Цр╕╣р╕Б 4 р╕Вр╕зр╕Ф 600 р╕Ър╕▓р╕Ч р╣Др╕Фр╣Йр╣Ар╕Зр╕┤р╕Щр╕Др╕╖р╕Щ 300 р╕Ър╕▓р╕Чр╣Бр╕Щр╣Ир╕░ р╕Фр╕╡р╕бр╕▓р╕Б
277,Kao Beauty & Personal Care,BenzтАЭRujira,5,2024-01-10,р╕Ыр╣Йр╕нр╕Зр╕Бр╕▒р╕Щр╣Бр╕Фр╕Фр╣Др╕Фр╣Йр╕нр╕вр╣Ир╕▓р╕Зр╕бр╕╡р╕Ыр╕гр╕░р╕кр╕┤р╕Чр╕Шр╕┤р╕ар╕▓р╕Ю р╣Ар╕Щр╕╖р╣Йр╕нр╕кр╕▒р╕бр╕Ьр╕▒р╕кр╕Щр╕╕р╣Ир╕бр╕кр╕Ър╕▓р╕в р╣Ар╕лр╕бр╕▓р╕░р╕кр╕│р╕лр╕гр╕▒р╕Ър╣Гр╕Кр╣Йр╕Чр╕╕р╕Бр╕зр╕▒р╕Щ р╕Ыр╣Йр╕нр╕Зр╕Бр╕▒р╕Щр╣Бр╕Фр╕Ф р╕кр╕╣р╕З
278,Kao Beauty & Personal Care,р╕н***.,5,2023-12-29,р╕Ыр╣Йр╕нр╕Зр╕Бр╕▒р╕Щр╣Бр╕Фр╕Фр╣Др╕Фр╣Йр╕нр╕вр╣Ир╕▓р╕Зр╕бр╕╡р╕Ыр╕гр╕░р╕кр╕┤р╕Чр╕Шр╕┤р╕ар╕▓р╕Ю р╣Ар╕Ър╕▓р╕Ър╕▓р╕Зр╣Бр╕ер╕░р╣Др╕бр╣Ир╕бр╕▒р╕Щ р╣Гр╕Кр╣Йр╕Зр╣Ир╕▓р╕вр╣Бр╕ер╕░р╣Ар╕Бр╕ер╕╡р╣Ир╕вр╕Зр╣Ир╕▓р╕в р╣Ар╕Щр╕╖р╣Йр╕нр╕кр╕▒р╕бр╕Ьр╕▒р╕кр╕Щр╕╕р╣Ир╕бр╕кр╕Ър╕▓р╕в
279,Kao Beauty & Personal Care,р╕Щр╕┤р╕Хр╕вр╕▓ р╕Б.,5,2023-12-22,р╣Др╕Фр╣Йр╕гр╕▒р╕Ър╕Вр╕нр╕З р╕Др╕╕р╕Ур╕ар╕▓р╕Юр╣Вр╕Фр╕вр╕гр╕зр╕бр╣Вр╕нр╣Ар╕Др╕Фр╕╡р╕Др╣Ир╕░ р╣Др╕бр╣Ир╣Ар╕кр╕╡р╕вр╕лр╕▓р╕в р╣Бр╕Юр╣Зр╕Др╕кр╕┤р╕Щр╕Др╣Йр╕▓р╕бр╕▓р╕нр╕вр╣Ир╕▓р╕Зр╕Фр╕╡
280,Kao Beauty & Personal Care,M***.,5,2023-09-11,р╣Гр╕Кр╣Йр╕Фр╕╡ р╕кр╣Ир╕Зр╣Др╕з
281,Kao Beauty & Personal Care,р╣В***.,5,2023-10-28,р╕Фр╕╡ р╕Фр╕╡ р╕Фр╕╡
282,Kao Beauty & Personal Care,S***i,5,2024-03-18,р╕Др╕╕р╕Ур╕ар╕▓р╕Ю р╕Фр╕╡р╕бр╕▓р╕Бр╕Бр╕Бр╕Бр╕Бр╕Бр╕Бр╕Бр╕Бр╕Бр╕Бр╕Бр╕Бр╕Бр╕Бр╕Бр╕Бр╕Бр╕Б р╕Др╕╕р╣Йр╕бр╕Др╣Ир╕▓ р╣Ар╕Щр╕╖р╣Йр╕нр╕кр╕▒р╕бр╕Ьр╕▒р╕к р╣Ар╕Ър╕▓р╕кр╕Ър╕▓р╕вр╕вр╕вр╕вр╕вр╕вр╕вр╕вр╕Ьр╕┤р╕зр╕зр╕зр╕зр╕зр╕зр╕зр╕зр╕зр╕зр╕зр╕зр╕з р╣Гр╕Кр╣Йр╕Зр╣Ир╕▓р╕вр╕вр╕вр╕вр╕вр╕в р╕Ыр╕гр╕░р╕кр╕┤р╕Чр╕Шр╕┤р╕ар╕▓р╕Ю р╕Бр╕▒р╕Щр╣Бр╕Фр╕Фр╣Др╕Фр╣Йр╕Фр╕╡ р╕Ьр╕┤р╕зр╕Фр╕╣р╕Ьр╣Ир╕нр╕Зр╕Зр╕Зр╕Зр╕Зр╕Зр╕З р╣Др╕бр╣Ир╕Вр╕▓р╕зр╕зр╕нр╕Б
283,Kao Beauty & Personal Care,р╕Вр╕Щр╕┤р╕йр╕Рр╕▓ р╕Й.,5,2024-09-25,р╕Чр╕│р╣Гр╕лр╣Йр╕Ьр╕┤р╕зр╕Фр╕╣р╕кр╕зр╣Ир╕▓р╕Зр╣Бр╕ер╕░р╣Ар╕Ыр╕ер╣Ир╕Зр╕Ыр╕ер╕▒р╣Ир╕З р╕Вр╕Щр╕▓р╕Фр╕Чр╕╡р╣Ир╣Ар╕лр╕бр╕▓р╕░р╕Бр╕▒р╕Ър╕Бр╕▓р╕гр╣Ар╕Фр╕┤р╕Щр╕Чр╕▓р╕З р╕Вр╕Щр╕▓р╕Фр╕Чр╕╡р╣Ир╣Ар╕лр╕бр╕▓р╕░р╕Бр╕▒р╕Ър╕Бр╕▓р╕гр╣Ар╕Фр╕┤р╕Щр╕Чр╕▓р╕З р╣Др╕бр╣Ир╕нр╕╕р╕Фр╕Хр╕▒р╕Щр╕гр╕╣р╕Вр╕╕р╕бр╕Вр╕Щ р╕Зр╣Ир╕▓р╕вр╕Хр╣Ир╕нр╕Бр╕▓р╕гр╕Чр╕▓р╣Бр╕ер╕░р╕Ьр╕кр╕б р╕Бр╕▓р╕гр╕Ыр╕Бр╕Ыр╣Йр╕нр╕Зр╕Ир╕▓р╕Бр╣Бр╕кр╕Зр╣Бр╕Фр╕Фр╕Чр╕╡р╣Ир╕бр╕╡р╕Ыр╕гр╕░р╕кр╕┤р╕Чр╕Шр╕┤р╕ар╕▓р╕Ю
284,Kao Beauty & Personal Care,р╕л***р╕З,5,2024-05-16,р╣Ар╕Щр╕╡р╕вр╕Щр╣Ар╕гр╕╡р╕вр╕Ър╣Бр╕ер╕░р╕Фр╕╣р╕Шр╕гр╕гр╕бр╕Кр╕▓р╕Хр╕┤ р╣Гр╕Кр╣Йр╕Зр╣Ир╕▓р╕вр╣Бр╕ер╕░р╣Ар╕Бр╕ер╕╡р╣Ир╕вр╕Зр╣Ир╕▓р╕в р╣Ар╕Щр╕╖р╣Йр╕нр╕кр╕▒р╕бр╕Ьр╕▒р╕кр╕Щр╕╕р╣Ир╕бр╕кр╕Ър╕▓р╕в р╣Др╕бр╣Ир╕Чр╕│р╣Гр╕лр╣Йр╕Ьр╕┤р╕зр╕Фр╕╣р╕Вр╕▓р╕зр╣Бр╕ер╕░р╕лр╕бр╕нр╕З р╕нр╣Ир╕нр╕Щр╣Вр╕вр╕Щр╕Хр╣Ир╕нр╕Ьр╕┤р╕з р╣Ар╕Ър╕▓р╕Ър╕▓р╕Зр╣Бр╕ер╕░р╣Др╕бр╣Ир╕бр╕▒р╕Щ р╕Вр╕Щр╕▓р╕Фр╣Ар╕ер╣Зр╕Бр╕кр╕░р╕Фр╕зр╕Бр╕Хр╕┤р╕Фр╕Хр╕▒р╕з р╕Ыр╣Йр╕нр╕Зр╕Бр╕▒р╕Щр╣Бр╕Фр╕Фр╣Др╕Фр╣Йр╕нр╕вр╣Ир╕▓р╕Зр╕бр╕╡р╕Ыр╕гр╕░р╕кр╕┤р╕Чр╕Шр╕┤р╕ар╕▓р╕Ю
285,Kao Beauty & Personal Care,р╕з***.,5,2024-04-06,р╣Гр╕Кр╣Йр╕Зр╣Ир╕▓р╕вр╣Бр╕ер╕░р╣Ар╕Бр╕ер╕╡р╣Ир╕вр╕Зр╣Ир╕▓р╕в р╕Чр╕│р╣Гр╕лр╣Йр╕Ьр╕┤р╕зр╕Фр╕╣р╣Ар╕Щр╕╡р╕вр╕Щр╣Ар╕гр╕╡р╕вр╕Ъ р╕Ыр╣Йр╕нр╕Зр╕Бр╕▒р╕Щр╣Бр╕Фр╕Ф р╕кр╕╣р╕З р╣Др╕бр╣Ир╕Чр╕│р╣Гр╕лр╣Йр╕Ьр╕┤р╕зр╕Фр╕╣р╕Вр╕▓р╕зр╣Бр╕ер╕░р╕лр╕бр╕нр╕З р╕Кр╣Ир╕зр╕вр╣Ар╕Хр╕гр╕╡р╕вр╕бр╕Ьр╕┤р╕зр╣Гр╕лр╣Йр╕Юр╕гр╣Йр╕нр╕бр╕кр╕│р╕лр╕гр╕▒р╕Ър╕Бр╕▓р╕гр╣Бр╕Хр╣Ир╕Зр╕лр╕Щр╣Йр╕▓ р╣Ар╕лр╕бр╕▓р╕░р╕кр╕│р╕лр╕гр╕▒р╕Ър╣Гр╕Кр╣Йр╕Чр╕╕р╕Бр╕зр╕▒р╕Щ
286,Kao Beauty & Personal Care,Numphung J.,5,2024-06-24,р╕кр╣Ир╕Зр╣Др╕зр╕бр╕▓р╕Б р╕кр╕▒р╣Ир╕Зр╣Бр╕Хр╣Ир╕гр╣Йр╕▓р╕Щр╕Щр╕░р╕Др╕░ р╕бр╕▒р╣Ир╕Щр╣Гр╕И
287,Kao Beauty & Personal Care,р╕нр╕гр╕гр╕Др╕Юр╕▒р╕Щр╕Шр╣М р╕Ч.,5,2023-04-12,р╣Др╕Фр╣Йр╕гр╕▒р╕Ър╕кр╕┤р╕Щр╕Др╣Йр╕▓р╕Цр╕╣р╕Бр╕Хр╣Йр╕нр╕Зр╕Хр╕гр╕Зр╕Хр╕▓р╕бр╕нр╕нр╣Ар╕Фр╕нр╕гр╣Мр╕Др╕гр╕▒р╕Ъ р╕Чр╕▒р╣Йр╕Зр╕Вр╕Щр╕▓р╕Фр╣Бр╕ер╕░р╕кр╕╡р╕Вр╕нр╕Зр╕кр╕┤р╕Щр╕Др╣Йр╕▓ р╕Бр╕▓р╕гр╕Ир╕▒р╕Фр╕кр╣Ир╕Зр╕гр╕зр╕Фр╣Ар╕гр╣Зр╕зр╕Фр╕╡ р╕Др╕╕р╕Ур╕ар╕▓р╕Юр╕Вр╕нр╕Зр╕кр╕┤р╕Щр╕Др╣Йр╕▓р╕Ир╕▒р╕Фр╕зр╣Ир╕▓р╕Фр╕╡р╣Ар╕ер╕в р╕гр╕▓р╕Др╕▓р╣Ар╕лр╕бр╕▓р╕░р╕кр╕бр╕Цр╕╣р╕Бр╕Бр╕зр╣Ир╕▓р╕Чр╣Йр╕нр╕Зр╕Хр╕ер╕▓р╕Ф р╣Вр╕Фр╕вр╕гр╕зр╕бр╣Бр╕ер╣Йр╕зр╕Цр╕╖р╕нр╕зр╣Ир╕▓р╣Вр╕нр╣Ар╕Др╕Щр╕░р╕Др╕гр╕▒р╕Ъ р╕Юр╕╢р╕Зр╕Юр╕нр╣Гр╕Ир╣Гр╕Щр╕Хр╕▒р╕зр╕кр╕┤р╕Щр╕Др╣Йр╕▓ р╕Чр╕▒р╣Йр╕Зр╕Др╕╕р╕Ур╕ар╕▓р╕Юр╣Бр╕ер╕░р╕гр╕▓р╕Др╕▓ р╕Вр╕нр╕Ър╕Др╕╕р╕Ур╕бр╕▓р╕Бр╕Др╕гр╕▒р╕Ъ
288,Kao Beauty & Personal Care,S***.,5,2023-03-31,р╕Др╕╕р╕Ур╕ар╕▓р╕Юр╕Фр╕╡ р╣Ар╕Щр╕╖р╣Йр╕нр╕кр╕▒р╕бр╕Ьр╕▒р╕кр╕Фр╕╡ р╕Ыр╕гр╕░р╕кр╕┤р╕Чр╕Шр╕┤р╕ар╕▓р╕Юр╕Фр╕╡ р╣Др╕Фр╣Йр╕гр╕▒р╕Ър╕кр╕┤р╕Щр╕Др╣Йр╕▓р╕Хр╕▓р╕бр╕Чр╕╡р╣Ир╕кр╕▒р╣Ир╕Зр╕Лр╕╖р╣Йр╕нр╣Др╕Ы р╣Др╕Фр╣Йр╕гр╕▒р╕Ър╕кр╣Ир╕зр╕Щр╕ер╕Фр╣Бр╕ер╣Йр╕зр╕вр╕▒р╕Зр╣Др╕Фр╣Йр╣Ар╕Др╕гр╕Фр╕┤р╕Хр╣Ар╕Зр╕┤р╕Щр╕Др╕╖р╕Щр╕Фр╣Йр╕зр╕вр╕Др╕╕р╣Йр╕бр╕Др╣Ир╕▓р╕бр╕▓р╕Б р╣Ар╕ер╕вр╕Др╣Ир╕░
289,Kao Beauty & Personal Care,р╕з***.,5,2024-02-27,р╕Фр╕╡р╕кр╣Ир╕Зр╣Ар╕гр╣Зр╕зр╕зр╕зр╕зр╕зр╕зр╕зр╕зр╕зр╕зр╕зр╕зр╕зр╕зр╕зр╕зр╕зр╕зр╕зр╕зр╕Зр╕Зр╕зр╕зр╕зр╕зр╕зр╕зр╕зр╕зр╕зр╕зр╕зр╕зр╕зр╕зр╕зр╕зр╕зр╕зр╕зр╕зр╕зр╕зр╕зр╕зр╕зр╕зр╕зр╕зр╕зр╕зр╕зр╕зр╕зр╕зр╕зр╕зр╕зр╕зр╕зр╕зр╕зр╕зр╕зр╕зр╕зр╕зр╕зр╕зр╕зр╕зр╕з
290,Kao Beauty & Personal Care,P***.,5,2023-11-14,р╕кр╕┤р╕Щр╕Др╣Йр╕▓р╕Фр╕╡р╕Хр╕гр╕Зр╕Ыр╕Бр╕Хр╕▓р╕бр╕кр╕▒р╣Ир╕Зр╕Ър╕гр╕┤р╕Бр╕▓р╕гр╕Бр╕▓р╕гр╕кр╣Ир╕Зр╕гр╕зр╕Фр╣Ар╕гр╣Зр╕зр╣Бр╕ер╕░р╕Фр╕╡
291,Kao Beauty & Personal Care,Pearl M.,5,2023-07-18,р╕кр╣Ир╕Зр╣Ар╕гр╣Зр╕зр╕бр╕▓р╕Б р╕Лр╕╖р╣Йр╕нр╣Бр╕Ър╕Ър╣Бр╕Юр╣Зр╕Др╕Др╕╣р╣Ир╕гр╕▓р╕Др╕▓р╕Фр╕╡
292,Kao Beauty & Personal Care,T***i,5,2023-06-27,р╕Бр╕Чр╕б р╕Щр╕Др╕гр╕кр╕зр╕гр╕гр╕Др╣М р╕Юр╕┤р╕йр╕Ур╕╕р╣Вр╕ер╕Б р╣Бр╕Юр╕гр╣И р╕Щр╣Ир╕▓р╕Щр╕Хр╕▒р╕зр╣Ар╕бр╕╖р╕нр╕З р╕Юр╕▒р╕Бр╕Др╕╖р╕Щр╕Чр╕╡р╣И 1 р╕Хр╕▒р╕зр╣Ар╕бр╕╖р╕нр╕Зр╣Др╕Фр╣Йр╕Др╕гр╕╢р╣Ир╕Зр╕зр╕▒р╕Щр╕лр╕▓р╕Бр╕Др╕Щр╕Вр╕▒р╕Ър╣Др╕бр╣Ир╣Ар╕лр╕Щр╕╖р╣Ир╕нр╕в р╕зр╕▒р╕Щр╕Чр╕╡р╣Ир╕кр╕нр╕Зр╕нр╕нр╕Бр╣Ар╕Кр╣Йр╕▓р╕Вр╕╢р╣Йр╕Щр╕Чр╕▓р╕Зр╕кр╕▒р╕Щр╕Хр╕┤р╕кр╕╕р╕В р╣Бр╕зр╕░р╕Бр╕┤р╣Ир╕Зр╕бр╣Ир╕зр╕З р╕Цр╕Щр╕Щр╣Ар╕ер╕В3 р╕Фр╕нр╕вр╕Бр╕зр╣Ир╕▓р╕З р╕Юр╕гр╕░р╕Хр╕│р╕лр╕Щр╕▒р╕Бр╕ар╕╣р╕Яр╣Йр╕▓ р╣Ар╕Чр╕╡р╣Ир╕вр╕зр╕Ър╣Ир╕нр╣Ар╕Бр╕ер╕╖р╕н р╕лр╕▓р╕Бр╕бр╕╡р╣Ар╕зр╕ер╕▓р╣Гр╕лр╣Йр╣Ар╕Чр╕╡р╣Ир╕вр╕з р╕кр╕░р╕Ыр╕▒р╕Щр╕Хр╕нр╕Щр╣Ар╕вр╣Зр╕Щр╣Ар╕ер╕в р╕Юр╕▒р╕Бр╕Чр╕╡р╣Ир╕кр╕░р╕Ыр╕▒р╕Щ р╣Бр╕Щр╕░р╕Щр╕│р╕Фр╕нр╕вр╕нр╕┤р╕Зр╕Фр╕▓р╕з р╕лр╕гр╕╖р╕нр╕Кр╕нр╕Ър╕Бр╕▓р╕Зр╣Ар╕Хр╣Йр╕Щ р╕ер╣Йр╕▓р╕Щр╕лр╕вр╕╕р╕Фр╣Ар╕зр╕ер╕▓р╕зр╕▒р╕Фр╕кр╕░р╕Ыр╕▒р╕Щ р╕зр╕▒р╕Щр╕кр╕▓р╕бр╕нр╕нр╕Бр╣Ар╕Кр╣Йр╕▓р╕Бр╕ер╕▒р╕Ър╕Чр╕▓р╕Зр╕Фр╕нр╕вр╕ар╕╣р╕Др╕▓ р╕Кр╕бр╕Ир╕╕р╕Фр╕Кр╕бр╕зр╕┤р╕з 1715
293,Kao Beauty & Personal Care,р╕Ы***.,5,2023-06-13,р╣Гр╕Кр╣Йр╣Ар╕зр╕ер╕▓р╕кр╣Ир╕Зр╕Юр╕нр╕кр╕бр╕Др╕зр╕г р╕Ър╕гр╕гр╕Ир╕╕р╕ар╕▒р╕Ур╕Ср╣Мр╕бр╕▓р╣Гр╕Щр╕Бр╕ер╣Ир╕нр╕З р╣Гр╕кр╣Ир╕Бр╕▒р╕Щр╕Бр╕гр╕░р╣Бр╕Чр╕Б р╣Бр╕Кр╕бр╕Юр╕╣р╕Хр╕┤р╕Фр╕кр╕Бр╣Зр╕нр╕Хр╣Ар╕Чр╕Ыр╕Бр╕▒р╕Щр╕лр╕Б р╣Бр╕Кр╕бр╕Юр╕╣р╣Бр╕Яр╕Лр╣Ир╕▓р╕кр╕гр╕░р╕кр╕░р╕нр╕▓р╕Ф р╣Др╕бр╣Ир╣Бр╕Юр╣Й р╕Др╕Щр╕Чр╕╡р╣Ир╕Ър╣Йр╕▓р╕Щр╕Вр╕нр╕Ъ р╕Фр╕╡р╕бр╕▓р╕Б р╣Гр╕Кр╣Йр╕бр╕▓р╕Щр╕▓р╕Щ р╕Др╕гр╕╡р╕бр╣Гр╕Кр╣Йр╕Фр╕╡р╕бр╕▓р╕Б р╕гр╣Йр╕▓р╕Щр╕Щр╕╡р╣Йр╕гр╕▓р╕Др╕▓р╣Ар╕лр╕бр╕▓р╕░р╕кр╕б р╕бр╕╡р╣Гр╕Ър╕Бр╕│р╕Бр╕▒р╕Ър╕ар╕▓р╕йр╕╡р╣Бр╕Щр╕Ър╕бр╕▓р╣Гр╕лр╣Йр╕Фр╣Йр╕зр╕в 5р╕Фр╕▓р╕зр╕Др╣Ир╕░
294,Kao Beauty & Personal Care,р╕Щ***.,5,2023-09-13,р╣Гр╕Кр╣Ир╕Фр╕╡р╕Ир╕╢р╕Зр╣Гр╕Кр╣Ир╕Ыр╕гр╕░р╕Ир╕│
295,Kao Beauty & Personal Care,N***.,5,2024-02-11,р╕нр╣Ир╕нр╕Щр╣Вр╕вр╕Щр╕Хр╣Ир╕нр╕Ьр╕┤р╕з р╣Ар╕лр╕бр╕▓р╕░р╕кр╕│р╕лр╕гр╕▒р╕Ър╣Гр╕Кр╣Йр╕Чр╕╕р╕Бр╕зр╕▒р╕Щ р╕Чр╕│р╣Гр╕лр╣Йр╕Ьр╕┤р╕зр╕Фр╕╣р╣Ар╕Щр╕╡р╕вр╕Щр╣Ар╕гр╕╡р╕вр╕Ъ р╕Вр╕Щр╕▓р╕Фр╣Ар╕ер╣Зр╕Бр╕кр╕░р╕Фр╕зр╕Бр╕Хр╕┤р╕Фр╕Хр╕▒р╕з р╣Гр╕Кр╣Йр╕Зр╣Ир╕▓р╕вр╣Бр╕ер╕░р╣Ар╕Бр╕ер╕╡р╣Ир╕вр╕Зр╣Ир╕▓р╕в
296,Kao Beauty & Personal Care,N***.,5,2024-03-29,р╕Др╕╕р╕Ур╕ар╕▓р╕Юр╕Фр╕╡р╕бр╕▓р╕Б р╣Гр╕Кр╣Йр╣Бр╕ер╣Йр╕зр╕лр╕Щр╣Йр╕▓р╣Гр╕к р╕Ьр╣Ир╕нр╕З р╕Лр╕▒р╕Ър╕лр╕Щр╣Йр╕▓р╣Бр╕ер╣Йр╕зр╕лр╕Щр╣Йр╕▓р╕вр╕┤р╣Ир╕Зр╕Ьр╣Ир╕нр╕З р╣Др╕бр╣Ир╕бр╕▒р╕Щ р╕Бр╕▒р╕Щр╣Бр╕Фр╕Фр╣Др╕Фр╣Йр╕Фр╕╡р╕бр╕▓р╕Б р╕гр╕▓р╕Др╕▓р╕Фр╕╡р╕Зр╕▓р╕б
297,Kao Beauty & Personal Care,Aaleeb,1,2023-03-11,р╕Др╕ер╕▒р╕Зр╕кр╕┤р╕Щр╕Др╣Йр╕▓р╕Др╕▓р╣Вр╕н р╕Чр╕│р╕Зр╕▓р╕Щр╣Бр╕вр╣Ир╕бр╕▓р╕Бр╕Бр╕Бр╕Бр╕Б р╕кр╣Ир╕Зр╕Вр╕нр╕Зр╕Кр╣Йр╕▓р╕бр╕▓р╕Бр╕Бр╕Бр╕лр╕Цр╕╢р╕Зр╕бр╕▓р╕Бр╕Бр╕Бр╕Чр╕╡р╣Ир╕кр╕╕р╕Фр╕Кр╣Йр╕▓р╕бр╕▓р╕Бр╕Бр╕Бр╕Бр╕Бр╕Бр╕Бр╕Бр╕Бр╕Бр╕Бр╕Бр╕Бр╕Бр╕Бр╕Бр╕Бр╕Бр╕Бр╕Бр╕Б
298,Kao Beauty & Personal Care,р╕з***.,5,2024-08-14,р╣Гр╕лр╣Йр╕Ьр╕┤р╕зр╕Чр╕╡р╣Ир╕Фр╕╣р╣Ар╕Ыр╣Зр╕Щр╕Шр╕гр╕гр╕бр╕Кр╕▓р╕Хр╕┤ р╕Зр╣Ир╕▓р╕вр╕Хр╣Ир╕нр╕Бр╕▓р╕гр╕Чр╕▓р╣Бр╕ер╕░р╕Ьр╕кр╕б р╣Гр╕лр╣Йр╕Рр╕▓р╕Щр╕Чр╕╡р╣Ир╣Ар╕гр╕╡р╕вр╕Ър╣Ар╕Щр╕╡р╕вр╕Щр╕кр╕│р╕лр╕гр╕▒р╕Ър╕Бр╕▓р╕гр╣Бр╕Хр╣Ир╕Зр╕лр╕Щр╣Йр╕▓ р╕Щр╣Йр╕│р╕лр╕Щр╕▒р╕Бр╣Ар╕Ър╕▓р╣Бр╕ер╕░р╣Др╕бр╣Ир╕бр╕▒р╕Щр╣Ар╕вр╕┤р╣Йр╕б р╣Ар╕лр╕бр╕▓р╕░р╕кр╕│р╕лр╕гр╕▒р╕Ър╕Бр╕▓р╕гр╣Гр╕Кр╣Йр╕Зр╕▓р╕Щр╕Чр╕╕р╕Бр╕зр╕▒р╕Щ
299,Kao Beauty & Personal Care,р╕Бр╕▒р╕ер╕вр╕▓ р╣А.,5,2023-08-17,р╕Бр╕▒р╕Щр╣Бр╕Фр╕Фр╕Др╕╕р╕Ур╕ар╕▓р╕Юр╕Фр╕╡р╕бр╕▓р╕Б р╣Ар╕Щр╕╖р╣Йр╕нр╕кр╕▒р╕бр╕Ьр╕▒р╕кр╕Щр╕╕р╣Ир╕б р╕Ыр╕гр╕░р╕кр╕┤р╕Чр╕Шр╕┤р╕ар╕▓р╕Юр╕Фр╕╡р╕бр╕▓р╕Б р╕Др╕░ р╕Юр╕Щр╕▒р╕Бр╕Вр╕Щр╕кр╣Ир╕Зр╕бр╕╡р╕Бр╕▓р╣Бр╕Ир╣Йр╕Зр╕ер╣Ир╕зр╕Зр╕лр╕Щр╣Йр╕▓р╕Фр╕╡р╕бр╕▓р╕Бр╕Др╕░
300,Kao Beauty & Personal Care,р╣Ар╕Кр╕ер╕З,5,2024-03-26,р╕кр╕┤р╕Щр╕Др╣Йр╕▓р╕Кр╣Ир╕зр╕Зр╕Ир╕▒р╕Фр╣Вр╕Ыр╕г р╕гр╕▓р╕Др╕▓р╕Др╕╖р╕нр╕Фр╕╡р╕бр╕▓р╕Б1р╣Бр╕Цр╕б1р╕нр╕╡р╕Фр╕Хр╣Ир╕▓р╕Зр╕лр╕▓р╕Б р╕Бр╕▓р╕гр╕Ир╕▒р╕Фр╕кр╣Ир╕Зр╕гр╕зр╕Фр╣Ар╕гр╣Зр╕зр╕бр╕▓р╕Бр╕кр╕▒р╣Ир╕Зр╕бр╕▓р╕лр╕ер╕▓р╕вр╕Кр╕┤р╣Йр╕Щр╣Вр╕Фр╕вр╣Ар╕Йр╕Юр╕▓р╕░р╕Бр╕▒р╕Щр╣Бр╕Фр╕Фр╕Чр╕╡р╣И1р╣Бр╕Цр╕б1 р╣Бр╕ер╕░р╕вр╕▒р╕Зр╕бр╕╡р╣Бр╕Цр╕бр╕Щр╣Йр╕│р╕вр╕▓р╕вр╣Йр╕нр╕бр╕кр╕╡р╕Ьр╕бр╕бр╕▓р╣Ар╕Юр╕┤р╣Ир╕бр╣Гр╕лр╣Йр╕нр╕╡р╕Б р╕Бр╕▒р╕Щр╣Бр╕Фр╕Фр╕Хр╕▒р╕зр╕Щр╕╡р╣Йр╣Ар╕Ыр╣Зр╕Щр╕Щр╣Йр╕│р╣Др╕бр╣Ир╣Гр╕Кр╣Ир╕Др╕гр╕╡р╕б р╕Чр╕▓р╣Бр╕ер╣Йр╕зр╕Ир╕░р╕нр╕нр╕Бр╕бр╕▒р╕Щ р╕Кр╣Ир╕зр╕Зр╣Бр╕гр╕Бр╣Бр╕ер╕░р╕Лр╕╢р╕бр╕лр╕▓р╕вр╣Др╕Ы
301,Kao Beauty & Personal Care,P***.,5,2024-01-07,р╕Чр╕▓р╕Зр╕гр╣Йр╕▓р╕Щр╣Бр╕Юр╣Зр╕Др╕кр╕┤р╕Щр╕Др╣Йр╕▓р╕бр╕▓р╕Фр╕╡ р╕Ир╕▒р╕Фр╕кр╣Ир╕Зр╕гр╕зр╕Фр╣Ар╕гр╣Зр╕з р╣Др╕Фр╣Йр╕Вр╕нр╕Зр╕Цр╕╣р╕Бр╕Хр╣Йр╕нр╕Зр╕Др╕гр╕Ър╕Цр╣Йр╕зр╕Щ р╣Бр╕Хр╣Ир╕Бр╕ер╣Ир╕нр╕Зр╕бр╕╡р╕гр╣Ир╕нр╕Зр╕гр╕нр╕вр╕Цр╕╣р╕Бр╣Ар╕Ир╕▓р╕░
302,Kao Beauty & Personal Care,W***.,5,2024-01-14,р╕Кр╣Ир╕зр╕вр╣Ар╕Хр╕гр╕╡р╕вр╕бр╕Ьр╕┤р╕зр╣Гр╕лр╣Йр╕Юр╕гр╣Йр╕нр╕бр╕кр╕│р╕лр╕гр╕▒р╕Ър╕Бр╕▓р╕гр╣Бр╕Хр╣Ир╕Зр╕лр╕Щр╣Йр╕▓ р╕Ыр╣Йр╕нр╕Зр╕Бр╕▒р╕Щр╣Бр╕Фр╕Ф р╕кр╕╣р╕З р╣Ар╕лр╕бр╕▓р╕░р╕кр╕│р╕лр╕гр╕▒р╕Ър╣Гр╕Кр╣Йр╕Чр╕╕р╕Бр╕зр╕▒р╕Щ р╣Ар╕лр╕бр╕▓р╕░р╕кр╕│р╕лр╕гр╕▒р╕Ър╣Гр╕Кр╣Йр╕Чр╕╕р╕Бр╕зр╕▒р╕Щ
